cons_id,def_id,english,arabic
1,120454,A,ا
2,120455,A check number or claim number to identify the payment,رقم الشيك أو رقم المطالبة لتعريف الدفع
3,120456,A claim must be selected to enable this menu.,يجب تحديد مطالبة لتمكين هذه القائمة.
4,120457,A client certificate for the admin user,شهادة عميل للمستخدم المشرف
5,120458,A Clinical Decision Rule is patient specific information that is filtered and presented at appropriate times to enhance health and health care,قاعدة القرار السريرية هي معلومة خاصة بالمريض يتم تصفيتها وتقديمها في الأوقات المناسبة لتعزيز الصحة والرعاية الصحية
6,120459,A clinical document is attached,تم إرفاق وثيقة طبية
7,120460,A clinical document is attached.,تم إرفاق وثيقة طبية.
8,120461,A code of this type is already selected. Erase the field first if you need to replace it.,تم تحديد رمز من هذا النوع بالفعل. امسح الحقل أولاً إذا كنت بحاجة إلى استبداله.
9,120462,A dated reminder message can be either forwarded by clicking the Forward button or removed from the dated reminders list by clicking on the Set As Completed button,"يمكن إعادة توجيه رسالة تذكير مؤرخة بالنقر فوق الزر ""إعادة توجيه"" أو إزالتها من قائمة التذكيرات المؤرخة بالنقر فوق الزر ""تعيين كمنتهى"""
10,120463,A dedicated security key needs to be purchased,يلزم شراء مفتاح أمان مخصص
11,120464,A default code is optional as the needed code can be entered at the time of placing the actual order,يعد الرمز الافتراضي اختياريًا حيث يمكن إدخال الرمز المطلوب في وقت تقديم الطلب الفعلي
12,120465,A detailed guide on how to enable and setup a Clinical Decision rule is found here,يوجد دليل مفصل حول كيفية تمكين وإعداد قاعدة القرار السريرية هنا
13,120466,A distributor is required,مطلوب موزع
14,120467,A due date can be specified or a specific time period can be chosen for the dated reminder to to show up,يمكن تحديد تاريخ استحقاق أو يمكن اختيار فترة زمنية محددة حتى يظهر التذكير المؤرخ
15,120468,A few words to indicate the reason for the visit,بضع كلمات للإشارة إلى سبب الزيارة
16,120469,A followup appointment can also be scheduled right from the fee sheet.,يمكن أيضًا تحديد موعد للمتابعة مباشرةً من ورقة المصاريف.
17,120470,A GCAC visit form should be added to this visit.,ينبغي اضافة استمارة الزيارة لهذه الزيارة
18,120471,"A HL7 v2.x message simply consists of several lines of text, each line is called a segment and is further divided into fields by using the pipe (|) character",تتكون رسالة HL7 v2.x ببساطة من عدة أسطر من النص ، ويطلق على كل سطر اسم مقطع ويتم تقسيمه إلى مزيد من الحقول باستخدام حرف الأنبوب (|)
19,120472,A large application like openEMR is used by a multitude of users with varying roles and degrees of responsibility. It is imperative that access to various parts of the program be granted to users on a need to know basis. To achieve this - Access Control Lists (ACL) are used.,يتم استخدام تطبيق كبير مثل openEMR من قبل العديد من المستخدمين بأدوار ودرجات متفاوتة من المسؤولية. من الضروري أن يتم منح الوصول إلى أجزاء مختلفة من البرنامج للمستخدمين على أساس الحاجة إلى المعرفة. لتحقيق ذلك - يتم استخدام قوائم التحكم في الوصول (ACL).
20,120473,A lot number is required,رقم الشحنة مطلوب
21,120474,A lot number is required!,رقم الشحنة مطلوب
22,120475,A lowercase letter,حرف صغير من الأبجدية الانجليزية
23,120476,A New Appointment,موعد جديد
24,120477,A new feature helps to group frequently ordered tests so that they can be ordered together,تساعد الميزة الجديدة في تجميع الاختبارات التي يتم طلبها بشكل متكرر بحيث يمكن ترتيبها معًا
25,120478,A new message can thus be sent to a single or multiple users and/or can be about a single or multiple patients,وبالتالي يمكن إرسال رسالة جديدة إلى مستخدم واحد أو عدة مستخدمين و / أو يمكن أن تكون حول مريض واحد أو عدة مرضي
26,120479,A new patients credentials could not be sent after portal registration.,لا يمكن إرسال بيانات اعتماد جديدة للمرضى بعد تسجيل البوابة.
27,120480,A new tab sub menu will be visible at the top of the Message center page,ستظهر قائمة فرعية لعلامة تبويب جديدة أعلى صفحة مركز الرسائل
28,120481,A number,رقم
29,120482,A Patient Must Be Selected to Generate This Report,يجب اختيار مريض لإنشاء هذا التقرير
30,120483,A patient with this ID already exists.,هوية التعريف لهذا المريض موجودة مسبقاً
31,120484,A patient with this name already exists.,اسم هذا المريض موجود مسبقاً
32,120485,A patient with this SS already exists.,رقم الضمان الاجتماعي لهذا المريض موجود مسبقاً
33,120486,A Payment is Required!. Please input a payment line item entry.,مطلوب الدفع !. الرجاء إدخال بند عنصر الدفع
34,120487,"A place to document and display the patient's past medical history, family history, personal history",مكان لتوثيق وعرض التاريخ الطبي السابق للمريض وتاريخ العائلة والتاريخ الشخصي
35,120488,A popup box will alert you about success or failure,سيظهر لك مربع منبثق بشأن النجاح أو الفشل
36,120489,A positive number will show that many past appointments on a Widget in the Patient Summary screen (a negative number will show the past appointments in descending order),سيظهر الرقم الموجب العديد من المواعيد السابقة على أداة في شاشة ملخص المريض (الرقم السالب سيعرض المواعيد السابقة بترتيب تنازلي)
37,120490,A positive number will show that many past appointments on a Widget in the Patient Summary screen.,يعرض الرقم الموجب عدة مواعيد سابقة على أداة في شاشة ملخص المريض.
38,120491,A product was selected but there is no product section in this form.,تم اختيار منتج ولكن لا يوجد قسم المنتج في هذا النموذج.
39,120492,A provider or warehouse can be selected in the dropwdown box. For this option to be displayed 'Support provider in line item in fee sheet' box must be checked in Administration > Globals> Billing page," يمكن اختيار مقدم أو مستودع في القائمة المنسدلة. لكي يتم عرض هذا الخيار ""مزود تقديم الدعم في البند في صحيفة الرسوم"" يجب تحديد المربع في الإدارة> العامة> صفحة الفواتير"
40,,A quantity is required,
41,120493,A Recurring Appointment. Please contact your appointment desk for any changes.,موعد متكرر. يرجى الاتصال بمكتب المواعيد الخاص بك لأية تغييرات.
42,120494,A Referral has an additional action - to print the referral or save it as a pdf file,الإحالة لها إجراء إضافي - لطباعة الإحالة أو حفظها كملف pdf
43,120495,A Referral is the most common type of transaction,الإحالة هي أكثر أنواع المعاملات شيوعًا
44,120496,A referral source may be specified for each visit.,يمكن تحديد مصدر الإحالة عن كل زيارة
45,120497,A related IPPF code is required!,يطلب الرمز IPPF  ذو الصلة
46,120498,A secure (HTTPS) web connection is required for U2F,مطلوب اتصال ويب آمن (HTTPS) لـ U2F
47,120499,A short description of this group that will appear when you hover over the newly created group (ARO).,وصف موجز لهذه المجموعة سيظهر عند تحريك الماوس فوق المجموعة المنشأة حديثًا (ARO).
48,120500,"A short description of this group, Serum chemistry tests",وصف موجز لهذه المجموعة ، اختبارات كيمياء المصل
49,120501,A short description of this procedure or result code,وصف موجز لهذا الإجراء أو رمز النتيجة
50,,A signature is required for this document. Please sign document where required,
51,,A source lot is required,
52,120502,A special character,حرف خاص
53,120503,A standardized form called the Health Insurance Claim Form is used to submit claims,يتم استخدام نموذج موحد يسمى نموذج مطالبة التأمين الصحي لتقديم المطالبات
54,120504,"A third alternative is to scan the results and save it as a document - TIFF, JPEG or PDF in the patient's chart under documents",البديل الثالث هو مسح النتائج ضوئيًا وحفظها كمستند - TIFF أو JPEG أو PDF في مخطط المريض أسفل المستندات
55,,A two tabbed form will be revealed,
56,120505,"A unique value to identify this field, not visible to the user","قيمة لامثيل لها للتعريف بهذا الحقل ,غير مرئية للمستخدم"
57,120506,A useful start would be to obtain a paper lab slip from a few labs and look at the way the tests are organized on the lab slip,قد تكون البداية المفيدة هي الحصول على قسيمة معمل ورقي من عدد قليل من المعامل وإلقاء نظرة على الطريقة التي يتم بها تنظيم الاختبارات على قسيمة المختبر
58,,A valid UDI has not been processed yet.,
59,120507,"A visit already exists for this group today. Click Cancel to open it, or OK to proceed with creating a new one.","توجد زيارة بالفعل لهذه المجموعة اليوم. انقر فوق ""إلغاء الأمر"" لفتحه ، أو ""موافق"" لمتابعة إنشاء واحدة جديدة."
60,120508,"A visit already exists for this patient today. Click Cancel to open it, or OK to proceed with creating a new one.",الزيارة مفتوحه لهذا المريض اليوم. اضغط إلغاء لفتحها أو موافق لإنشاء زيارة جديدة
61,,A warehouse is required,
62,120509,a.c.,قبل الطعام
63,120510,a.m.,بعد الطعام
64,,A/C{{anterior chamber}},
65,120511,A/F Level Right:,الرجفان الأذيني يمين المستوى
66,,AAA Segments,
67,120512,AB,اب
68,120513,Abbreviation,اختصارات
69,120514,Abcess:,خراج
70,120515,Abdominal,بطني
71,120516,Able to Bear Weight four (4) steps:,قادر على حمل الوزن أربع خطوات
72,120517,Abn,إشعار المستفيد المسبق (اختصار)
73,,ABN is required but not signed!,
74,,ABN Status,
75,120518,ABN1,إشعار ميديكير المتقدم 1
76,120519,ABNL,غير عادي (اختصار)
77,120520,Abnormal,غير عادي
78,120521,Abnormal Blood Test,فحص دم غير عادي
79,120522,Abnormal Hair Growth,نمو شعر غير عادي
80,120523,Abnormal Mammogram,تصوير ثدي غير عادي
81,120524,Abort,ألغى
82,,Aborted since querystring hash was invalid,
83,,Aborted since unable to complete transaction,
84,,Aborted since unable to obtain token,
85,,Aborted since unable to submit transaction,
86,120525,Abortion,اجهاض
87,120526,Abortion Issues,قضايا الإجهاض
88,120527,Abortion Method,طريقة الإجهاض
89,120528,Abortion-Related Categories,الفئات المتعلقة بالإجهاض
90,120529,Abortions,اجهاضات
91,120530,About,حول
92,120531,About Portal Dashboard,حول لوحة معلومات البوابة
93,120532,About the calendar,عن المفكرة
94,120533,About Your Portal,حول بوابتك
95,120534,Above upper panic limits,فوق حدود الذعر العليا
96,120535,Absences by Diagnosis,غياب التشخيص
97,,Absolute path to node binary,
98,120536,Accept,قبول
99,120537,Accept Assignment,قبول المهمة
100,,Accept Credit Card transactions from Front Payments,
101,120538,Accept Payment,قبول الدفع
102,120539,Accept Payment for,قبول الدفع ل
103,120540,Accept Payment for ,قبول الدفع ل
104,120541,Accepts Assignment,قبول المهمة
105,120542,Access can be given to other groups by editing User Memberships or Groups and Access Controls in Administration > ACL,"يمكن منح الوصول إلى مجموعات أخرى عن طريق تحرير ""عضويات المستخدمين"" أو ""المجموعات وعناصر التحكم"" في الوصول في الإدارة> قائمة التحكم بالوصول (ACL)"
106,120543,Access Control,تحكم  بالوصول
107,120544,Access Control List Administration,ادارة قائمة التحكم بالوصول
108,120545,Access Control List Help,تعليمات قائمة التحكم بالوصول
109,120546,Access Control Lists,قوائم التحكم في الوصول
110,120547,Access core data set of patient information at the beginning of an encounter,الوصول إلى مجموعة البيانات الأساسية لمعلومات المريض في بداية اللقاء
111,120548,Access date,تاريخ الوصول
112,120549,Access denied,تم الرفض
113,120550,Access is then granted selectively to portions of the program on a need to know basis.,مُنح الوصول انتقائياً لأجزاء من البرنامج على مبدأ عُلمَ عند الحاجة.
114,120551,access not allowed,الوصول غير مسموح
115,120552,Access not allowed, الوصول غير مسموح
116,120553,Access Not Authorized,الوصول غير مرخص به
117,,Access Tokens,
118,120554,Access Your Medical Records,الوصول إلى السجلات الطبية الخاصة بك
119,120555,Access Your Patient Portal,الوصول إلى بوابة مريضكم
120,120556,Accident,حادث
121,120557,Account,الحساب
122,120558,Account Id,رقم الحساب
123,,"Account Id issued for NewCrop eRx service, used to separate multi-facility accounts.",
124,,Account Id issued for Weno eRx service.,
125,,Account Id issued for Your clinics eRx service.,
126,,Account is validated. Send new credentials?,
127,120559,Account Name,اسم الحساب
128,,Account Name issued for NewCrop eRx service.,
129,,Account Password issued for NewCrop eRx service.,
130,,Account Registration,
131,120560,Accounting,المحاسبة
132,,Accounting (acct),
133,,Accounting Transactions Export,
134,,Accounting transactions export to CSV,
135,,Accountings,
136,,Acct,
137,,ACD{{anterior chamber depth}},
138,120561,Aches,آلام
139,,Acknowledge as my Electronic Signature,
140,120562,Acknowledgment Requested (ISA14),إشعار بإلاستلام  (ISA14)
141,120563,"Acknowledgments, Licensing and Certification",الاشعارات والترخيص والتصديق
142,120564,ACL,قائمة التحكم بالوصول
143,120565,ACL Administration,ادارة قائمة التحكم بالوصول
144,,ACL Administration (acl),
145,120566,ACL Administration Not Authorized,المستخدم ليس له صلاحية في ادارة قائمة التحكم بالوصول
146,,ACL check failed,
147,,ACL Fine Granular Control,
148,120567,ACL Updated Successfully,تم تحديث ادارة قائمة التحكم بالوصول
149,120568,Acne,حب الشباب
150,,ACO,
151,,ACOM{{Anterior Segment}},
152,120569,Act,الحدث
153,120570,Act Date,تاريخ الحدوث
154,120571,Action,الحدث
155,120572,Action Taken,الإجراء المتخذ
156,120573,Action Taken Time,توقيت الإجراء
157,,Action User,
158,120574,Actions,الاحداث
159,,Activate,
160,120575,Activate CCR/CCD Reporting,تفعيل تقارير  CCR / CCD
161,,activate to sort column ascending,
162,,activate to sort column descending,
163,,Activate UB04/837I Claim Support,
164,,Activates custom work flow logic,
165,120576,Active,تنبيه نشط
166,,"Active - By default any value added here will be set to Active, to prevent/remove an item from showing up in the drop-down list just uncheck and deactivate",
167,120577,Active Alert,تنبيه فعال
168,,Active Alert - that presents as a pop-up notification when a patient's chart is entered,
169,120578,Active Alert Rules,قواعد التنبيه الفعال
170,120579,Active Alerts/Reminders,تنبيهات/تذكيرات فعالة
171,,Active Chart,
172,,Active Codes,
173,,Active Directory - Domains Base,
174,,Active Directory - Domains Controllers,
175,,Active Directory - Suffix Of Account,
176,120580,Active Encounter,الموعد الفعال
177,,Active Issue Codes,
178,120581,Active lists,القوائم الفعالة
179,,Active Messages,
180,120582,Active Patient,المريض الفعال
181,120583,Active Plans,خطط فعالة
182,,Active Templates,
183,,Active{{Appointment}},
184,,Active{{Code}},
185,,Active{{Drug}},
186,,Active{{Issue}},
187,,Active{{Item}},
188,,Active{{Note}},
189,,Active{{Plan}},
190,,Active{{Service}},
191,120584,Activity,فعالية
192,120585,Activity Type,النوع الفعال
193,,Actual Receipts,
194,,Acuity,
195,,ACUITY,
196,,Acuity with Autorefraction,
197,,Acuity with Contact Lenses,
198,,Acuity with correction,
199,,Acuity with Cycloplegic Refraction,
200,,Acuity with Manifest Refraction,
201,,Acuity with Pinhole,
202,,Acuity without correction,
203,120586,Acute Intoxication/Withdrawal,تسمم حاد/إنسحاب
204,120587,Acute Manifestation of a Chronic Condition,عارض حاد لمرض مزمن
205,120588,Acute on Chronic,حاد أو مزمن
206,,Ad Reviewed,
207,120589,Add,إضافة
208,120590,add,إضافة
209,120591,ADD,أضف
210,120592,Add a Company,إضافة شركة
211,120593,Add a condition,اضافه حاله
212,,ADD A NEW RECALL,
213,,Add a New Recall,
214,,Add a note to the biller,
215,120594,Add a Pharmacy,إضافة صيدلية
216,,Add all needed providers in a similar manner,
217,,Add all rules to plan,
218,120595,add an event for ,إضافة حدث ل
219,,Add as a new message,
220,120596,Add as a new note,إضافة كملاحظة جديدة
221,120597,Add as New,إضافة جديد
222,120598,Add as new patient,اضافه مريض جديد
223,,Add Bottom Border Row,
224,120599,Add Buttons,أضف أزرار
225,120600,"Add Buttons for Special Chars,Texts to be Displayed on Top of the Editor for inclusion to the text on a Click",إضافة ازار للحروف والرموز الخاصة يتم عرضها أعلى محرر النصوص ويتم ادراجها ضمن النص عند الضغط عليها
226,120601,Add Category,إضافة فئة
227,120602,Add Constant,إضافة ثابت
228,120603,Add Context,اضافة حالة
229,120604,Add Copay,إضافة تحمل
230,120605,Add criteria,أضف حالة
231,120606,Add Custom Button,إضافة زر مخصص
232,,Add Data Bottom Border,
233,,Add desired privileges by moving items (ACOs) from the 'Inactive' column to the 'Active' column.,
234,120607,Add Diagnosis,أضف تشخيص
235,120608,Add Drug,إضافة دواء
236,,Add Edit Transactions Help,
237,,Add encounter,
238,120609,Add Encounter,إضافة موعد
239,120610,Add encounter/notes,إضافة زيارة / ملاحظات
240,120611,Add Facility,إضافة مرفق
241,120612,Add Field,إضافة حقل
242,120613,Add following lines to the Apache configuration file,إضافة  الأسطر التالية إلى تكوين ملف اباتشي
243,120614,Add Group,إضافة مجموعة
244,,Add group,
245,120615,Add ICD Code,إضافة  رمز التصنيفات الإحصائية الدولية للأمراض
246,120616,Add Immunization,إضافة لقاح
247,120617,Add is not authorized!,الإضافة غير مسموحة
248,120618,Add Issue,إضافة مسألة
249,120619,Add item to track,إضافة بند للمتابعة
250,120620,Add Language,إضافة لغة
251,,Add Lot,
252,,Add manually,
253,,Add Missing Context Template.,
254,,Add Mode,
255,,Add modifiers for this field type. You may select more than one.,
256,,Add More Items,
257,120621,Add New,إضافة عنصر جديد
258,120622,Add new,إضافة عنصر جديد
259,120623,Add new category : ,إضافة فئة جديدة
260,120624,Add new certificates to the Apache configuration file,إضافة شهادات جديدة لتكوين ملف اباتشي
261,120625,Add New Component,إضافة مكوّن جديد
262,120626,Add New Components,إضافة مكوّنات جديدة
263,,Add new database,
264,,Add New Entry,
265,,Add New Event,
266,,Add New Form,
267,,ADD NEW GROUP,
268,120627,Add New Group,إضافة مجموعة جديدة
269,120628,Add New Issue,إضافة مشكلة جديدة
270,120629,Add new lot and transaction,إضافة شحنة و معاملة جديدة
271,,Add New Message,
272,120630,Add New Note,إضافة ملاحظة جديدة
273,120631,Add new note,إضافة ملاحظة جديدة
274,120632,Add New Partner,إضافة شريك جديد
275,120633,Add New Patient,إضافة مريض جديد
276,,Add New Plan,
277,,ADD NEW PLAN,
278,,Add New...,
279,,Add New{{Event}},
280,,Add New{{Message}},
281,,Add New{{Provider}},
282,,Add new{{Rule}},
283,,Add New{{Type}},
284,120634,Add Note,إضافة ملاحظة
285,,Add Onsite Portal Activity,
286,,Add Package,
287,,Add Patient,
288,120635,Add Patient Record,إضافة سجل مريض
289,120636,Add Prescription,إضافة وصفة
290,120637,Add Procedure,إضافة إجراء
291,120638,Add Provider Number,إضافة رقم المزود
292,,Add Recall,
293,120639,Add Rehab,إضافة إعادة التأهيل
294,,Add Row,
295,120640,Add Rule,أضف امر
296,,"Add the remaining codes, in order to do so the CPT code must already exist in the database",
297,,Add Time to Date,
298,120641,Add to,إضافة الى
299,,ADD TO EXISTING MESSAGE,
300,,Add To Existing Message,
301,,Add to History,
302,,Add to list,
303,120642,Add to Medication List,إضافة الى قائمة الأدوية
304,120643,Add Top Level,إضافة المستوى الأعلى
305,120644,Add Transaction,إضافة تحويل
306,120645,Add User,إضافة مستخدم
307,120646,Add User To Group,إضافة مستخدم الى مجموعة
308,,Add.{{Additional Measurements}},
309,120647,Add/Edit eRx,أضف/عدل الوصفات الطبية الالكترونية اي آر اكس
310,,Add/Edit Issue,
311,120648,Add/Edit Patient Transaction,إضافة / أو تعديل اجراء للمريض
312,120649,added,مضاف
313,,Adding,
314,,Adding a participant,
315,120650,Adding demographics is not authorized.,إضافة معلومات ديموغرافية غير مسموح
316,120651,Adding item to track failed,لقد فشلت إضافه بند للمتابعة
317,120652,Addison Syndrom,متلازمة أديسون
318,120653,Addison Syndrome,متلازمة أديسون
319,120654,Additional Attributes,سمات اضافية
320,120655,Additional Data Points,بيانات اضافيه
321,,Additional Date:,
322,120656,Additional Diagnosis:,تشخيص اضافي
323,,Additional Findings,
324,,"Additional functionality including the ability to send SMS text messages, automated phone dialing, emails etc. can be accessed by enabling the optional MedEx Communication Service",
325,,Additional help to fill out this form is available by hovering over labels of each box and clicking on the dark blue help ? icon that is revealed,
326,,Additional help to fill out this form is available by hovering over labels of each box and clicking on the dark blue help ? icon that is revealed. On mobile devices tap once on the label to reveal the help icon and tap on the icon to show the help section,
327,120657,Additional History,تاريخ مرضي اضافي
328,120658,Additional history notes,ملاحظات في التاريخ المرضي اضافية
329,120659,Additional Info,معلومات اضافية
330,,Additional information about the individual pages can be found in their respective help files,
331,,Additional information may be available,
332,,Additional information to process paper claims,
333,120660,Additional Labs,تحاليل مخبرية اضافية
334,120661,Additional Notes,ملاحظات اضافية
335,,Additional Notes field is for local use in openEMR,
336,120662,Additional notes for this result or recommendation,توصيات او ملاحظات اضافية للنتيجة
337,120663,Additional Notes:,ملاحظات اضافية
338,120664,Additional Notes: ,ملاحظات اضافية
339,,additional scopes,
340,120665,Additional X-RAY Notes:,ملاحظات شعاعية اضافية
341,120666,"Additionally, the corresponding US Snomed Extension Package can be imported separately after installing the International (English version) Snomed Release","إضافيا, يمكن استيراد طرد Snomed للولايات المتحدة بعد الطراز العالمي منها"
342,,"Additionally, to the right is a toggle to select if you want to use the pop out window or dialog editor. The window allows having multiple editors open at the same time where the dialog is more appropriate for making quick edits",
343,,Additonal Rx{{Additional glasses}},
344,120667,addonly,إضافة محددة
345,,addonly - can read and add but not modify,
346,120668,Addr Bk,دفتر العناوين
347,120669,Addr Book,دفتر العناوين
348,120670,Address,العنوان
349,,Address and Postal Code,
350,,Address and State,
351,120671,Address Book,دفتر العناوين
352,120672,Address book entry for the company performing this procedure,مدخلات دفتر العناوين الخاصة بالشركة التي تقوم بهذه اﻹجراءات
353,120673,Address book entry for the distributor,ادخال دفتر العناوين للموزع
354,120674,Address book entry for the vendor,ادخال دفتر العناوين للبائع
355,120675,Address Book Types,أنواع دفتر العناوين
356,120676,Address Label,ملصق العنوان
357,120677,Address Labels,ملصقات العنوان
358,,Address Line 1,
359,,Address Line 2,
360,120678,Address Only,العنوان
361,,"Address, City, State and Postal Code",
362,,"Address, City, State, Postal Code, Payer ID",
363,120679,"Address, State and Postal Code",العنوان  الولايه والرقم البريدي
364,120680,Address1,العنوان 1
365,120681,Address2,العنوان 2
366,,ADDRESSED TO,
367,120682,ADDRESSEE,مخاطب
368,,ADD{{Bifocal Add}},
369,,ADD{{Near Add}},
370,120683,Adj,تعديل
371,120684,Adj Amount,مقدار التعديل
372,,Adj Amt,
373,,Adj Type,
374,120685,Adjust,عدّل
375,,Adjust Type,
376,120686,Adjustment,تعديل
377,120687,Adjustment Amt,كمية التعديل
378,120688,Adjustment Reasons,أسباب التعديل
379,,Adjustment type is required for each line with an adjustment.,
380,,Adjustment type is required for every line item.,
381,,Adjustment value for code,
382,120689,Adjustment value for code ,القيمة المعدلة للرمز
383,,"Adjustment, Consumption, Return, or Edit",
384,120690,Adjustments,تعديلات
385,,Adjustments at Checkout,
386,120691,Adm adjust,تعديلات المدير
387,120692,Admin,المدير
388,120693,Admin Email Address,العنوان الإلكتروني للمدير
389,120694,Administer Via,ادير/ قدم من
390,,Administer Via is not relevant in this context and can be left Unassigned,
391,120695,Administered,ادار/قدم
392,120696,Administered By,ادارة عن طريق
393,120697,Administered Date,تاريخ مُدار
394,120698,Administered Site,موقع مُدار
395,120699,Administration,الإدارة
396,,Administration (admin),
397,120700,Administration Site,موقع الإدارة
398,,Administrator Assign,
399,120701,Administrators,المدراء
400,120702,Administrators can do anything,المدراء لهم كافة الصلاحيات
401,120703,Admit Date,تاريخ الدخول
402,,Adnexa,
403,,Adopted Child,
404,120704,Adult Weight Screening and Follow-Up,فحص الوزن والمتابعة للبالغين
405,120705,Adult Weight Screening and Follow-Up (CQM),فحص الوزن والمتابعة للبالغين (CQM)
406,120706,Advance Directive,التوجيه مقدما
407,120707,Advance Directives,توجيهات متقدمة
408,120708,Advance Directives Warning,توجيهات تحذيرية متقدمة
409,,Advance Options,
410,120709,Advanced,متقدم
411,,Advanced - Finer Access Control,
412,,Advantages and Disadvantages of TOTP and U2F,
413,120710,Advice,نصيحة
414,120711,Afar,بعيد
415,120712,Affect normal,يؤثر طبيعياً
416,120713,Afrikaans,جنوب افريقي أبيض
417,,after,
418,,after (PM),
419,120714,After hrs calls,مكالمة بعد ساعات
420,120715,"After migration from the old password mechanisms where passwords are stored in the users table without salt is complete, this flag should be set to false so that only authentication by the new method is possible","بعد التحول من آلية كلمة السر القديمة , يجب تعيين علامة سالبة بحيث تكون المصاقة ممكنة من خلال طريقة جديدة"
421,120716,"After performing above configurations, import the admin client certificate to the browser and restart Apache server (empty password).",بعد القيام باﻹعدادات اعلاه، قم باستصدار شهادة إدراة النظام الزبون الى المتصفح ومن ثم قم بإعادة تشغيل خادم الويب (أباتشي)(كلمة سر فارغة)
422,,After saving the PDF,
423,120717,"After saving the PDF, click [View Log] to check for errors.",بعد حفظ الملف بصيغة بدف اضغط مشاهدة السجل للتأكد من عدم وجود أخطاء
424,,"After saving the PDF, click[View Log] to check for errors.",
425,,After saving the TEXT file,
426,120718,"After saving the TEXT file(s), click [View Log] to check for errors.",بعد حفظ الملف نصي بدف اضغط مشاهدة السجل للتأكد من عدم وجود أخطاء
427,,"After saving the TEXT file(s), click[View Log] to check for errors.",
428,,After saving your batch,
429,120719,"After saving your batch, click [View Log] to check for errors.",بعد حفظ تعديلك اضغط مشاهدة السجل للتأكد من عدم وجود أخطاء
430,,"After saving your batch, click[View Log] to check for errors.",
431,,"After that the Match column will show the selected patient ID, or 0 to create.",
432,120720,"After the information is correctly entered, click the Save button.",بعد ادخال المعلومات بشكل صحيح اضغط زر الحفظ
433,,"After Uploading click the button ""Import""",
434,,"After Uploading, click ""Import""",
435,,After you filled in the spreadsheet with the relevant ICD categories and ICD codes go to Administration > Lists. Select 'Service Category' from the dropdown box,
436,,After you have finished entering all the ICD 10 codes go to Adminstration > Lists and select 'Code Types' from the dropdown box. Select 'ICD10 Diagnosis' from the last dropdown box under ICD 10,
437,120721,AfterCare Planning,التخطيط للرعاية اللاحقة
438,,"Afterwards however, you may change your portal credentials anytime from portal menu.",
439,120722,Again,مرة اخرى
440,120723,Age,العمر
441,,Age at death,
442,120724,Age By,العمر ب
443,120725,Age Category,الفئة العمرية
444,120726,Age data is out of range.,بيانات العمر خارج المجال
445,120727,Age Display Format,نمط عرض العمر
446,120728,"Age format for ""age from"" is not valid",نمط ادخال العمر ل (العمر من ) غير صحيح
447,120729,"Age format for ""age up to"" is not valid",نمط ادخال العمر ل (العمر الى) غير صحيح
448,120730,Age From,العمر من
449,120731,Age in Years for Display Format Change,العمر بالسنوات للتغير في صيغة العرض
450,120732,Age max,اكبر عمر
451,120733,Age min,اصغر عمر
452,120734,Age Range,مدى العمر
453,,Aging Columns,
454,120735,Aging Columns:,أعمدة العمر
455,,Aging Days,
456,120736,Akan,لغه ساحل العاج و غانا
457,120737,Albanian,ألباني
458,120738,Alcohol,الكحول
459,120739,Alcohol consumption,استهلاك الكحول
460,120740,Alcohol Use,إستعمال الكحول
461,,Alert,
462,120741,Alert Count,عدد التحذير
463,,Alert Notice,
464,,Alert on and after birthday,
465,,Alert on and up to 28 days after birthday,
466,,Alert on patient birthday,
467,,Alert only on birthday,
468,,Alert Time,
469,120742,Alerts,تحذيرات
470,,Alerts Log,
471,,Alerts/Reminders,
472,,Alert{{Mental Status}},
473,120743,ALEUT,الألوشية
474,120744,All,الكل
475,120745,ALL,الكل
476,,all,
477,120746,All (Collated Format A),الكل(نموذج أ)
478,120747,All (Collated Format B),الكل (نموذج ب)
479,120748,All (Cumulative),الكل (متراكم)
480,,All Alerts,
481,120749,All Automated Measure Calculations (AMC),كل الحسابات اتوماتيكية (AMC)
482,120750,All Categories,كل الفئات
483,120751,All Clinical Quality Measures (CQM),كل مقاييس النوعية الاكلينيكيه (CQM)
484,120752,All Codes,كل الرموز
485,,All credential fields are case sensitive!,
486,,All Dates,
487,120753,All Day,كل الأيام
488,120754,All day event,كل أحداث اليوم
489,120755,"All demographics fields, with search and duplication check",كل الحقول الديموغرافية التي لها فحص للبحث والتكرار
490,,All done.,
491,,All Encounters,
492,120756,All Facilities,كل الهيئات
493,120757,All Injuries/Problems/Issues,كل اﻹصابات/المشاكل/القضايا
494,,All Labs,
495,120758,All Languages Allowed,كل اللغات المسموحة
496,,All Messages,
497,,All Official Clinical Quality Measures (CQM) Measure Groups,
498,120759,All or part of the first name,كل أو جزء من الإسم الأول
499,120760,All or part of the last name,كل أو جزء من الإسم الأخير
500,120761,All or part of the organization,كل أو جزء من المنظومة
501,,All patient interactions in OpenEMR are linked to encounters,
502,120762,All Patients,كل المرضي
503,,All pending messages are displayed on the MY MESSAGES pane,
504,,All Product Types,
505,120763,All Products,كل المنتجات
506,120764,All Providers,كل المزودين
507,120765,All Reviewed and Negative:,الكل تمت مراجعته وسلبي
508,,All scores have been cleared.,
509,,All search inputs are case sensitive and must match entries in your profile.,
510,,"All sections are not required, rather, they are available based on the information a practitioner believes is critical data for the patient at any given moment in time",
511,,All set. Click Send Request below to finish registration,
512,,All set. Click Send Request below to finish registration.,
513,120766,All Topics,كافة المواضيع
514,,All TOTP authenticator apps use the same algorithm and secure hash function - HMAC-SHA1 to generate the unique key,
515,,All Transactions for the patient will appear on the Transactions page in descending order of its date of creation,
516,120767,All Users,كافة المستخدمين
517,,All Warehouses,
518,120768,Allergic,تحسسي
519,120769,Allergic to,متحسس من
520,120770,Allergies,المحسسات
521,,Allergies - will show the allergies listed under Issues > Allergies. If eRx is enabled the allergy list has to be entered on the eRx page,
522,,Allergies/Alerting Data,
523,120771,Allergies:,المحسسات:
524,120772,Allergy,الحساسية
525,120773,Allergy import successfully completed,تم إستيراد سجلات الحساسية بنجاح
526,120774,Allergy Issue List,قائمة مشاكل الحساسية
527,120775,Allergy Reaction,ارتكاس حساسية
528,120776,ALLERGY WARNING,تحذير حساسيه
529,120777,Allergy Warning,تحذير حساسيه
530,120778,Allocate,تخصيص
531,120779,Allow,اسمح
532,120780,Allow Administrators to Delete Patients,اسمح للمديرين بمسح المرضي
533,120781,Allow all available languages as choices on menu at login.,جعل كل اللغات المثبتة متاحة عند الدخول إلى النظام
534,,Allow Check In before the appointment's time.,
535,120782,Allow creation of claims containing diagnoses but not procedures or charges. Most clinics do not want this.,إسمح بإضافة مطالبات محتوية على تشخيصات ولكن لا تحتوي على إجراءات أو اسعار. معظم المستوصفات والعيادات لا تفضل هذا.
536,120783,Allow Debugging Language,السماح بلغة التصحيح
537,,Allow Double Click to select Nation Note text template from any encounter form text area,
538,,Allow Early Check In,
539,120784,Allow Email,السماح بالبريد الإلكتروني
540,120785,Allow email messages?,السماح برسائل البريد الإلكتروني
541,120786,Allow Email?,السماح بالبريد الإلكتروني ؟
542,120787,Allow Encounter Claims,السماح بمطالبات المراجعة
543,,Allow Encounter For Each Appointment,
544,,Allow Health Info Exchange,
545,120788,Allow Health Information Exchange,السماح بتبادل المعلومات الصحية
546,,Allow Immunization Info Share,
547,120789,Allow Immunization Info Sharing,السماح بمشاركة معلومات التحصينات
548,120790,Allow Immunization Registry Use,السماح باستخدام سجل التحصينات
549,,Allow in person credit card payments using Stripe Verifone P400. Ensure Stripe gateway is enabled.,
550,,Allow institutional claims support.,
551,,Allow insurance eligibility checks using Office Ally,
552,120791,Allow Mail Message,السماح برسالة بريدية
553,,Allow manual entry and authorise credit card payments. Ensure a gateway is enabled.,
554,,Allow more than one insurance,
555,,Allow More than one MA/IPPF code mapping,
556,,Allow multiple databases,
557,,Allow New Patient Registration Widget,
558,,Allow Notice,
559,,Allow Online Appointments,
560,,Allow Online Payments,
561,,Allow Online Secure Chat,
562,,Allow only one insurance,
563,,Allow Onsite New Patient Registration Widget,
564,,Allow Onsite Online Appointments,
565,,Allow Onsite Online Payments,
566,,Allow Onsite Online Secure Chat,
567,,Allow Onsite Patient Ledger,
568,,Allow Onsite Patient to make and view appointments online.,
569,,Allow Onsite Patient to make payments online.,
570,,Allow Onsite Patient to use Secure Chat Application.,
571,,Allow Onsite Patient to view their accounting ledger online.,
572,,Allow Onsite Patients to Reset Credentials,
573,,Allow Patient Flow Board to Select Patients for Drug Testing.,
574,,Allow Patient Ledger,
575,120792,Allow Patient Portal,السماح بالبوابة اﻹلكترونية للمرضى
576,,Allow Patient to make and view appointments online.,
577,,Allow Patient to make payments online.,
578,,Allow Patient to use Secure Chat Application.,
579,,Allow Patient to view their accounting ledger online.,
580,,Allow Patients to Reset Credentials,
581,,Allow Postal Mail,
582,,Allow self-signed certificate for SSL (encrypted) connection to CouchDB,
583,120793,Allow SMS,السماح برسالة نصية
584,120794,Allow SMS (text messages)?,السماح برسالة نصية ؟
585,,Allow Statement Exclusions from Printing,
586,120795,Allow submitted events to be made active instantly?,السماح بالأحداث المدخلة لتصبح فعالة بسرعة؟
587,120796,Allow telephone messages?,السماح بالرسائل الهاتفية
588,,Allow to use with multiple database,
589,120797,Allow users to publish Global Events,السماح للمستخدمين بنشر الأحداث العامة
590,120798,Allow users to publish Personal Calendars,السماح للمستخدمين بنشر المواعيد الشخصية
591,,Allow Version 2 Onsite New Patient Registration Widget,
592,,Allow Version 2 Onsite Online Payments,
593,,Allow Version 2 Onsite Patient to make payments online.,
594,,Allow Version 2 Patients to Reset Credentials,
595,,Allow Voice Call,
596,120799,Allow Voice Message,السماح بالرسائل الصوتية
597,120800,Allowed,مسموح
598,120801,Allowed Languages,اللغات المسموح بها
599,,Allowed to discount prices (in Fee Sheet or Checkout form) (disc),
600,120802,Allowed(c),مسموح (c)
601,120803,Allows E-Sign on the entire encounter,السماح بالتوقيع الرقمي علي كل الزيارة
602,120804,Allows E-Signing Individual Forms,السماح بالتوقيع الرقمي كل علي حدة
603,120805,Allows Mail,السماح للبريد
604,120806,Allows Voice msgs,السماح للرسائل الصوتية
605,,All{{Mails}},
606,,All{{Recipients}},
607,,Already a Care Plan form for this encounter. Using existing Care Plan form.,
608,,Already a Clinical Notes form for this encounter. Using existing Clinical Notes form.,
609,,Already at the top of the page,
610,120807,already exists,موجود
611,,already exists! Please try again.,
612,120808,already exists.,متواجد حالياً
613,,Already registered,
614,120809,"Already used, choose another identifier","مستخدم حالياً ,الرجاء اختيار تعريف آخر"
615,120810,"Already used, choose another title","مستخدم حالياً,الرجاء اختيار تعريف آخر"
616,,Also provides a short description of the visit in Patient Reports,
617,120811,Alt Address,عنوان بديل
618,,Alt City,
619,,Alt Postal code,
620,,Alt State,
621,120812,alter,تبدل
622,,Alternate Cover Test,
623,,Alternatively a CPT code can be used. It is 84550 for Serum Uric Acid,
624,,Alternatively download a sample spreadsheet by clicking on the Download button,
625,,Alternatively it can be accessed by clicking in the Messages menu item in the top navigation bar,
626,,Alternatively you could clear all selections and select only the items that you want to be a part of the report,
627,,"Alternatively, you may choose to upload an electronic remittance (X12 835) file that you have obtained from your payer or clearinghouse. You can do this by first selecting the 'ERA upload' option in the initial 'Select Method' section. This brings up the 'ERA Upload' Section.",
628,120813,"Alternatively, you may use the search page to upload an electronic remittance (X12 835) file that you have obtained from your payer or clearinghouse.  You can do this by clicking the Browse button and selecting the file to upload, and then clicking Search to perform the upload and display the corresponding invoices.  In this case the other parameters mentioned above do not apply and will be ignored.  Uploading saves the file but does not yet process its contents -- that is done separately as described below.","بشكل بديل, يمكنك استخدام صفحة البحث لتحميل الملف التحويلات المالية الإلكترونية الذي كنت قد تم الحصول عليها من دافع أو تبادل المعلومات الخاصة بك. يمكنك القيام بذلك عن طريق النقر على زر تصفح واختيار ملف للتحميل ، ثم انقر فوق بحث لأداء وتحميل وعرض الفواتير المناظرة. في هذه الحالة المعلمات الأخرى المذكورة أعلاه لا تنطبق وسيتم تجاهلها. تحميل يحفظ الملف لكنها لا عملية محتوياته ، والتي تتم بصورة منفصلة على النحو المبين أدناه."
629,,"Although the HCFA-1500 originally was developed for submitting Medicare claims, it eventually was accepted by all commercial/ private insurance carriers to facilitate the standardization of the claims process",
630,,Always,
631,120814,AM,صباحاً
632,120815,AM Program,البرنامج الصباحي
633,,Amblyopia,
634,,Ambulance - Air or Water,
635,,Ambulance - Land,
636,,Ambulatory Surgical Center,
637,120816,AMC,حسابات القياس اﻵلي
638,120817,AMC Tracking,متابعة حسابات القياس اﻵلي
639,120818,AMC-2011,حسابات القياس اﻵلي
640,,AMC-2014,
641,,AMC-2014 Stage I,
642,,AMC-2014 Stage II,
643,,AMD{{age related macular degeneration}},
644,,Amend Existing Message,
645,120819,Amend Existing Note,تغيير ملاحظة موجودة
646,,Amendment,
647,120820,Amendment From,طلب تعديل أو إضافة
648,,Amendment List,
649,120821,Amendment Status,حالة التعديل أو الإضافة
650,120822,Amendments,تعديلات أو إضافات
651,,"Amendments (write,addonly optional)",
652,,"Amendments (write,addonly optional) (amendment)",
653,,Amendments - Enable a user to electronically select the record affected by a patient’s request for amendment and either append the amendment to the affected record or include a link that indicates the amendment’s location,
654,120823,Amendments for,تعديلات أو إضافات ل
655,120824,American Indian,هندي أمريكي
656,120825,American Indian or Alaska Native,هندي أمريكي أو من اﻷسكا
657,120826,AMEX,بطاقة اميريكان اكسبرس
658,120827,Amharic,اللغة الأمهرية
659,120828,Amount,كمية
660,120829,Amount Administered,الكمية المُدخلة
661,,Amount Charged,
662,120830,Amount Charges,تكاليف الكمية
663,,Amount Charges:,
664,,Amount Due,
665,120831,Amount for Past Balance,كمية التوازن الماضي
666,120832,Amount for This Visit,مقدار هذه الزيارة
667,120833,Amount Paid,المقدار المدفوع
668,120834,Amount:,الكمية
669,,Amplitudes,
670,,Amsler,
671,120835,Amt Billed,قيمة الفاتورة
672,,An appointment can be scheduled by clicking on the calendar icon in that cell,
673,,"An e-mail with your new account credentials will be sent to the e-mail address supplied earlier. You may still review or edit any part of your information by using the top step buttons to go to the appropriate panels. If after receiving credentials and you have trouble with access to the portal, please contact administration.",
674,,"An e-mail with your new account credentials will be sent to the e-mail address supplied earlier. You may still review or edit any part of your information by using the top step buttons to go to the appropriate panels. Note to be sure you have given your correct e-mail address. If after receiving credentials and you have trouble with access to the portal, please contact administration.",
675,,An electronic order and the returned result is in the form of a message called the HL7 message. HL7 stands for Health Level (Application Layer) 7. HL7’s prime objective is to simplify the implementation of interfaces between healthcare software applications and various vendors so as to reduce the pain and cost involved in custom interface programming,
676,120836,An end date later than the start date is required for repeated events!,تاريخ نهاية بعد تاريخ البداية مطلوب للأحداث المتكررة
677,,An error occured signing the form,
678,120837,An error occurred while dumping OpenEMR web directory tree,OpenEMR حدث خطأ أثناء إلقاء دليل الويب شجرة ل
679,120838,An error occurred while dumping phpGACL web directory tree,phpGACL حدث خطأ أثناء إلقاء دليل الويب شجرة ل
680,120839,An error occurred while dumping SQL-Ledger web directory tree,SQL-Ledger حدث خطأ أثناء إلقاء دليل الويب شجرة ل
681,,An error occurred: Missing file to upload. Returning to form.,
682,,An error occurred: Missing file to upload: Use back button!,
683,,"An important concept to grasp is that once the secret key delivered via the QR code is captured by the authenticator app there is no further communication between the app and OpenEMR, each will use the current UNIX time and its copy of the user-specific shared secret key to generate the same unique 6 digit number",
684,,"An important point to remember is that the various individuals tests in each panel are listed as Results, the fruit, you cannot directly order these individual tests",
685,120840,An incomplete GCAC issue has been created and linked. Someone will need to complete it later.,القضية غير مكتملة تم إنشاؤها وربطها. شخص ما يجب حاجة لاستكماله في وقت لاحق
686,,An internal server error occurred,
687,,An Issue concerns matters relating to the patient's health,
688,,"An issue is a medical problem, allergy, medication, surgery or dental issue",
689,,An onset/hospitalization date may be specified for each visit.,
690,,"An order has now been successfully created, however a place to receive and document the returned result does not exist as yet and needs to be created",
691,,"An Outcome for the problem - Resolved, Improved, Status Quo, Worse, Pending Followup or leave as Unassigned",
692,,"An undefined error occurred, please contact your systems administrator.",
693,120841,An unexpected error has occurred.,حدث خطأ غير متوقع
694,,An unknown system error occurred during the export for resource,
695,,An Updated Appointment,
696,120842,An uppercase letter,حرف
697,,Analyzed,
698,120843,and,و
699,120844,And,و
700,120845,AND,و
701,120846,and ,و
702,120847,and all subordinate data? This action will be logged,وجميع معلومات المرؤسين؟ سيتم تسجيل هذه العملية في النظام
703,120848,and modifier,و المُعدل
704,120849,and processed.,و تمت معالجته
705,,and resetting claim status.,
706,120850,and restart Apache server.,اعادة تشغيل سيرفر الـ‘أباتشي‘
707,120851,and the Reason is,و السبب هو
708,,android,
709,120852,Anemia,فقر الدم
710,120853,Ankle,الكاحل
711,120854,Ankle + heel,الكاحل + العقب
712,120855,Ankle Evaluation Form,نموذج تقييم الكاحل
713,120856,Ankle Problems,مشاكل الكاحل
714,120857,Ankylosing Sondlilitis,التهاب الفقار اللاصق
715,120858,Ankylosing Spondlilitis,التهاب الفقار اللاصق
716,120859,Anorexia,فقدان الشهية
717,120860,"Another thing you can do in the posting window is request secondary billing. If you select this checkbox before saving, then the original claim will be re-opened and queued on the Billing page, and will be processed during the next billing run.",شيء آخر يمكنك القيام به في نافذة الطلب هو طلب الفواتير الثانوية. إذا قمت بتحديد صندوق الاختيار هذا قبل الحفظ، سيتم إعادة فتح المطالبة الأصلية وتوضع على قائمة الانتظار في صفحة الفواتير، وسيتم معالجتها خلال عملية الفوترة القادمة.
718,,Another way to select an ICD code to justify the CPT4 code is to click on the label CPT4 at the beginning of the row,
719,,Answering Service,
720,,Ant,
721,120861,ante,قبل
722,,Anterior Chamber Depth,
723,,Anterior Segment,
724,,Anterior Segment Default Values,
725,,ant{{anterior}},
726,120862,"Anus nl, no rectal tenderness/mass","فحص اشرج سوي, لا كتل أو مضض في المستقيم"
727,120863,Anxiety,قلق
728,,any,
729,120864,Any,أي منها
730,,Any additional information pertaining to this provider,
731,,Any carotid bruits appreciated?,
732,120865,Any Category,أي فئة
733,,Any changes here will be reviewed by provider staff before commiting to chart. The following apply,
734,,Any changes here will be reviewed by provider staff before committing to your chart. The following apply,
735,,Any changes that you need to make to this particular line item should be made here and saved,
736,,any date,
737,,Any Demographic Search,
738,120866,Any part of the desired code or its description,اي جزء من الرمز المطلوب او وصفه
739,,Any part of the desired NPI,
740,120867,Any part of the desired specialty,أي جزء من الإختصاص المطلوب
741,120868,Any part of the drug id or drug name,أي جزء من رقم أو إسم الدواء
742,120869,Any part of the immunization id or immunization name,أي جزء من رقم أو إسم اللقاح
743,120870,"Any part of the patient name, or ""last,first"", or ""X-Y""",أي جزء من اسم المريض
744,120871,Anyother Relevant Information,هل من معلومات أخرى؟
745,,Anything else occur at the same time?,
746,,Any{{Gender}},
747,,AOE Q&A,
748,,APD{{afferent pupillary defect}},
749,,API,
750,120872,API key for SMS Gateway.,مفتاح الكود البرمجي لبوابة رسائل الجوال
751,,API Log Option,
752,,API Log Option (Full includes requests and responses).,
753,,API logging,
754,120873,Apnea,توقف تنفس
755,,App,
756,,App Launch URI,
757,,App Logout URI,
758,,App Name,
759,,App Redirect URI,
760,,App Registration Form,
761,120874,Appearance,المظهر
762,120875,Appearance:,المظهر:
763,,Append,
764,,Append this message,
765,120876,Append this note,ارفاق هذه الملاحظة
766,,Append to the existing message,
767,120877,Append to the existing note,إضافة الى الملاحظة الموجودة
768,120878,Append to this note,إضافة الى هذه الملاحظة
769,120879,Append to This Note,إضافة الى هذه الملاحظة
770,120880,Appendectomy,استئصال الزائدة
771,,appendectomy,
772,,Applicable only for family planning clinics,
773,120881,Applicable Patients,المرضى المعنيين
774,120882,Application,استمارة
775,120883,Application name for login page and main window title.,إسم تطبيق صفجة الدخول و عنوان النافذة الرئيسية
776,,Application name used throughout the user interface.,
777,120884,Application Receiver Code (GS03 - If blank ISA08 will be used),رمز مستقبل الطلب
778,120885,Application Sender Code (GS02),(GS02) رمز التطبيق المرسل
779,120886,Application Title,عنوان الطلب
780,120887,Applies to the Vitals form and Growth Chart,ينطبق على نموذج العلامات الحيوية و مخطط النمو
781,,Applies to this visit only,
782,120888,Applies to Vitals form,أضف التغيرات للحدث الحالي فقط
783,120889,"Apply the changes to the Current event only, to this and all Future occurrences, or to All occurrences?",تطبيق التغييرات على الحدث الحالي وما يليه أو جميع اﻷحداث؟
784,120890,apply to affected area,تطبيق على المنطقة المصابة
785,120891,apply to skin,تطبيق على الجلد
786,120892,Applying,تطبيق
787,120893,Applying Patch to site,تحديث الموقع
788,120894,Appointment,موعد
789,120895,Appointment Category,فئه الموعد
790,120896,Appointment Date,تاريخ الموعد
791,,Appointment Display Sets - Color 1,
792,,Appointment Display Sets - Color 2,
793,,Appointment Display Sets - Color 3,
794,,Appointment Display Sets - Color 4,
795,,Appointment Display Sets - Ignore Display Limit (Last Set),
796,120897,Appointment Display Style,طريقة عرض الموعد
797,,Appointment made by,
798,120898,Appointment Reminder Rule,قواعد التذكير بالموعد
799,,Appointment Reminders,
800,120899,Appointment status,حالة الموعد
801,120900,Appointment Statuses,حالات الموعد
802,120901,Appointment within,الموعد خلال
803,120902,Appointment/Event Color,لون الموعد أو الحدث
804,120903,Appointments,المواعيد
805,120904,Appointments (write optional),المواعيد (الكتابة اختيارية)
806,120905,"Appointments (write,wsome optional)",المواعيد (الكتابة اختيارية)
807,,"Appointments (write,wsome optional) (appt)",
808,,Appointments - Group Summary - Number to Display,
809,,Appointments - Onsite Patient Portal - Number to Display,
810,,Appointments - Patient Summary - Number to Display,
811,,Appointments - shows all future appointments as well as Recalls,
812,120906,Appointments and Encounters,المواعيد والمقابلات
813,,Appointments for,
814,120907,Appointments Report,تقرير بالمواعيد
815,120908,Appointments-Encounters Report,تقرير بالمواعيد والمقابلات
816,,Appropriate Results,
817,,Appropriate Testing for Children with Pharyngitis (CQM),
818,120909,Approve,موافق
819,,Approve Order,
820,,Approve the patient from Patient/Client->Import->Pending Approval,
821,120910,Approved,الموافقة
822,120911,Approved Events Administration,ادارة الأحداث الموافقة
823,120912,Approved Successfully,تمت الموافقة بنجاح
824,,Apps,
825,,Appt Date,
826,,Appt Status,
827,,Appt Time,
828,120913,Appt-Enc,المواعيد والمقابلات
829,,Appt. Reminders,
830,120914,Appts,المواعيد
831,,Appt{{Abbreviation for appointment}},
832,,App{{Applanation abbreviation}},
833,120915,Apr,أبريل/نيسان
834,120916,April,أبريل/نيسان
835,,AP{{applanation}},
836,120917,Arabic,العربية
837,,Aragonese,
838,120918,Archive,الارشيف
839,,Archive Log Files,
840,,Archive old files,
841,120919,Are access control group names to be translated?,ترجمة أسماء مجموعة التحكم؟
842,120920,Are appointment category names to be translated?,ترجمة أسماء فئة المواعبد؟
843,120921,Are document category names to be translated?,ترجمة أسماء فئة المستند؟
844,120922,Are fees charged for this type?,هل تم حساب فاتورة لهذا النمط؟
845,,are off,
846,,are on,
847,120923,Are patient note titles to be translated?,هل سيتم ترجمة عناوين ملاحظات المرضى
848,120924,"Are the codes stored in external sql tables (0-No, 1-ICD10, 2-SNOMED(RF1), 3-SNOMED(RF2)) ?","هل اﻷكواد التالية محفوظة في قاعدة بيانات خارجية (0-No, 1-ICD10, 2-SNOMED(RF1), 3-SNOMED(RF2) )"
849,,are unanswered,
850,120925,Are you prepared to complete a new GCAC issue for this visit?,هل أنت مستعد ﻹكمال عملية GCAC لهذه الزيارة؟
851,,Are you sure to clear chat history?,
852,120926,Are you sure to post for today?,هل أنت متأكد من أنك تريد الإرسال لهذا اليوم؟
853,120927,Are you sure you want to approve these events?,هل أنت متأكد أنك تريد الموافقة على هذه الأحداث؟
854,,Are you sure you want to cancel your changes?,
855,,Are you sure you want to clear chats session history?,
856,120928,Are you sure you want to completely remove this form?,هل أنت متأكد أنك تريد إزالة هذه من النموذج بشكل كامل؟
857,,Are you sure you want to continue?,
858,,Are you sure you want to delete,
859,120929,Are you sure you want to delete this disclosure?,هل أنت متأكد من أنك تريد حذف هذا الكشف؟
860,120930,Are you sure you want to delete this event?,هل أنت متأكد أنك تريد حذف هذا الحدث؟
861,120931,Are you sure you want to delete this item from the database?,هل أنت متأكد أنك تريد هذا البند من قاعدة البيانات؟
862,,Are you sure you want to delete this message?,
863,,Are You Sure you want to delete this name?,
864,120932,Are you sure you want to delete this note?,هل أنت متأكد أنك تريد حذف هذه الملاحظة؟
865,,Are you sure you want to delete this plan?,
866,120933,Are you sure you want to edit these events?,هل أنت متأكد أنك تريد تحرير هذه الأحداث؟
867,120934,Are you sure you want to hide these events?,هل أنت متأكد أنك تريد إخفاء هذه الأحداث؟
868,,Are you sure you want to remove namespace,
869,120935,Are you sure you want to transmit it again?,هل أنت متأكد أنك تريد الإرسال مجددا؟
870,120936,Are you sure you want to view these events?,هل أنت متأكد أنك تريد عرض هذه الأحداث؟
871,120937,Are you sure you wish to delete the entire group named,هل أنت متأكد أنك تريد حذف هذه المجموعة؟
872,120938,Are you sure you wish to delete the entire list,هل أنت متأكد أنك تريد حذف هذه القائمة؟
873,120939,Are you sure you wish to delete the field in,هل أنت متأكد أنك تريد حذف هذا الحقل؟
874,120940,Are you sure you wish to delete the selected fields?,هل أنت متأكد أنك تريد حذف الحقول المختارة؟
875,,Are you sure you wish to delete this entire group?,
876,,Are you sure you'd like to quit without saving your answers?,
877,120941,Are you sure you'd like to continue with these actions?,هل أنت متأكد أنك تريد الاستمرار في هذه الأفعال؟
878,,Are you sure?,
879,120942,Area not specified,ناحية غير محددة
880,120943,Arm,ساعد
881,120944,Armenian,أرمني
882,,ARNear{{Auto-refraction near acuity}},
883,,ARNear{{autorefraction near}},
884,,Arrival,
885,120945,Arrive Time,وقت الوصول
886,120946,Arrived,وصل
887,120947,Arrived late,وصل متاخرا
888,120948,Arrythmia,لا نظمية
889,120949,Arthritis,التهاب المفصل
890,120950,Arthritis / degen joint diseas,التهاب المفصل/ الداء المفصلي التنكسي
891,120951,Arthritis / degen joint disease,التهاب المفصل/ الداء المفصلي التنكسي
892,,Article,
893,,AR{{Autorefraction Acuity}},
894,,AR{{autorefraction}},
895,120952,as,مثل
896,,As appears on documents,
897,,as billed,
898,,As Button,
899,,As Large Text Link,
900,120953,As Of,مثلما
901,,As Text Link,
902,,"As the first step choose Group or Custom Favorite Group, as the case may be, as the Top Level Tier 1 and fill in the required details",
903,,As the secret key need by the authenticator is stored on the mobile phone malware can steal these keys and thus compromise authentication,
904,,As this is an infrequently performed process additional help in provided by clicking on the help icon that is revealed when you hover over the label for each box,
905,,As we are creating a Custom Group for manual entry of returned results we need to create a place to enter these results,
906,,As will appear on documents.,
907,,ASC,
908,120954,Asian,آسيوي
909,,Asked but no answer,
910,,Assamese,
911,,Assess Penicillin Allergy,
912,120955,Assessment,التقييم
913,,Assign,
914,,Assign it to this one?,
915,,Assign Severity and Save,
916,,Assign the dosage values etc. and click Save,
917,,"Assign the message to the correct patient by clicking Patient: Click to select, assign a Type and forward the message on to the correct clinician or staff member",
918,,Assigned Groups,
919,,Assigned Templates,
920,120956,Assigned To,موكل إلى
921,120957,Assistant,المساعد
922,,Assisted Living Facility,
923,,Associate,
924,120958,Associated,متعلق
925,,Associated Notes.,
926,,Assume patients permit Messaging,
927,,Assume patients receive HIPAA policy,
928,120959,Asthma,الربو
929,120960,at,في
930,,At least one diagnosis is required! Please add a diagnosis for this order.,
931,120961,At least one search parameter is required if you select All.,تحتاج إلى عنصر بحث واحد على الأقل إذا خترت الكل
932,,At present e-prescribing from openEMR is possible only in the United States,
933,,At present only Continuity of Care Record (CCR) Continuity of Care Document (CCD) can be sent using phiMail,
934,120962,At the Navicular,في مستوى القاربي
935,120963,At the Navicular:,في مستوى القاربي
936,120964,Athletic team,الفريق الرياضي
937,120965,Athletic Team,الفريق الرياضي
938,120966,Athletic/Injury,الرياضي/ إصابة
939,120967,ATNA audit CA certificate,شهادة مراجعة ومصادقة الحسابات
940,120968,ATNA audit host,مضيف عملية تدقيق ومصادقة الحسابات
941,120969,ATNA audit local certificate,شهادة تدقيق و مصادقة الحسابت الداخلية
942,120970,ATNA audit port,منفذ تدقيق ومصادقة الحسابات
943,,Atropine 1%,
944,,Attending physician,
945,120971,Attention,انتباه
946,,Attention: Pending Documents,
947,120972,Attn,عناية
948,,Attributes,
949,,"Aud URI (use this in the ""aud"" claim of your JWT)",
950,,Audiological physician,
951,,Audit all Emergency User Queries,
952,120973,Audit CDR Engine Queries,تدقيق محرك إستفهامات CDR
953,,Audit Changes,
954,,Audit Log Tamper,
955,,Audit Log Tamper Report,
956,,Audit log tampering evident at entry number,
957,,Audit Log Validated Successfully,
958,,Audit Log Validation Failed,
959,120974,Audit Logging Backups,تدقيق التقارير اﻹحتياطية
960,120975,Audit Logging Miscellaneous,تدقيق التقارير النثرية
961,120976,Audit Logging Order,تدقيق تقارير اﻷوامر
962,120977,Audit Logging Patient Record,تدقيق سجل تقارير المرضى
963,120978,Audit Logging Scheduling,تدقيق سجل المواعيد
964,120979,Audit Logging Security Administration,تدقيق سجل إدارة اﻷمن
965,120980,Audit Logging SELECT Query,تدقيق سجل طلبات البحث في قاعدة المعلومات
966,,Audit Payment,
967,,Audits,
968,120981,Aug,اغسطس/آب
969,120982,August,اغسطس/آب
970,,Aunt,
971,120983,Auth,تفويض
972,120984,Auth/notes,تفويض/ملاحظات
973,,Authenticate TOTP,
974,,Authenticate U2F,
975,,Authenticated API Users,
976,,Authenticating,
977,,Authenticating the user thus becomes an important factor in this endeavor,
978,,Authentication Argon Hash Memory Cost,
979,,Authentication argon hash memory cost. Suggest PHP Default unless you know what you are doing.,
980,,Authentication Argon Hash Thread Number,
981,,Authentication argon hash thread number. Suggest PHP Default unless you know what you are doing.,
982,,Authentication Argon Hash Time Cost,
983,,Authentication argon hash time cost. Suggest PHP Default unless you know what you are doing.,
984,,Authentication Bcrypt Hash Cost,
985,,Authentication bcrypt hash cost. Suggest PHP Default unless you know what you are doing.,
986,,Authentication Error,
987,,Authentication SHA512 Hash Rounds Number,
988,,Authentication SHA512 hash rounds number.,
989,,Authenticator,
990,,Authenticator apps are available for both ios and android devices at their respective app stores and is free to use,
991,,Author,
992,,Authorization,
993,120985,Authorization group,مجموعة التفويض
994,120986,Authorization Status,حالة التفويض
995,120987,Authorizations,التفويض
996,120988,Authorize,يفوّض
997,120989,Authorize - any encounters,تفويض - أي مراجعة
998,,Authorize - any encounters (auth_a),
999,120990,Authorize - my encounters,تفويض - مراجعيي
1000,,Authorize - my encounters (auth),
1001,,Authorize as my Electronic Signature.,
1002,,Authorize or not as needed,
1003,120991,Authorize.net,Authorize.net
1004,,Authorize.Net,
1005,120992,Authorized,تم التفويض
1006,,Authorized Id,
1007,120993,Authorized Only,المفوض فقط
1008,,Authorized Users,
1009,,Authorizing,
1010,,Authy,
1011,,Auto Refraction,
1012,120994,Auto Send,إرسال ذاتي
1013,,Auto Sign-Off [days],
1014,,Auto Transfer,
1015,120995,Auto-Create New Encounters,إنشاء ذاتي
1016,120996,Auto-generated,إنشاء ذاتي
1017,,Auto-Refraction,
1018,120997,Automated Measure Calculations (AMC),حسابات القياس اﻵلي (AMC)
1019,,Automated Measure Calculations (AMC) - 2011,
1020,,Automated Measure Calculations (AMC) - 2014,
1021,,Automated Measure Calculations (AMC) - 2014 Stage I,
1022,,Automated Measure Calculations (AMC) - 2014 Stage II,
1023,120998,Automated Measure Calculations (AMC) Tracking,مراجعة حسابات القياس اﻵلي (AMC)
1024,120999,Automated Measures (AMC),القياس اﻵلي
1025,,Automated Voice Message permission,
1026,121000,Automatic,آلي
1027,,Automatic from sale,
1028,,Automatically applies correct extension on successful upload,
1029,,Automatically create a new encounter when an appointment check in status is selected.,
1030,121001,"Automatically create a new encounter when appointment status is set to ""@"" (arrived).","إضافة مراجعة آليا عندما تكون حالة الموعد ""@"" (وصل)"
1031,,Automatically Create Prescriptions,
1032,,Automatically replicate justification codes in Fee Sheet,
1033,,Automatically replicate justification codes in Fee Sheet (basically fills in the blanks with the justification code above it).,
1034,,Automatically SFTP Claims To X12 Partner,
1035,121002,Automobile Medical,طبي متحرك
1036,,AutoRef,
1037,121003,autosaved,حفظ ذاتي
1038,,Auto{{autorefraction}},
1039,,Available Appointments Calendar,
1040,121004,Available categories,التصنيفات المتوفرة
1041,,Available Document,
1042,,Available Recipients,
1043,,Available Services,
1044,,Available Templates,
1045,121005,Available Times,الأوقات المتوفرة
1046,,Available Tracks,
1047,,Avaric,
1048,,Avery Label type for printing patient labels from popups in left nav screen,
1049,,Avestan,
1050,121006,Avg Monthly,المعدل الشهري
1051,,AVM,
1052,,AVM Confirmed,
1053,,AVM OK,
1054,121007,Avulsion / avulsion fracture,قلع / كسر قلعي
1055,121008,Avulsion lateral malleolus,كسر عظم الشظية
1056,121009,Avulsion medial malleolus ,كسر عظم الظنبوب
1057,121010,Awareness-Based,معتمد على الوعي
1058,,Axial Length,
1059,121011,Axillary,إبطي
1060,,Axis{{Axis in a glasses prescription}},
1061,,Axis{{Axis of a glasses prescription}},
1062,,AXIS{{Axis of a glasses prescription}},
1063,,AxLength{{axial Length}},
1064,,Aymara,
1065,,Azerbaijani,
1066,121012,b.i.d.,مرتان في اليوم
1067,121013,Back,الظهر
1068,121014,back,الخلف
1069,121015,Back eight visits,الرجوع ثماني زيارات
1070,121016,Back eleven visits,الرجوع أحد عشر زيارة
1071,121017,Back five visits,الرجوع خمس زيارات
1072,121018,Back four visits,الرجوع أربع زبارات
1073,121019,Back nine visits,الرجوع تسع زيارات
1074,121020,Back one visit,الرجوع زيارة واحدة
1075,121021,Back Pain,ألم الظهر
1076,121022,Back Problems,مشاكل الظهر
1077,121023,Back seven visits,الرجوع سبع زيارات
1078,121024,Back six visits,الرجوع ست زيارات
1079,121025,Back Surgery,جراحة الظهر
1080,121026,Back ten visits,الرجوع عشر زيارات
1081,121027,Back three visits,الرجوع ثلاث زيارات
1082,121028,Back to Admin Page,الرجوع إلى صفحة اﻹدارة
1083,,Back to Client List,
1084,,Back To Editor,
1085,,Back to encounter,
1086,,Back to Patient,
1087,121029,Back To Patient,الرجوع إلى المريض
1088,,Back to patient dashboard,
1089,121030,Back to Users,الرجوع إلى المستخدمين
1090,121031,Back To View,الرجوع إلى الصفحة
1091,121032,Back twelve visits,الرجوع اثنا عشر زيارة
1092,121033,Back two visits,الرجوع زيارتان
1093,121034,Background Services,خدمات مساندة
1094,121035,Backup,نسخة احتياطية
1095,,Backup Failed missing generated file,
1096,121036,Backup file has been created. Will now send download.,تم إنشاء النسخة الاحتياطية، جارِ التحميل
1097,,Backup List,
1098,121037,Backup Successfully taken in,تم أخذ نسخة إحتياطية بنجاح
1099,,Backup/Delete Log Data,
1100,121038,Bad check,شيك مصرفي سيء
1101,121039,Bad debt,قصة ائتمان سيء
1102,121040,Bahasa Indonesia,باهاسا إندونيسيا
1103,121041,Bal,الرصيد
1104,,Bal Due,
1105,,Bal-Due,
1106,121042,Balance,التوازن
1107,121043,balance,التوازن
1108,121044,Balance Amt,كمية التوازن
1109,121045,Balance Due,المبلغ المطلوب
1110,121046,Balance Payment,مدفوعات المبلغ
1111,121047,Balanced,متوازن
1112,,Bambara,
1113,121048,Bank Draft,شيك مصرفي
1114,,Barcode Label,
1115,,Barcode Label Type,
1116,,Barcode type for printing barcode labels from popups in left nav screen.,
1117,121049,Base of fifth (5th) Metarsal,قاعدة السنع الخامس
1118,121050,Base of fifth (5th) Metarsal:,قاعدة السنع الخامس
1119,,Base URL for FHIR Server.,
1120,,Base URL for FHIR Server. Url should end with /,
1121,,Based on the individual practice's need the tests can be organized into various groups,
1122,,Bashkir,
1123,,"Basic patient information is included, such as patient and provider information, insurance, patient health status, recent care provided, care plan information, and reason for referral or transfer",
1124,,Basic Units,
1125,,Basque,
1126,121051,Batch Claim,مطالبات مجتمعة
1127,121052,Batch Communication Tool,أداة اﻹتصال الجماعية
1128,,Batch Communication Tool (batchcom),
1129,121053,Batch Payment Entry,إدخال الدفعات
1130,121054,Batch Payments,دفعات
1131,121055,Batch processing initiated; this may take a while.,جاري معالجة رزمة - قد يستغرق هذا بعض الوقت
1132,121056,Batch Results,مجموعة النتائج
1133,121057,BatchCom,BatchCom
1134,,BAT{{Brightness Acuity Testing}},
1135,,BC{{Base Curve}},
1136,,Be careful with this feature. Back up your database and documents before using it!,
1137,,"Be patient, some files can take several minutes to process!",
1138,,"Be patient, this can take a while.",
1139,,"Be sure to branch it off the Well Woman Tests line (Tier 1), if properly branched both TSH and vitamin D should have a Tier value of 2",
1140,121058,because that id does not exist.,لإن هذا الرقم غير موجود
1141,,Becoming easily annoyed or irritable,
1142,,before,
1143,,before (PM),
1144,,Before beginning to use the Fee Sheet read through this help page and do some preliminary setup.,
1145,,Before proceeding to configuring the tests themselves you would need to review the values included in the standard release and make changes according to need,
1146,,Before we proceed to create a Custom Group of Tests and save it as a Favorite a quick recap of the principles involved,
1147,,Before you begin customization please ensure that all the ICD and CPT codes you will be needing have been entered into the database,
1148,,Before you start entering data check the spreadsheet once again and make adjustments as needed,
1149,,Before you try out electronic ordering you need to understand the issues involved,
1150,121059,Begin,تاريخ البدء
1151,,Begin and End date if information is available,
1152,121060,Begin Date,تاريخ البدء
1153,,Begin date if known,
1154,,Beginning Account Balance,
1155,,Beginning Date for Ledger Report,
1156,121061,Beginning date of service yyyy-mm-dd,تاريخ بدء الخدمة
1157,121062,Beginning hour of day for calendar events.,ساعة بداية اليوم للمواعيد
1158,,Beginning of Current Work Week,
1159,,Being a software application it can be compromised by malware that steals the secret key or by social engineering,
1160,,Being irritable,
1161,,Being restless,
1162,,Being so restless that it's hard to sit still,
1163,,Belarusian,
1164,121063,Belching,التجشؤ
1165,,Below link is only valid for one hour.,
1166,,Below lower panic limits,
1167,,"Below this is a table that contains the existing transactions, if any, pertaining to the current patient",
1168,,Benefit Type,
1169,121064,Bengali,بنغالي
1170,,Bengali- Bangla,
1171,,Best of Luck.,
1172,,Best practice is to select Location(s) then a Category for the location then click the appropriate action button.,
1173,121065,between,بين
1174,,bg{{image canvas label}},
1175,,Bibliographic Citation,
1176,,Bidirectional,
1177,,Bifocal,
1178,,Bifocals,
1179,,Bihari,
1180,121066,Bilateral,ثنائي الجانب
1181,121067,Bilateral:,ثنائي الجانب
1182,,Bill,
1183,,Bill Date,
1184,121068,Bill Date:,تاريخ الفاتورة:
1185,,Bill Type,
1186,121069,Bill/Collect,الفاتورة/ التحصيل
1187,121070,Billed,الفاتورة مرسلة
1188,,Billed Date,
1189,121071,Billing,الفاتورة
1190,121072,Billing (write optional),الفاتورة اختياري
1191,,Billing (write optional) (bill),
1192,,"Billing - provides a summary of the balances - Patient Balance Due, Insurance Balance Due, Total Balance Due and lists the name of the Primary Insurance along with its effective date",
1193,,Billing Address,
1194,121073,Billing Attn,الفاتورة إلى
1195,,Billing Code Descriptions,
1196,121074,Billing Code for Requested Service,رمز الفاتورة للخدمات المطلوبة
1197,121075,Billing codes,رموز الفواتير
1198,121076,Billing Data,بيانات المحاسبه
1199,121077,Billing Department,قسم المحاسبة
1200,121078,Billing Facility,المحاسبة
1201,,Billing Facility lets you choose the facility used for billing. To create and edit the billing facility go to Administration  > Facilities,
1202,121079,Billing Information,معلومات المحاسبة و الأجور
1203,121080,Billing Location,مكان المحاسبة
1204,,Billing Log,
1205,,Billing Log Append,
1206,,Billing log is empty,
1207,,Billing Log Option,
1208,,Billing Log Overwrite,
1209,,Billing log setting to append or overwrite the log file.,
1210,121081,Billing Manager,مدير المحاسبة
1211,121082,Billing Note,ملاحظات المحاسبة
1212,121083,Billing Note for ,ملاحظات المحاسبة ل
1213,121084,Billing Note:,ملاحظات المحاسبة
1214,,Billing queue results,
1215,121085,Billing queue results:,نتائج المحاسبة
1216,121086,Billing Report,تقرير المحاسبة
1217,121087,Billing Status,حالة الفوترة
1218,121088,Billing Status = Unbilled,حالة الفوترة - لم يتم إصدار الفاتورة
1219,121089,billing to ,إرسال الفاتورة إلى
1220,121090,Billing View,شكل الفاتوره
1221,,Binocular Pupillary Diameter - Distance,
1222,,Binocular Pupillary Diameter - Near,
1223,121091,Biopsy,خزعة
1224,,Birth Certificate,
1225,121092,Birth Date,تاريخ الولادة
1226,121093,Birth-24 months,الولادة - 24 شهر
1227,,Birthing Center,
1228,,Bislama,
1229,121094,Black,أسود إفريقي
1230,,Black lines show previously existing information.,
1231,,Black list,
1232,121095,Black Lung,رئة سوداء
1233,121096,Black or African American,أسود او افريقى امريكي
1234,121097,Bladder Cancer,سرطان المثانة
1235,121098,Bladder Infections,أخماج المثانة
1236,,Blank,
1237,121099,Blank Forms,استمارات فارغة
1238,121100,Bleeding Problems,مشاكل نزفية
1239,121101,Blind Spots,بقع عمياء
1240,,Blindness,
1241,121102,Bloating,حس انتفاخ
1242,,Block all files types that are not found in the White List. Can find interface to edit the White List at Administration->Files.,
1243,121103,Blocked,محجوب- مغلق
1244,121104,Blood,الدم
1245,121105,Blood Pressure,ضغط الدم
1246,121106,Blood pressure,ضغط الدم
1247,121107,Bloody Nose,نزف الأنف
1248,121108,Blue Cross Blue Shield,مؤسسة الصليب اﻻزرق الدرع اﻻزرق للتأمين
1249,,Blue lines in this report are informational.,
1250,121109,"Blue lines in this report are informational. Black lines show previously existing information.  Green lines show changes that were successfully applied.  Red lines indicate errors, or changes that were not applied; these must be processed manually.  Currently denied claims and payment reversals are not handled automatically and so will appear in red.",الخطوط الزرقاء في هذا التقرير هي للمعلومات. الخطوط السوداء تظهر المعلومات السابقة. الخطوط الخضراء تظهر التطبيق الناجح للتغيرات. الخطوط الحمراء تظهر وجود خطأ، أو إن التغيرات لم تطبق، لابد من تطبيقها يدوياً
1251,121110,Blurred Vision,رؤية مشوشة
1252,121111,BMI,مشعر كتلة الجسم
1253,121112,BMI Status,حالة مشعر كتلة الجسم
1254,,Body,
1255,121113,Body Region,منطقة الجسم التشريحية
1256,121114,Body Site,الموقع التشريحي
1257,121115,"Body site, if applicable",الموقع التشريحي، عند الضرورة
1258,121116,Bone Tenderness:,مضض العظام
1259,121117,Bone Tenderness: Medial Malleolus,مضض مفصل الكاحل
1260,121118,Boolean,رقمي
1261,,Bosnian,
1262,121119,Bot,السفلي
1263,,Both,
1264,121120,Both Ears,كلا الأذنين
1265,121121,both ears,كلا الأذنين
1266,,Both Name and Category will be highlighted yellow to provide an additional visual clue that this is an order. A fact that will be appreciated when several orders are entered in the system along with their respective groups and results,
1267,,Both rendering and supervising providers can be set here,
1268,121122,Bottom,الأسفل
1269,,Bottom Margin (px),
1270,,"Box 10 - This information indicates whether the patient’s illness or injury is related to employment, auto accident, or other accident",
1271,,Box 10 A. Employment related,
1272,121123,BOX 10 A. Employment related ,الصندوق رقم 10 أ : إصابة عمل
1273,,Box 10 B. Auto Accident,
1274,121124,BOX 10 B. Auto Accident ,الصندوق رقم 10 ب : حادث سيارة
1275,,Box 10 C. Other Accident,
1276,121125,BOX 10 C. Other Accident ,الصندوق رقم 10 ج: حوادث اخرى
1277,,"Box 10 D - Is used to submit the Early and Periodic Screening, Diagnosis and Treatment (EPSDT) Referral Code",
1278,,Box 10 D. EPSDT Referral Code,
1279,,BOX 10 D. EPSDT Referral Code,
1280,,Box 10. a. Employment related:,
1281,,Box 10. b. Auto Accident:,
1282,,Box 10. c. Other Accident:,
1283,,Box 10. d. EPSDT Referral Code:,
1284,,"Box 14 - It identifies the first date of onset of illness, the actual date of injury, or the LMP for pregnancy. Enter the date in the first box and select either Onset of Current Symptoms or Illness or LMP from the drop-down box",
1285,,BOX 14 Date Qualifier,
1286,,BOX 14. Is Populated from the Encounter Screen as the Onset Date,
1287,,Box 14. Onset Date:,
1288,,Box 15 - The Other Date identifies additional date information about the patient’s condition or treatment. Enter the date in the first box and select a qualifier from the drop-down box,
1289,,BOX 15 Other Date Qualifier,
1290,121126,BOX 15. Date of same or similar illness (yyyy-mm-dd):,الصندوق رقم 15 : تاريخ نفس المرض أو مشابه (بهذة الصيغة : 12-05-1990)
1291,,BOX 15. Date of same or similar illness/Other Date (yyyy-mm-dd):,
1292,,Box 15. Other Date:,
1293,,Box 16 - Dates Patient Unable to Work in Current Occupation - is the time span the patient is or was unable to work,
1294,,Box 16. Date unable to work from,
1295,,BOX 16. Date unable to work from,
1296,121127,BOX 16. Date unable to work from (yyyy-mm-dd):,الصندوق رقم 16 :تاريخ بداية العجز عن العمل (بهذة الصيغة : 12-05-1990)
1297,,Box 16. Date unable to work from:,
1298,,Box 16. Date unable to work to,
1299,,BOX 16. Date unable to work to,
1300,121128,BOX 16. Date unable to work to (yyyy-mm-dd):,الصندوق رقم 16 :تاريخ نهاية العجز عن العمل (بهذة الصيغة : 12-05-1990)
1301,,Box 16. Date unable to work to:,
1302,,"Box 17 - The name entered is the referring provider, ordering provider or supervising provider who referred, ordered, or supervised the service(s) or supply(ies) on the claim. If multiple providers are involved, enter one provider using the following priority order: 1. Referring Provider, 2. Ordering Provider, 3. Supervising Provider.",
1303,,Box 17. Provider,
1304,,BOX 17. Provider,
1305,,Box 17. Provider Qualifier,
1306,,BOX 17. Provider Qualifier,
1307,,Box 17. Provider Qualifier:,
1308,,Box 17. Provider:,
1309,,Box 18 - The “Hospitalization Dates Related to Current Services” would refer to an inpatient stay and indicates the admission and discharge dates associated with the service(s) on the claim,
1310,,Box 18. Hospitalization date from,
1311,,BOX 18. Hospitalization date from,
1312,121129,BOX 18. Hospitalization date from (yyyy-mm-dd): ,الصندوق رقم 18 :تاريخ بداية التنويم (بهذة الصيغة : 12-05-1990)
1313,,Box 18. Hospitalization date from:,
1314,,Box 18. Hospitalization date to,
1315,,BOX 18. Hospitalization date to,
1316,121130,BOX 18. Hospitalization date to (yyyy-mm-dd): ,الصندوق رقم 18 :تاريخ نهاية التنويم (بهذة الصيغة : 12-05-1990)
1317,,Box 18. Hospitalization date to:,
1318,,Box 20 - Indicates that services have been rendered by an independent provider as indicated in Box 32 (Service Facility Location Information) and the related costs,
1319,,Box 20. Is Outside Lab used?,
1320,121131,BOX 20. Is Outside Lab used?,الصندوق رقم 20 : هل تم إستخدام مختبر خارجي؟
1321,,Box 22 - Medicaid Resubmission Code and Original Reference Number is the code and original reference number assigned by the destination payer or receiver to indicate a previously submitted claim or encounter,
1322,,Box 22. Medicaid Resubmission Code (ICD-10),
1323,,Box 22. Medicaid Resubmission Code (ICD-9) ,
1324,121132,BOX 22. Medicaid Resubmission Code (ICD-9) ,الصندوق رقم 22 : رمز إعادة التسليم الطبي (ICD-9)
1325,,Box 23 - Prior Authorization Number is the payer assigned number authorizing the service(s),
1326,,Box 23. Prior Authorization No.,
1327,,Box 23. Prior Authorization No. ,
1328,121133,BOX 23. Prior Authorization No. ,الصندوق رقم 23 : رقم التفويض السابق
1329,121134,BP,ضغط الدم
1330,121135,BP Diastolic,ضغط الدم اﻹنبساطي
1331,121136,BP Systolic,ضغط الدم اﻹنقباضي
1332,,BPD,
1333,121137,Bpd,ضغط الدم اﻹنبساطي
1334,,BPD-D{{abbreviation for Binocular Pupillary Diameter - Distance}},
1335,,BPD-N{{abbreviation for Binocular Pupillary Diameter - Near}},
1336,,BPS,
1337,121138,Bps,ضغط الدم اﻹنقباضي
1338,,Brand,
1339,,Brand Name,
1340,121139,Brazilian Portuguese,برازيلي برتغالي
1341,121140,Breast,الثدي
1342,121141,Breast Biopsy,خزعة الثدي
1343,121142,Breast Discharge,مفرزات الثدي
1344,121143,Breast Disease,مرض الثدي
1345,121144,Breast Exam,فحص الثدي
1346,121145,Breast Mass,كتلة الثدي
1347,,Breath,
1348,121146,Breath Sounds:,أصوات التنفس:
1349,,Breton,
1350,,Brightness Acuity Testing,
1351,121147,Broken Bones,عظام مكسورة
1352,,broken form,
1353,121148,Bronchitis Form,استمارة التهاب القصبات
1354,,Brother,
1355,,Brow,
1356,121149,Browse,تصفح
1357,121150,Browse for Record,تصفح السجل
1358,121151,Bruising/haematoma,تكدم/ ورم دموي
1359,,Build diagnoses list by clicking appropriate code button.,
1360,,Build Your Plan,
1361,,Bulgarian,
1362,121152,Bulging Right:,بروز ايمن
1363,,Burmese,
1364,121153,Burning with Urination,حرقة أثناء التبول
1365,121154,Burning With Urination,حرقة أثناء التبول
1366,,Business Associate Agreement,
1367,,Business Phone,
1368,121155,Busy,مشغول
1369,,but Needs Review,
1370,121156,but not yet processed.,لكن لم تتم معالجتة بعد
1371,121157,Buttock,ردف
1372,121158,Buttock + S.I.,ردف
1373,,"button to clear Location selections, ""Send"" button to send templates to patient(s) or profiles",
1374,121159,by,بواسطة
1375,121160,By,بواسطة
1376,,By default Active Messages are displayed as indicated in the section below the Messages caption,
1377,,"By default all codes are selected, uncheck the codes you do not want and click 'Add'. These codes will then be added to the current encounter",
1378,,By default only Demographics and Billing information is selected,
1379,,By default only five dated reminders are shown at a time,
1380,,By default the User Memberships section is selected and all the active registered users will be listed in alphabetical order by their user names.,
1381,121161,by mouth,عن طريق الفم
1382,,By selecting a payment method the rates calculated for that payment method will be automatically displayed in 'Selected Fee Sheet Codes and Charges for Current Encounter' section,
1383,121162,By/Source,بواسطة/ المصدر
1384,121163,By:,من قبل:
1385,,by{{made by/manufacturer}},
1386,,B{{both sides}},
1387,121164,C,ج
1388,,C/D Ratio{{cup to disc ration}},
1389,,C3 statistical reports.,
1390,,C3 Statistics Reporting,
1391,121165,CA Certificate for verifying the RFC 5425 TLS syslog server.,CA Certificate for verifying the RFC 5425 TLS syslog server.
1392,121166,Cache Lifetime (in seconds),حياة الذاكرة الوسيطة (بالثواني)
1393,121167,Cache template output?,خرج قالب الذاكرة الوسيطة؟
1394,,Caffeine,
1395,121168,Caffeine consumption,استهلاك القهوة
1396,121169,Calendar,التقويم
1397,121170,Calendar Ending Hour,ساعة نهاية التقويم
1398,121171,Calendar Interval,فترة التقويم
1399,121172,Calendar Screen,شاشة التقويم
1400,121173,Calendar Settings,إعدادات التقويم
1401,,Calendar Settings (calendar),
1402,121174,Calendar Starting Hour,ساعة بداية التقويم
1403,121175,Calendar UI,واجهة التقويم
1404,121176,Calendar View,مشاهدة التقويم
1405,,calendar_external to events,
1406,,Call Back Notes,
1407,121177,Call to addForm() goes here.<br>,شفرة إضافة نموذج (addForm()) تأتي هنا <br>
1408,,Callback,
1409,,Callback Performed,
1410,,Callback requested,
1411,121178,Calories,الحريرات
1412,121179,Cambodian,كمبودي
1413,121180,CAMOS,CAMOS
1414,,Can not determine OS!,
1415,,Can not find where to insert.,
1416,,Can not set this unless the Summary of Care Sent toggle is set.,
1417,,Can't find file!,
1418,,Can't upload,
1419,,Canada,
1420,121181,Cancel,إلغاء
1421,,cancel,
1422,,Cancel Appointment,
1423,121182,Cancel Changes,الغاء التغييرات
1424,,Cancel Payment,
1425,,Cancel/Exit,
1426,121183,Canceled,ألغي
1427,,Canceled < 24h,
1428,,Cancelled,
1429,121184,Cancer,السرطان
1430,121185,Cancer Screening: Colon Cancer Screening,تقصي السرطان: تقصي سرطان الكولون
1431,121186,Cancer Screening: Mammogram,تقصي السرطان: صورة الثدي
1432,121187,Cancer Screening: Pap Smear,تقصي السرطان: مسحة باب نيكولاو
1433,121188,Cancer Screening: Prostate Cancer Screening,تقصي السرطان: تقصي سرطان البروستات
1434,121189,Cannot add this entry because it already exists!,لايمكن إضافة هذا لأنه موجود سابقاَ
1435,,Cannot add to archive,
1436,121190,Cannot add/update this entry because a duplicate already exists!,لايمكن إضافة/تحديث هذا لأنه موجود سابقاَ
1437,121191,"cannot be archived, ignored",لا يمكن الحفظ
1438,121192,cannot be converted to JPEG. Perhaps ImageMagick is not installed?,لايمكن تحويله إلى ملف صورة - تحتاج تنصيب برنامج
1439,121193,"cannot be deleted, ignored",لا يمكن الحذف
1440,121194,cannot be displayed inline because its type is not supported by the browser.,لا يمكن عرض البيانات ﻷن المتصفح لا يدعم هذا النوع.
1441,121195,cannot be displayed inline becuase its type is not supported by the browser,لا يمكن عرض البيانات ﻷن المتصفح لا يدعم هذا النوع.
1442,121196,cannot be displayed inline becuase its type is not supported by the browser.,لا يمكن عرض البيانات ﻷن المتصفح لا يدعم هذا النوع.
1443,,Cannot be used in case of the absence of the cellular coverage,
1444,,Cannot close because there are charges. Check out instead.,
1445,121197,Cannot create,لا يمكن اﻹضافة
1446,,Cannot create file,
1447,,Cannot delete (from SFTP server) file,
1448,,Cannot delete file,
1449,,Cannot determine a destination filename,
1450,121198,Cannot find ,لا يمكن ايجاده
1451,121199,Cannot find a destination filename,لا يمكن ايجاد ملف بهذا اﻹسم
1452,,Cannot find a skip source field for,
1453,,Cannot find a skip target field for,
1454,121200,Cannot find patient from SQL-Ledger customer id,لا يمكن إيجاد المريض في قاعدة معلومات الزبائن
1455,121201,Cannot find postscript document reference in ,لا يمكن العثور علي دليل ملف ال postscript
1456,121202,Cannot find provider from SQL-Ledger employee = ,لا يمكن العثور من SQL-Ledger employee
1457,121203,Cannot Modify Payments.Undistributed is Negative.,لا يمكن تغيير الدفوعات. المقدار الغير موزع بالسالب
1458,,Cannot open,
1459,121204,Cannot open ,غير قابل للفتح
1460,121205,Cannot Post for Insurance.The Paying Entity selected is Patient.,لا يمكن المطالبةبالدفع من التأمين. الجهة المختارة هى مريض
1461,121206,Cannot Post for Patient.The Paying Entity selected is Insurance.,لا يمكن المطالبة بالدفع من المريض. الجهة المختارة هي شركة تأمين.
1462,121207,Cannot Post Payments.Undistributed is Negative.,لا يمكن المطالبة بالدفع. القيمة الغير موزعة بالسالب
1463,121208,Cannot read,لا يمكن القراءة
1464,121209,Cannot read directory,لا يمكن قراءة المجلد
1465,121210,Cannot update because you are not editing an existing entry!,لا يمكن التحديث لأن السجل غير موجود!
1466,121211,Capitalize,اﻹستفادة
1467,,Capitalize all,
1468,121212,capsule,كبسولة
1469,121213,Card,بطاقة
1470,,Card CVV,
1471,,Card Expiry Date,
1472,,Card Expiry Date and Card Holders Zip,
1473,,Card Holder Zip,
1474,,Card Name,
1475,,Card Number,
1476,,Card Type,
1477,,Cardiac,
1478,121214,Cardiac Catheterization,القسطرة القلبية
1479,121215,Cardiac Echo,تصوير صدى القلب
1480,121216,Cardiovascular,قلبي وعائي
1481,,Care Coordination,
1482,,Care Coordination Only,
1483,,Care documentation,
1484,,Care giver,
1485,,Care Plan,
1486,,Care Plan Form,
1487,,Care plan recommendations,
1488,,Care Team,
1489,,Careful planning is essential before entering the tests to ensure subsequent ease of use and proper display of results,
1490,,Carotid Bruit,
1491,,Carotid{{carotid arteries}},
1492,121217,Cartilage / chondral / disc damage,الغضروف / الغضروفي / تأذي القرص
1493,121218,Cartilage injury,إصابة الغضروف
1494,121219,"Cartoid pulsations nl, pedal pulses nl",نبض الشريان السباتي: سوي، نبض شريان ظهر القدم: سوي
1495,,CAR{{carotid arteries}},
1496,121220,cash,نقداَ
1497,121221,Cash,نقداَ
1498,121222,Cash Rec,إيصال الدفع نقداَ
1499,121223,Cash Receipts by Provider,جراحة الساد
1500,,Catalan- Valencian,
1501,,Cataract,
1502,121224,Cataract Surgery,الساد
1503,121225,Cataracts,المجموعات
1504,121226,Categories,المجموعة
1505,121227,Categories for,أصناف ال
1506,121228,Category,المجموعة
1507,121229,category,المجموعة
1508,121230,Category ,تفاصيل المجموعة
1509,,"Category - Order, Result and Recommendation need an identifying code",
1510,,Category changed.,
1511,,Category Color Schema,
1512,121231,Category Details,محددات المجموعة
1513,121232,Category Limits,اسم المجموعة
1514,121233,Category Name,قوقازي /أبيض
1515,121234,Category name is empty,اسم الصنف فارغ
1516,121235,Category/Title,الصنف / العنوان
1517,121236,Caucasian,الهاتف الخليوي
1518,121237,Causes Receipts to Print Encounter/Primary Provider Info,يجعل الإيصالات تطبع معلومات الزيارة/المزود الأولي
1519,,cc Distance{{with correction at distance}},
1520,,cc Near{{with correction at Near}},
1521,,CCD,
1522,,CCDA,
1523,,CCDA or QRDA Cat I,
1524,,ccDist{{ACT with Correction Distance}},
1525,,ccDist{{with correction distance}},
1526,,ccNear{{ACT with Correction Near}},
1527,,ccNear{{with correction at near}},
1528,,CCR,
1529,,CCR Approve,
1530,,CCR Patient Review,
1531,,CCR Review and Approve,
1532,,CC{{Chief Complaint}},
1533,,cc{{with correction}},
1534,,CC{{with correction}},
1535,,"CDA defines building blocks which can be used to contain healthcare data elements that can be captured, stored, accessed, displayed and transmitted electronically for use and reuse in many formats",
1536,,CDA or Clinical Document Architecture is a document standard developed by the HL7 organization,
1537,,CDC Code,
1538,,CDC-NIP Code,
1539,121238,CDR,لجنة تسجيل السّكر
1540,121239,CDR Reports Processing Priority,أولوية تشغيل تقارير لجنة تسجيل السّكر
1541,121240,Cell,خلية
1542,121241,Cell Phone,الهاتف النقال
1543,,Cell phone number,
1544,121242,Cell Phone Number,رقم الهاتف النقال
1545,,Centered Layout,
1546,121243,Central Certification,ترخيص مركزي
1547,,Central Macular Thickness,
1548,121244,Central/South American,امريكي جنوبي
1549,121245,Certificate Authority crt file location cannot be empty,crt لملف شهادة السلطة لا يمكن أن يكون خاليا
1550,121246,Certificate Authority key file location cannot be empty,مفتاح ملف شهادة السلطة لا يمكن أن يكون خاليا
1551,121247,Certificate to send to RFC 5425 TLS syslog server.,الشهادات التي سيتم إرسالها الي RFC 5425 TLS syslog server
1552,121248,Certificate User,شهادة المستخدم
1553,121249,Certificates,شهادات
1554,,Cervical Cancer Reporting,
1555,,Cervical cancer statistical reports.,
1556,,Chamorro,
1557,121250,ChampUS,تريكير برنامج صحي للجنود
1558,121251,ChampUSVA,تريكير برنامج صحي للجنود
1559,121252,change,غير
1560,121253,Change,غير
1561,121254,Change Activity,تغيرات النشاط
1562,,Change any item available and when ready click Send for review. The changes will be flagged and staff notified to review changes before commiting them to chart. During the time period before changes are reviewed the Revised button will show Pending and profile data is still available for changes. When accessing profile in pending state all previous edits will appear in Blue and current chart values in Red. You may revert any edit to chart value by clicking that red item (or vica versa) but remember that when you click Send for Review then items that populate the field items are the ones that are sent. Revert Edits button changes everything back to chart values and you may make changes from there. So to recap: Items in BLUE are patient edits with items in RED being original values before any edits.,
1563,,Change any item available and when ready click Send for review. The changes will be flagged and staff notified to review changes before committing them to chart. During the time period before changes are reviewed the Revised button will show Pending and profile data is still available for changes. When accessing profile in pending state all previous edits will appear in Blue and current chart values in Red. You may revert any edit to chart value by clicking that red item (or vica versa) but remember that when you click Send for Review then items that populate the field items are the ones that are sent. Revert Edits button changes everything back to chart values and you may make changes from there. So to recap: Items in BLUE are patient edits with items in RED being original values before any edits.,
1564,,Change Credentials,
1565,121255,Change failed! CouchDB connect error?,Change failed! CouchDB connect error?
1566,121256,Change in Vision,تغيرات الرؤية
1567,121257,Change In Vision,تغيرات الرؤية
1568,,Change or keep current. Enter 12 to 80 characters. Recommended to include symbols and numbers but not required.,
1569,121258,Change Password,تغيير كلمة السر
1570,,Change Password for,
1571,,Change Portal Credentials,
1572,,Change Status for,
1573,,Change your password before it expires on,
1574,121259,Changed,تغير
1575,121260,Changed Bowel,تغيرت عادات التبرز
1576,,Changes the current theme to be more compact.,
1577,,Changes the layout of the login page.,
1578,121261,Changing patient ID for document,تغيير هوية المريض
1579,,Changing the status to Done will remove the message from the active message list,
1580,,Changing the status to New will achieve the same result,
1581,,Changing the status to Read would leave it as a read message in the active messages list of the current user,
1582,,Channels,
1583,121262,Characteristics,مواصفات
1584,121263,Characters Remaining,أحرف متبقية
1585,121264,Charge,تكلفة
1586,121265,Charge adjustment,تعديل التكلفة
1587,121266,Charge Coded,تكلفة برمز
1588,,Charge Total,
1589,121267,Charges,تكاليف
1590,,Charges for,
1591,121268,Chart,ملف المريض
1592,121269,Chart Activity,حركة ملف المريض
1593,121270,Chart Check-in/out Activity Report,تقرير الدخول / الخروج لملف المريض
1594,,Chart History,
1595,121271,Chart ID,هوية الملف
1596,121272,Chart ID:,هوية الملف:
1597,,Chart Label,
1598,121273,Chart Location Activity,حركة موقع الملف
1599,121274,Chart Note,الملاحظات
1600,121275,Chart Number,رقم الملف
1601,,Chart pulled,
1602,121276,Chart Storage Locations,مواقع ملفات المرضى
1603,,Chart to,
1604,,Chart to Category,
1605,121277,Chart Tracker,متتّبع المخططات
1606,121278,Chart Trk,متتّبع المخططات
1607,,Chart View,
1608,,Charting History.,
1609,121279,Charts Checked Out,تم اخراج مخططات المريض
1610,121280,Charts Out,تم اخراج مخططات المريض
1611,,Chat,
1612,,Chat history,
1613,,Chat Messaging,
1614,,Chechen,
1615,121281,Check,فحص
1616,121282,check,فحص
1617,121283,Check All,فحص شامل
1618,,Check All - Components,
1619,121284,Check Amount,كمية الفحوص
1620,,Check and adjust the settings in the standard release,
1621,121285,Check Date,تاريخ الفحص
1622,,Check expiration dates.,
1623,121286,Check for differences of translations with custom language table.,فحص اﻹختلافات في الترجمة في ملف اللغة لمعدل
1624,,Check if a help file exists for this page in,
1625,,Check if this is a cognitive status. Unchecked is a functional status,
1626,,Check if you plan to print postcards locally,
1627,,Check if you plan to send postcards via MedEx,
1628,,Check if you plan to use Avery Labels for Reminders or Recalls,
1629,,Check In,
1630,121287,Check In To,فحص في و إلى
1631,121288,Check Input Data,فحص البيانات المدخلة
1632,,Check items to graph,
1633,121289,Check Lab Results,فحص نتائج المختبر
1634,121290,Check mark indicates reviewed,علامة الاختيار تعني تمت المراجعة
1635,121291,Check No,رقم الإختيار
1636,121292,Check Number,فحص الرقم
1637,,Check or Reference Number,
1638,121293,Check Out,خروج
1639,121294,Check Out Time,وقت الخروج
1640,121295,Check Payment,فحص الدفعة
1641,121296,Check the box if this is an encrypted file,اختر إذا كان هذا ملف مشفر
1642,,Check the CPOE (Computerized Provider Order Entry) check-box,
1643,,Check the Enable phiMail Direct Messaging Service check-box,
1644,,Check the Sequence numbers,
1645,121297,Check this if you want providers to see all appointments by default and not just their own.,اختر هذا إذا كنت تريد الطبيب أن يرى كل المواعيد وليس فقط مواعيده.
1646,,Check this to go live. Not checked is testing mode.,
1647,121298,Check to create problem from this diagnosis,اختر لكتابة مشكلة من التشخيص
1648,,"Check your email inbox (and possibly your spam folder) for further instructions to register. If you have not received an email, then recommend contacting the clinic.",
1649,,"Check your email inbox (and possibly your spam folder) for further instructions to reset your password. If you have not received an email, then recommend contacting the clinic.",
1650,,Check/EOB Date,
1651,121299,Check/EOB Date:,اختر / تاريخ نهاية العمل
1652,,Check/EOB No.,
1653,121300,Check/EOB No.:,اختر / رقم نهاية العمل
1654,121301,Check/Ref Number,اختر / الرقم المرجعي
1655,121302,Check/Reference Number,اختر / الرقم المرجعي
1656,121303,Checkbox list,قائمة صندوق اﻹختيارات
1657,121304,checkbox list,قائمة صندوق اﻹختيارات
1658,121305,checkbox w/ text,صندوق اختيار بنص
1659,121306,Checkbox w/text,صندوق اختيار بنص
1660,,Checkbox(es),
1661,,Checkboxes above indicate if you want to reject and delete the HL7 file.,
1662,,Checkboxes w/text,
1663,121307,Checked,تم اختياره
1664,,checked,
1665,121308,"Checked box = yes ,  empty = no",صندوق اختيار = نعم ، فارغ = لا.
1666,,"Checked box = yes, empty = no",
1667,,Checked Drug Formulary?,
1668,,Checked Out,
1669,,Checked out,
1670,,Checking any of the check boxes will result in a Yes on the CMS 1500 form,
1671,,"Checking the Groups and Access Controls checkbox will reveal this section that lists all the categories with sub-categories (ACOs), i.e. the parts of the program controlled by the access control list privileges.",
1672,,Checking the lock checkbox will prevent any futher edits on any forms in this encounter.,
1673,,Checking the Postcards check box will let you print a postcard that can be mailed to a patient,
1674,121309,Checkout,خروج
1675,,Checkout Receipt Note,
1676,,Checkout Receipt Ref,
1677,,checksum,
1678,121310,Checksum,Checksum
1679,121311,Chest,الصدر
1680,121312,Chest CTAB,الصدر خالي من الأصوات المرضّية
1681,121313,Chest Pain,الم الصدر
1682,121314,Chest Pain:,الم الصدر:
1683,121315,Chest Pains,الام الصدر
1684,,Chest physician,
1685,121316,Chg,تكلفة
1686,,Chichewa- Chewa- Nyanja,
1687,121317,Chief Complaint,الشكاية الأساسية
1688,,Chief Complaint 2,
1689,,Chief Complaint 3,
1690,121318,Child,الطفل
1691,,Child in-law,
1692,121319,Childhood immunization Status (CQM),حالة تحصينات سن الطفولة
1693,121320,Chills,عرواءات
1694,121321,Chinese,صيني- اللغة
1695,121322,Chinese (Simplified),اللغة الصينية المبسطة
1696,121323,Chinese (Traditional),الغة الصينية التقليدية
1697,,Chiropractic,
1698,121324,Choices,اختيارات
1699,121325,Cholecystectomy,استئصل المرارة
1700,,cholecystectomy,
1701,121326,Cholecystestomy,استئصال المرارة
1702,121327,Choose,اختر
1703,,choose,
1704,,Choose a period or dates (YYYY-MM-DD),
1705,121328,"Choose a section and click an item within it; then in the other section you will see the related items highlighted, and you can click in that section to add and delete relationships.",اختر القسم و انقر على عنصر ضمنه، العناصر المتعلقة محددة
1706,,Choose constant column,
1707,121329,Choose Criteria,اختر المعايير
1708,,Choose CSV table,
1709,,Choose definition column,
1710,,Choose Download or Display Inline,
1711,,Choose either current provider or current logged in provider,
1712,,Choose file,
1713,121330,Choose File,اختر ملف
1714,121331,Choose from list,اختر من القائمة
1715,,Choose Layout Direction,
1716,121332,Choose list,اختر من القائمة
1717,,Choose one if appropriate,
1718,,Choose one of the four return values that reflect varying degrees of privilege.,
1719,,Choose Paper Size,
1720,,Choose Patient,
1721,,Choose PDF languange Preference,
1722,121333,Choose print format for this encounter report.,اختر شكل طباعة هذا التقرير
1723,,Choose the layout (need to logout and then login to see this new setting).,
1724,,Choose your default encounter view,
1725,,"Chrome browser version 41 and above, Mozilla Firefox browser version 64 and above, Microsoft Edge browser version 19 and above, Safari browser version 13 and above, Opera browser version 40 and Opera browser version 42 and above support FIDO U2F API",
1726,121334,Chronic Bronchitis,التهاب القصبات المزمن
1727,121335,Chronic Joint Pain,الألم المفصلي المزمن
1728,121336,Chronic Kidney Disease (CKD),مرض الكلى المزمن
1729,,Chronic or Inactive Problems,
1730,,Chronic Problems,
1731,121337,Chronic synovitis / effusion / joint pain / gout,التهاب الغشاء الزليلي المزمن/الانصباب/ألم المفصل/ النقرس
1732,,Chronic/Inactive Problems,
1733,121338,Chronic/Recurrent,مزمن/متكرر/ناكس
1734,,Chuvash,
1735,,Cigs,
1736,,Cipher failure check encryption key,
1737,121339,Cirrhosis of the Liver,تشمع الكبد
1738,121340,Cirrhosis Of The Liver,تشمع الكبد
1739,121341,City,المدينة
1740,,City and state must both be filled out,
1741,121342,City Name,اسم المدينة
1742,121343,"City, State",المدينة ، المحلفظة
1743,121344,"City, State Zip",المدينة ، المحلفظة ، الرمز
1744,,"City, State, ZIP",
1745,,"City,St,Zip",
1746,121345,City/State,المدينة/المحافظة
1747,121346,Claim,دعوى
1748,121347,Claim ,الدعوى
1749,,Claim Edit,
1750,,Claim File Tracker,
1751,121348,Claim Status,حالة الدعوى
1752,121349,Claim test has completed running,انهى إختبار المطالبة العمل
1753,121350,Claim Type,نوع المطالبة
1754,121351,Claim was generated to file,تم إضافة المطالبة إلى ملف
1755,121352,Claim was generated to file ,تم إضافة المطالبة إلى ملف
1756,121353,Claims,مطالبات
1757,,claims selected.,
1758,,Class,
1759,121354,Classification,التصنيف
1760,121355,Clear,امسح
1761,,clear,
1762,,Clear 2FA,
1763,121356,CLEAR ACTIVE PATIENT,مسح
1764,,CLEAR ACTIVE THERAPY GROUP,
1765,121357,Clear All,امسح الكل
1766,,Clear Filters,
1767,,Clear history,
1768,121358,Clear HL7 Data,بيانات HL7 واضحة
1769,,Clear Insurance Debt,
1770,121359,Clear Justification,مبرر واضح
1771,,Clear Left side values,
1772,,Clear Log,
1773,,Clear OD{{right eye}} values,
1774,,Clear Pad,
1775,,Clear Right side values,
1776,,Clear Signature,
1777,121360,Clear Smarty Cache,مسح الذاكرة
1778,,Clear the log,
1779,121361,Clearing house info required for EDI 270 batch creation.,Clearing house info required for EDI 270 batch creation.
1780,121362,CLIA Number,رقم المحتبرات السريرية
1781,121363,Click,انقر
1782,121364,"Click 'export' to export your Category, Subcategory, Item, Content data to a text file. Any resemblance of this file to an XML file is purely coincidental. The opening and closing tags must be on the same line, they must be lowercase with no spaces. To import, browse for a file and click 'import'. If the data is completely different, it will merge with your existing data. If there are similar item names, The old one will be kept and the new one saved with a number added to the end.","انقر ""تصدير"" لتصدير صنف، عنصر، محتوى"
1783,,Click 'Save',
1784,,Click 'Save'. Now you will be able to use the Search feature to search all ICD 10 codes,
1785,121365,"Click a spot on the graphic to add a new annotation, click it again to remove it",إضغط على نقطة في الرسم ﻹضافة ملاحظة، واضغط مرة اخرى ﻹزالتها
1786,,Click and drag bottom right corner to resize this display,
1787,,Click Browse and select one Electronic Remittance Advice (ERA) file...,
1788,,Click Close to exit the Select Codes pop-up page,
1789,121366,Click Download Certificate to download the certificates in the file ssl.zip,انقر تنزيل الشهادة
1790,121367,click for more,انقر
1791,121368,Click for more details,انقر لمزيد من التفاصيل
1792,121369,Click for order summary,انقر لطلب مخلص
1793,121370,Click for results,انقر لمشاهدة النتائج
1794,,Click for Shorthand Help.,
1795,,Click Got it icon to dismiss this alert forever.,
1796,121371,Click here,انقر هنا
1797,121372,Click Here to add a new patient.,انقر ﻹضافة مريض
1798,121373,Click here to add new injury change status and edit daily activity,انقر ﻹضافة إصابة ، تعديل الحالة أو تحرير المهام اليومية
1799,,Click here to add new row,
1800,121374,Click here to choose a date,انقر هنا لاختيار التاريخ
1801,121375,Click here to choose a date and time,انقر هنا لاختيار التاريخ والوقت
1802,121376,Click here to choose a start date,انقر هنا ﻹختيار تاريخ البدء
1803,,Click here to choose date time,
1804,,Click here to choose date time from,
1805,,Click here to choose date time to,
1806,,Click Here to Configure This module,
1807,,Click here to delete all options,
1808,,Click here to delete the row,
1809,,Click here to delete the selection,
1810,,Click Here to Disable This module,
1811,,Click here to duplicate the row,
1812,,Click here to edit list of available Lens Materials,
1813,,Click here to edit list of available Lens Treatment Options,
1814,,Click here to Edit the Contact Lens Brand List,
1815,,Click here to Edit the Course/Occurrence List,
1816,,Click here to Edit the Manufacter List,
1817,,Click here to Edit the Supplier List,
1818,,Click here to Edit this Doctor's Plan options,
1819,,Click here to Edit this Doctor's Quick Pick list,
1820,,Click here to Edit this Provider's Exam Default values,
1821,,Click Here to Enable This module,
1822,,Click Here to Install ACL for module,
1823,,Click Here to Install SQL for module,
1824,,Click Here to Install This module,
1825,121377,click here to search,انقر هنا للبحث
1826,,Click here to see observation results,
1827,,Click Here to UnRegister this Module,
1828,121378,"click here to update priority, category and nickname settings",انقر هنا لتحديث إعدادات الأولوية، التصنيف، الاسم
1829,,"click here to update priority, category, nickname and access control settings",
1830,,Click Here to Upgrade ACL for module,
1831,,Click Here to Upgrade SQL for module,
1832,121379,Click here to view all.,انقر هنا لمشاهدة الكل
1833,121380,Click here to view and graph,انقر هنا للإستعراض والرسم
1834,,Click here to view and graph all labdata.,
1835,121381,Click here to view and graph all vitals.,انقر هنا ﻹستعراض ورسم كل العلامات الحيوية
1836,121382,Click here to view patient details,انقر هنا ﻹستعراض بيانات المريض
1837,121383,Click here to view them all.,انقر هنا ﻹستعراض الكل
1838,121384,Click here to view/edit more details,انقر هنا لمشاهدة /تعديل تفاصيل أكثر
1839,,Click in signature,
1840,,Click in signature on file,
1841,121385,Click Install button to install database release from the following date,انقر تثبيت لتثبيت قاعدة المعلومات من التاريخ التالي
1842,,Click me to Open Patient Dashboard,
1843,,Click OK if you are sure.,
1844,,Click OK to Clear or Cancel to continue processing.,
1845,,Click OK to import these patients into the patient input box,
1846,,Click Okay if you are sure you want to cancel this appointment?,
1847,,Click on Add to bring up the Add/Edit Issue pop-up page,
1848,,Click on Add to List button to add to the bottom section,
1849,121386,Click on any of the time parts to increase it,انقر على اي من أجزاء الوقت لزيادته
1850,,Click on Create New Transaction to open the Add/Edit Patient Transaction page,
1851,,"Click on either the Invoice Search button on the far right, for manual entry or ERA Upload button for uploading an entire electronic remittance advice ERA file",
1852,,Click on the 'Add Group' button to create this new group (ARO).,
1853,,Click on the + sign adjacent to the Serum Uric Acid test Name to reveal the newly created Result line,
1854,,Click on the + sign at the far end of the Blood Glucose line to bring up the Enter Details pop-up in the Add Mode,
1855,,Click on the Add icon at the far end of the Serum Chemistry line,
1856,,Click on the Add New dropdown box and select an option,
1857,,Click on the Allergy/Intolerance button,
1858,,Click on the black + sign at the far end of the Well Woman Tests line to create a direct descendant or child to this Custom Top Group,
1859,,Click on the black + sign on the Electrolyte Panel line to create a direct descendant or child,
1860,,Click on the blue + sign to see the Procedure Order that was saved,
1861,,Click on the blue plus sign under Name to reveal test names,
1862,,Click on the Diagnosis Codes box to open the Select Diagnosis Codes pop-up window,
1863,,Click on the File menu item on the top left of the Message center page ansd select Setup MedEx,
1864,,Click on the icon next to the 'Access Control List Administration' title to go to the phpGACL page.,
1865,,Click on the Issues menu item to bring up the Issues page,
1866,,Click on the Ledger menu item in the navigation bar to to enter the Patient Ledger page,
1867,,Click on the Name text box on the left section to bring up the patient finder pop-up,
1868,,Click on the New Recall button to open a new recall scheduling page,
1869,,Click on the the following link to learn more about what is involved.,
1870,121387,Click Patient Name to Open Patient File,انقر على إسم المريض لفتح ملفه
1871,,Click Refresh and click on the blue + mark that precedes the name Serum Chemistry,
1872,121388,"Click Refresh to view all results, or please input search criteria above to view specific results.",انقر تحديث ﻹستعراض كل النتائج أو قم بإدخال معايير البحث ﻹستعراض بيانات معينة
1873,,Click Register to register the TOTP,
1874,,Click Save,
1875,,Click Save and then Refresh,
1876,,Click Save to close the pop-up,
1877,,Click Save to close the pop-up window,
1878,,Click Save to create a new line with a Name of Well Womans Tests preceded by a vertical line indicating that it has no descendants or children,
1879,,Click Save to save and close the pop-up,
1880,,Click Save to save this problem,
1881,,Click the 'Add New Group' button to display the 'New Group Information' section.,
1882,,Click the 'Delete Group' button to completely remove this group.,
1883,,Click the 'Remove Group' button to display the 'Remove Group Form'.,
1884,,Click the 'Yes' radio button.,
1885,,Click the Clear button to clear the imported patient names and start afresh,
1886,,Click the Clear button to start afresh,
1887,,Click the Delete button to delete all selected codes or select individual codes to be deleted from the drop-down box adjacent to the delete button and then click the Delete button,
1888,,Click the pencil icon to grant and remove access privileges to the selected user,
1889,,Click the Save button,
1890,,Click the Search for Allergy button,
1891,,Click the slashed-eye icon to close.,
1892,,Click the Submit button to display the main log,
1893,,Click the Transmit button to reveal the Direct address box,
1894,,Click this to display/hide additional tests,
1895,,Click to activate and send to this recipient.,
1896,121389,Click to add a diagnosis,انقر لإضافة تشخيص
1897,,Click to add diagnosis for this test,
1898,,Click to add HCFA 1500 miscellaneous billing options,
1899,121390,Click to add new components,انقر ﻹضافة مكونات إضافية
1900,121391,Click to add new consultation,انقر ﻹضافة إستشارة جديدة
1901,,Click to add patient,
1902,,Click to choose diagnoses to justify.,
1903,,Click to Contract and set to henceforth open in Centered mode,
1904,,Click to display shorthand field names.,
1905,121392,Click to download,انقر للتنزيل
1906,121393,Click to edit,انقر للتحرير
1907,121394,Click to edit description,انقر لتحرير الوصف
1908,121395,Click to edit this event,انقر لتحرير هذه الحدث
1909,,Click to Expand and set to henceforth open in Expanded mode,
1910,,Click to expand or collapse All active patient templates panel.,
1911,,Click to expand or collapse Assigned Patients panel.,
1912,,Click to expand or collapse Repository templates panel.,
1913,121396,Click to generate the report,انقر لأنشاء التقرير
1914,,Click to go to page,
1915,,Click to Hide,
1916,,Click to hide advanced search,
1917,,Click to Hide Filters,
1918,,Click to hide search,
1919,,Click to learn more about the Clinical Document Architecture (CDA) and Consolidated CDA (C-CDA),
1920,,Click to make chat this current recipient only...,
1921,,"Click to manually configure access control, recommended for advanced users",
1922,,Click to match patient,
1923,,Click to open in a new window or tab,
1924,121397,Click to print,انقر للطباعة
1925,,Click to Re-Send this fax,
1926,121398,Click to receive (add) new lot,انقر لاستقبال أو إضافة جديد
1927,,Click to reveal more information,
1928,,Click to review the Directory of Service for this test,
1929,,Click to search past and current diagnoses history,
1930,,Click to see more information,
1931,121399,Click to select,انقر للاختيار
1932,121400,Click To Select,انقر للاختيار
1933,,Click to select a default diagnosis or procedure code for this order,
1934,121401,Click to select an industry-standard code for this procedure,انقر ﻹختيار رمز مقياس-صناعي لهذه اﻹجراءات
1935,,Click to select diagnosis or procedure code to default to order,
1936,,Click to select group,
1937,121402,Click to select optional procedure code,انقر ﻹختيار رمز اختياري لهذه اﻹجراءات
1938,,Click to select or change coding,
1939,121403,Click to select or change CVX code,انقر ﻹختيار أو تغيير رمز CVX
1940,121404,Click to select or change diagnoses,انقر لاختيار إو تغيير التشخيص
1941,121405,Click to select or change service codes,انقر ﻹختيار أو تغيير رمز الخدمة
1942,121406,Click to select patient,انقر لاختيار المريض
1943,121407,Click to select related code,انقر لاختيار الرمز
1944,,Click to select RXCUI code,
1945,121408,Click to select services to perform if this result is abnormal,انقر ﻹختيار الخدمات التي تقدم في حال كانت النتيجة غير طبيعية
1946,,Click to select services to perform if this result is abnormal.,
1947,,Click to select services to perform if this result is abnormal. This is optional,
1948,121409,Click to select the desired procedure,انقر ﻹختيار اﻹجراءات المطلوبة
1949,,Click to Show,
1950,,Click to show advanced search,
1951,,Click to Show Filters,
1952,,Click to show messages for all users,
1953,,Click to show messages for only the current user,
1954,,Click to show search,
1955,121410,Click to sort,انقر للترتيب
1956,,Click to start or end sql server activity checks.,
1957,,Click to use procedure code from code popup,
1958,121411,Click to view,انقر للمشاهدة
1959,,Click to view Help,
1960,121412,Click to view or edit,انقر للمشاهدة أو التحرير
1961,,Click to view.,
1962,121413,Click to view/edit,انقر للمشاهدة/التحرير
1963,,Click Update List to display billing information filtered by the selected Current Criteria,
1964,121414,Click Upgrade button to upgrade database release from the following date,انقر زر ترقية لترقية إصدار قاعدة المعلومات من التاريخ التالي
1965,,click View Log and review for errors.,
1966,,Click where indicated above to match the patient.,
1967,121415,Click:,انقر:
1968,,Clicking on 'Review' will list all the codes entered for previous encounters,
1969,,Clicking on either the Enter Name or Enter ID tab will bring up the search box which you can use to select a patient,
1970,,Clicking on Set As Completed will remove the reminder from the active display,
1971,,Clicking on the + button on the patient header panel opens the New Encounter Form,
1972,,Clicking on the Add Issue button brings up the add issue pop-up box,
1973,,Clicking on the Coding cell will bring up the Educational materials pop-up that will let you search by ICD10 code,
1974,,Clicking on the Create A Dated Reminder button will bring up the Send a Reminder popup,
1975,,Clicking on the Create Online/Offsite Portal Credentials button will generate a username and password for the patient that has to be given to the patient,
1976,,Clicking on the Delete button will delete the message,
1977,,Clicking on the first cell under Title will bring up the Add/Edit Issue pop-up page that will let you edit this entry,
1978,,Clicking on the icon next to the caption will display everyone's messages and the caption will change to All Messages,
1979,,Clicking on the icon next to their name will bring up the 'Edit' window.,
1980,,Clicking on the Miscellaneous > MFA Management menu item or User Name > MFA Management menu item brings you to the landing page for managing the multi factor authentication page for that user,
1981,,Clicking on the patient's name will reveal the message,
1982,,Clicking on the pencil icon will enter the Edit mode and will display the Enter Details pop-up window that was used to create the entry displayed on this line,
1983,,Clicking on the Show All or Show Inactive buttons will show the appropriate messages,
1984,,Clicking on the slashed eye icon will hide the filters,
1985,,Clicking on the View Log button will bring up the Dated Message Log popup,
1986,,Clicking Options will present a multiselection drop menu to add behaviors to the selected data type. Typing after pull down activates allows search in options.,
1987,,"Clicking the button will reveal a popup that will list the E/M codes, check the appropriate code and click 'OK'",
1988,,Clicking the Transmit button will open up a text box where the Direct address of the recipient needs to be entered,
1989,,Client APP ID:,
1990,121416,Client Certificate Expiration Days,أيام أنتهاء صلاحية شهادة العميل
1991,,Client certificate passphrase,
1992,121417,Client certificate validation period,فترة صلاحية شهادة العميل
1993,121418,Client certificate validity should be a valid number.,صلاحية شهادة العميل يجب أن يكون رقم صالح.
1994,121419,Client Copy,نسخة العميل
1995,,Client failed to save. Check system logs,
1996,121420,Client ID,تعريف المريض
1997,,Client List of IVE Activity,
1998,121421,Client medical history summary,ملخص القصة المرضية
1999,121422,Client Name,اسم المريض
2000,,Client Name / Client ID,
2001,121423,Client Number,رقم المريض
2002,121424,Client Profile - New Clients,إضبارة المريض - المرضى الجدد
2003,121425,Client Profile - Unique Clients,إضبارة المريض - المرضى المميزون
2004,,Client Receipt,
2005,,Client Registrations,
2006,,Client Secret APP ID:,
2007,,Client Type,
2008,121426,Clients,المرضى
2009,121427,Clinic,العيادة
2010,121428,Clinic Copy,نسخة العيادة
2011,121429,Clinic Daily Record,السجل اليومي للعيادة
2012,121430,Clinic ID,رقم العيادة
2013,121431,Clinical,سريري
2014,121432,Clinical Decision Rules Alert Manager,مدير تنبيه قواعد القرارات السريرية
2015,,Clinical documents are produced by arranging or limiting CDA elements in defined ways using templates and Implementation Guides (IG),
2016,121433,Clinical History,القصة المرضية
2017,,Clinical Instructions,
2018,,Clinical Instructions Form,
2019,,Clinical Notes Form,
2020,121434,Clinical Plans,خطط سريرية
2021,121435,Clinical Quality Measures (CQM),مقاييس الجودة السريرية
2022,,Clinical Quality Measures (CQM) - 2011,
2023,,Clinical Quality Measures (CQM) - 2014,
2024,121436,Clinical Reminders,التذكيرات السريرية
2025,,Clinical Reminders - is a widget that displays the Passive Alerts for a Clinical Decision Rule,
2026,,"Clinical Reminders/Alerts (write,addonly optional)",
2027,,"Clinical Reminders/Alerts (write,addonly optional) (alert)",
2028,121437,Clinical Reports,التقارير السريرية
2029,121438,Clinical Rule Action Category,فئة عمل القاعدة السريرية
2030,121439,Clinical Rule Action Item,بند عمل القاعدة السريرية
2031,121440,Clinical Rule Filter Methods,طرق تصفية القاعدة السريرية
2032,121441,Clinical Rule Target Methods,الطرق المستهدفة للقاعدة السريرية
2033,121442,Clinical Rules,القواعد السريرية
2034,121443,Clinical Rules Age Intervals,المراحل العمرية للقواعد السريرية
2035,121444,Clinical Rules Comparisons,مقارنات القواعد السريرية
2036,121445,Clinical Rules Encounter Types,أنواع المراجعات للقواعد السريرية
2037,121446,Clinical Rules Reminder Due Options,خيارات التذكير للقواعد السريرية
2038,121447,Clinical Rules Reminder Inactivation Options,الخيارات التفاعلية للتذكير بالقواعد السريرية
2039,121448,Clinical Rules Reminder Intervals,فترات التذكير للقواعد السريرية
2040,121449,Clinical Rules Reminder Methods,طرق التذكير للقواعد السريرية
2041,121450,Clinical Rules Target Intervals,الفترات المستهدفة للقواعد السريرية
2042,121451,Clinical targets,اﻷهداف السريرية
2043,121452,Clinical Term,العبارة السريرية
2044,121453,Clinical Term Code(s),رمز المصطلح السريري
2045,,Clinical View,
2046,121454,Clinicians,الأطباء
2047,121455,Clone,الاستنساخ
2048,121456,Clone Past Visit,استنساخ الزيارة السابقة
2049,121457,Close,إغلاق
2050,,close,
2051,,Close All Current Rx Panels and make this a Preference to stay closed,
2052,,Close and make this a Preference to stay closed,
2053,,Close form without saving answers,
2054,,Close Patient Chart,
2055,,Close this panel and delete this Rx,
2056,,Close this panel and make this a Preference to stay closed,
2057,,Close Window,
2058,121458,close window,إغلاق النافذة
2059,,Close...,
2060,121459,Closed,مغلق
2061,121460,cm,سم
2062,,CMS 1500 Form,
2063,,CMS 1500 incl FORM,
2064,121461,CMS 1500 Margins,CMS 1500 Margins
2065,,CMS 1500 Margins Left,
2066,,CMS 1500 Paper Form Format,
2067,,CMS 1500 PDF,
2068,,CMS 1500 PREPRINTED FORM,
2069,,CMS 1500 TEXT,
2070,,"CMS 1500 was revised on 2012-02-01 and is hence called Form 1500 (02-12) and is set to expire on 2020-03-31. As of April 1, 2014 only the revised, 02-12 version is accepted.",
2071,,CMS 1500: Box 31 Format,
2072,,CMS 1500: Date in Box 31 (Signature),
2073,121462,CMS ID,CMS ID
2074,,CMS ID For Encounter Claims,
2075,,CMS Margins Left,
2076,,CMS Portal,
2077,,CMS Portal Login,
2078,,CMS Portal Login ID,
2079,,CMS Portal not enabled!,
2080,,CMS Portal Password,
2081,,CMS Portal Request,
2082,,CMS Portal Site Address,
2083,,CMS Portal Username,
2084,,Cmsportal Login,
2085,,CMT{{Central Macular Thickness}},
2086,,CN VII{{cranial nerve seven}},
2087,,CN V{{cranial nerve five}},
2088,121463,CN2-12 intact,الأعصاب القحفية من الثاني- الثاني عشر: سليمة
2089,,CN5{{cranial nerve five}},
2090,,CN7{{cranial nerve seven}},
2091,121464,Co Pay,الدفع المشترك
2092,121465,Co Pay Paid,الدفع المشترك-مدفوع
2093,,Co-managing/referring provider,
2094,,Co-Pay,
2095,121466,CO-PAY,الدفع المشترك
2096,,Co-Payment,
2097,121467,Code,الرمز
2098,121468,code,الرمز
2099,,Code Description,
2100,121469,Code Finder,إيجاد الرمز
2101,121470,Code must be two letter lowercase,يجب أن يكون الرمز من حرفيين
2102,121471,Code or symbol to indicate currency,الرمز أو العينة لتوضيح العملة
2103,,Code Search,
2104,121472,Code Text,نص الرمز
2105,,Code Type,
2106,121473,code type,نمط الرمز
2107,,Code type not recognized,
2108,,Code type not yet defined,
2109,121474,Code Types,انماط الرمز
2110,121475,Code(s),الرمز
2111,121476,Coded,مشفر
2112,121477,Codes,الرموز
2113,,Codes - Leave blank,
2114,121478,Coding,نظام التصنيف
2115,,Coding (click for education),
2116,121479,"Coding - any encounters (write,wsome optional)",ترميز أي مراجعة
2117,,"Coding - any encounters (write,wsome optional) (coding_a)",
2118,121480,"Coding - my encounters (write,wsome optional)",ترميز مراجعاتي فقط
2119,,"Coding - my encounters (write,wsome optional) (coding)",
2120,,Coding complete,
2121,,Coding done,
2122,,Coding Engine,
2123,121481,Coding not authorized,الترميز غير مصرح
2124,121482,Coffee,القهوة
2125,,Coffee Use,
2126,,Cognitive,
2127,,Coins,
2128,121483,Coinsurance,التأمين المشترك
2129,121484,Coll w/o,إنهيار بدون
2130,,Collaborator,
2131,121485,Collapse,إنهيار
2132,121486,collapse,إنهيار
2133,121487,Collapse All,إخفاء جميع القوائم
2134,121488,Collapse all,إخفاء جميع القوائم
2135,121489,collapse all,إخفاء جميع القوائم
2136,,Collect For,
2137,,Collect Payment,
2138,,Collected,
2139,,Collected By,
2140,121490,Collection Date,تاريخ الجمع
2141,,Collection Date/Time,
2142,121491,Collections,تجميعات
2143,121492,Collections Report,تقرير التجميعات
2144,121493,Colon Cancer,سرطان الكولون
2145,121494,Colon Cancer Screening,فحص سرطان القولون
2146,121495,Colon Cancer Surgery,جراحة سرطان الكولون
2147,121496,Colonoscopy,تنظير الكولون
2148,121497,colonoscopy,تنظير الكولون
2149,121498,Color,اللون
2150,,Color for even sets (except when last set is even and all member appointments are displayed and at least one subsequent scheduled appointment exists (not displayed) or not all member appointments are displayed).,
2151,,Color for odd sets (except when last set is odd and all member appointments are displayed and at least one subsequent scheduled appointment exists (not displayed) or not all member appointments are displayed).,
2152,,Color for the last set when all member appointments are displayed and at least one subsequent scheduled appointment exists (not displayed).,
2153,,Color for the last set when not all member appointments are displayed.,
2154,,Color Vision,
2155,121499,Color:Abbr,إختصار اللون
2156,121500,Column,عمود
2157,121501,Columns,الأعمدة
2158,,Combine Reminders,
2159,121502,Combining Lots,الطبخات المجمعة
2160,121503,Comma,فاصلة
2161,,Comma-separated list of login names to use normal authentication instead of LDAP; useful for setup and debugging.,
2162,121504,Comment,ملاحظة / تعليق
2163,121505,Comments,التعليقات
2164,,comments,
2165,,Comments about change request,
2166,,Comments are required,
2167,,Comments field entry present,
2168,121506,Comments for this result or recommendation,التعليق على هذه النتيجة أو التوصيات
2169,121507,Commercial Insurance Co.,شركة التأمين
2170,121508,Commit Changes,حفظ التغييرات
2171,,Committed Changes,
2172,,Committing changes. Please Wait,
2173,,"Commonly used standards are HOTP (hash-based one-time password, RFC4226), TOTP (time-based one-time password or OCRA (OATH challenge-response algorithm, RFC6287) that were developed and are supported by the OATH (Initiative for Open Authentication)",
2174,,Communication,
2175,,Communication Engine,
2176,121509,Communications,الاتصالات
2177,,Community health physician,
2178,,Community Mental Health Center,
2179,121510,Company,الشركة
2180,121511,Company Name,إسم الشركة
2181,121512,Complete,كامل
2182,,Complete Visit Time,
2183,121513,Completed,مكتمل
2184,,completed,
2185,,Completed Ad,
2186,121514,Completed?,مكتمل؟
2187,,Completely remove the ability to display the Patient Flow Board.,
2188,,Completion Status,
2189,121515,Complications by Service Provider,التعيقدات من مزود الخدمة
2190,121516,Complications of Abortion,اختلاطات الإجهاض
2191,121517,Components,المكونات
2192,,Compose Message,
2193,,Compose new,
2194,,Compose New Message,
2195,,Compose Reply Message,
2196,,Comprehensive,
2197,,Comprehensive Inpatient Rehabilitation Facility,
2198,,Comprehensive Outpatient Rehabilitation Facility,
2199,,Compute,
2200,121518,Computer Aided Medical Ordering System,نظام الأوامر الطبية بمساعدة الكومبيوتر
2201,,"Concerning the General category. After being assigned to an active view, the General template will always appear as a base template in portal Pending documents i.e no category and as Default in the dashboard view.",
2202,121519,Conclusions,الاستنتاجات
2203,121520,Condition,حاله
2204,121521,Condition field not found,الحاله غير موجوده
2205,121522,Condition Status,وضع الحاله
2206,,Conditions,
2207,,Confidential,
2208,,Confidential apps are applications that are able to safely and securely store a secret. Browser based and many mobile applications do not satisfy this security constraint,
2209,,Config,
2210,121523,Configuration,اﻹعدادات
2211,121524,Configuration Export/Import,تصدير / إستيراد اﻹعدادات
2212,,Configuration saved successfully,
2213,121525,Configure Apache and OpenEMR to use Client side SSL certificates.,هيئ الأباتشى و البرنامج لإستخدام شهادات SSL التابعة للعميل
2214,121526,Configure Apache to use Client side SSL certificates,هيئ الأباتشى لإستخدام شهادات SSL التابعة للعميل
2215,121527,Configure Apache to use HTTPS.,هيئ الأباتشى لإستخدام HTTPS
2216,121528,Configure Openemr to use Client side SSL certificates,هيئ البرنامج لإستخدام شهادات SSL التابعة للعميل
2217,,Configure Orders and Results,
2218,,Configure Orders Help,
2219,,Configure the lab test structure,
2220,,Configure tracks,
2221,,Configure Tracks,
2222,,Configuring Multiple Orders,
2223,,Configuring multiple orders,
2224,,Confirm,
2225,121529,Confirm Create New Patient,تأكيد إضافة مريض جديد
2226,,Confirm Email Address,
2227,121530,Confirm New Password,تأكيد كلمة المرور الجديدة
2228,,Confirm Password,
2229,121531,Confirm Payment,تأكيد الدفع
2230,,Confirm to Delete Current Thread?,
2231,,Confirm to Delete Selected?,
2232,,Confirm to remove item,
2233,,Confirm Username,
2234,,Confirmed,
2235,,Conflicted Allergies,
2236,,Conflicted Medications,
2237,,Conflicted Problems,
2238,121532,Congenital,الخلقي
2239,,Congratulations for enabling 2FA,
2240,121533,"Conjuntiva, pupils",الملتحمة ، الحدقات
2241,,Conj{{Conjunctiva}},
2242,121534,Connection error,خظأ في الاتصال
2243,121535,Connectors,الموصلات
2244,,Cons,
2245,121536,Constant,ثابت
2246,,Constant Name,
2247,121537,constant name,إسم الثابت
2248,121538,Constant name is blank,إسم الثابت فارغ
2249,121539,constants,الثوابت
2250,121540,Constipation,الإمساك
2251,121541,Constitutional,أعراض جهازية عامة
2252,,Construction Firm,
2253,,Consultant physician,
2254,121542,Consultation Brief Description,وصف مختصر لسبب زيارة المريض
2255,,Consultation Notes - 2008,
2256,,Consumable,
2257,,Consumable Only,
2258,,Consumption,
2259,121543,Contact,المعلومات حول شخص قريب أو مرافق
2260,121544,Contact Email,البريد الإلكتروني
2261,121545,Contact Email Address,البريد الإلكتروني
2262,121546,Contact EMR Direct to subscribe to the phiMail Direct messaging service,تواصل مع EMRمباشرة للإشتراك فى خدمة phiMail للمراسلة المباشرة
2263,,Contact https://online.wenoexchange.com to sign up for Weno Free eRx service.,
2264,121547,contact info,المعلومات حول شخص قريب أو مرافق
2265,,Contact Information,
2266,,Contact Lens,
2267,,Contact Lens Refraction,
2268,121548,Contact Lenses,العدسات اللاصقة
2269,121549,"Contact Medical Information Integration, LLC at http://mi-squared.com for Lab Exchange Service.",تواصل مع دمج المعلومات الطبيّة لخدمة تبادل المعمل http://mi-squared.com
2270,121550,"Contact Medical Information Integration, LLC at http://mi-squared.com or ZH Healthcare at http://zhservices.com for subscribing the eRx service",تواصل مع دمج المعلومات الطبيّة http://mi-squared.com او ZH Healthcare at http://zhservices.com
2271,,"Contact Medical Information Integration, LLC at http://mi-squared.com or ZH Healthcare at http://zhservices.com for subscribing to the NewCrop eRx service.",
2272,,Contact mi-squared at http://www.mi-squared.com/products-services/openemr/ or ZH Healthcare at https://blueehr.com/contact-us/ for subscribing to the NewCrop eRx service.,
2273,121551,Contact name,اسم شخص قريب أو مرافق
2274,,"Contact Open Med Practice, www.openmedpractice.com for subscribing to the Weno Free eRx service.",
2275,,Contact or Notify Phone,
2276,121552,Contact Person,شخص قريب أو مرافق
2277,,Contact Phone,
2278,121553,Contact Phone Number,هاتف الشخص القريب أو المرافق
2279,,Contact Relationship,
2280,,Contact your Lab representative.,
2281,121554,"Contact ZMG, LLC (zmghealth@gmail.com) for subscribing the eRx service",تواصل مع (zmghealth@gmail.com) for subscribing the eRx service
2282,,Contacts,
2283,121555,contain at least three of the four following items:,تحتوي على اﻷقل على ثلاثة من أربعة من البنود التالية
2284,121556,Container Group Name,إسم محتوى المجموعة
2285,121557,Content,المحتوى
2286,121558,content,المحتوى
2287,,Contents,
2288,121559,Context,السياق
2289,121560,Context name can't be empty,اسم السياق لا يمكن أن يكون فارغا
2290,121561,Continue,الاستمرار
2291,,Continue Assessment,
2292,,Continue completes selected billing option normally.,
2293,,Continuity of Care Document,
2294,121562,Continuity of Care Document (CCD),استمرارية وثيقة الرعاية
2295,,Continuity of Care Document (CCD) is an electronic document containing patient specific information that aids in continuity of care,
2296,,Continuity of Care Document (CCD) is meant to be created at the conclusion of an encounter prior to transfer of care to enable the next provider to easily access such information,
2297,121563,Continuity of Care Record (CCR),استمرارية سجل الرعاية
2298,121564,Contra Clients,ضد العملاء
2299,121565,Contraception,منع الحمل
2300,,Contraception Form; Acceptors New to Modern Contraception,
2301,121566,Contraception Issues,مسائل منع الحمل
2302,121567,Contraceptive Complication (specify),التأثيرات الجانبية لموانع الحمل - اذكرها
2303,121568,Contraceptive Method,أسلوب منع الحمل
2304,121569,Contraceptive Products,منتجات منع الحمل
2305,121570,Contraceptive services previously started,خدمات منع الحمل السابقة
2306,121571,Contraceptives Start,بدء موانع الحمل
2307,,Contrast Acuity,
2308,,Contrast Acuity Testing,
2309,,Contrastart,
2310,,Contrast{{Constrast Visual Acuity}},
2311,121572,Control ID,معرف التحكم
2312,121573,Control No.,رقم التحكم
2313,,Controlled Substance?,
2314,,Convergence,
2315,,Convergence Amps,
2316,,Conversation,
2317,,Conversation from,
2318,,"Convert a JavaScript object into a JSON string, and send it to the server.",
2319,,Convert between plus and minus cylinder,
2320,,Coordinating Counselors,
2321,121574,COPAY,الدفع المشترك
2322,121575,Copay,الدفع المشترك
2323,121576,CoPay,الدفع المشترك
2324,121577,Copay not positive,الدفع المشترك غير موجب
2325,,Copay Paid,
2326,121578,Copays,الدفوع المشتركة
2327,121579,COPD,المرض الرئوي الانسدادي المزمن
2328,,Copy Left to Right,
2329,,Copy OD{{right eye}} values to,
2330,,Copy OS{{left eye}} values to,
2331,121580,Copy Pages to Patient Chart,نسخ الصفحات إلى إضبارة المريض
2332,,Copy Right to Left,
2333,,Copy these values into current visit.,
2334,,Copy to Layout...,
2335,121581,Copy Values,قيم النسخ
2336,121582,Copying the database file. This will take some time...,جاري نسخ ملف قاعدة المعلومات - قد يستغرق ذلك بعض الوقت
2337,121583,Copyright Notice,حول حفظ الحقوق
2338,,Cor Disease,
2339,,Core,
2340,,Cornea,
2341,,Cornish,
2342,121584,Coronary Artery Bypass,مجازة الشرايين التاجية
2343,121585,Coronary Artery Bypass Graft (CABG),مجازة الشرايين التاجية
2344,121586,Corrected,صحح
2345,,Corsican,
2346,121587,CouchDB,CouchDB
2347,121588,CouchDB Connection Failed.,فشل الإتصال CouchDB
2348,,CouchDB Connection SSL,
2349,121589,CouchDB Database,قاعدة البيانات CouchDB
2350,121590,CouchDB database name,إسم قاعدة البيانات CouchDB
2351,,CouchDB Error Log,
2352,,CouchDB error log is empty,
2353,121591,CouchDB host,مستضيف CouchDB
2354,121592,CouchDB HostName,إسم مستضيف CouchDB
2355,121593,CouchDB Log Enable,فعّل تسجيل احداث CouchDB
2356,121594,CouchDB Password,كلمة سّر CouchDB
2357,121595,CouchDB Port,مدخل CouchDB
2358,121596,CouchDB port,مدخل CouchDB
2359,,CouchDB save failed,
2360,,CouchDB SSL Allow Selfsigned Certificate,
2361,121597,CouchDB UserName,إسم مستخدم CouchDB
2362,121598,Cough,السعال
2363,121599,Cough:,السعال:
2364,,could not connect to server,
2365,,Could not create directory for X12 partner ,
2366,,Could not find RxNorm Table! Please install.,
2367,,Could not import the document. Please contact the EMR vendor.,
2368,,could not install ACL,
2369,,could not open table,
2370,121600,Could not read file,تعذر قراءة الملف
2371,,Could not read the file,
2372,,could not run sql query,
2373,121601,"Could not send email due to a server problem, ",فشل إرسال رسللة إلكترونية لعطل في الشبكة
2374,,Could not send email due to a server problem.,
2375,121602,Could not send email due to a server problem. ,تعذر إرسال البريد اﻹلكتروني بسبب مشكلة في الخادم
2376,121603,Couldn't create backup dir:,فشل إنشاء النسخة الاحتياطية
2377,121604,Couldn't remove dir:,تعذر حذف المجلد
2378,121605,Couldn't remove old backup file:,تعذر حذف ملف النسخ اﻹحتياطي السابق
2379,121606,Couldn't remove old export file: ,تعذر حذف ملف التصدير السابق
2380,121607,Coumadin Management - INR Monitoring,تدبير المعالجة بمميعات الدم- مراقبة INR
2381,121608,Couns by Method,الإستشارة بالنوع
2382,121609,Counseling,جلسات التوعية
2383,121610,Counseling activities,نشاطات التوعية
2384,,Counselors,
2385,,Counter Referral Form,
2386,121611,COUNTER REFERRAL FORM,نموذج اﻹحالة
2387,121612,Counter-Referral,تعدد الاحالة
2388,121613,Country,الدولة
2389,,Country Code,
2390,121614,Country Data Type,نوع بيانات الدول
2391,121615,Country list,قائمة الدول
2392,121616,"Country List (write,addonly optional)",قائمة الدول
2393,,"Country List (write,addonly optional) (country)",
2394,121617,Country Name should be represent in two letters. (Example: United States is US),اسم الدولة لا بد أن يتم تمثيله ب حرفين (مثلا : السعودية :SA)
2395,121618,county,المحافظة
2396,,County,
2397,121619,Coupon,القسيمة
2398,,Course,
2399,,Cousin,
2400,,Coverage Level,
2401,,Coverage Period,
2402,,Coverage Type,
2403,,CPOE,
2404,121620,CPT,قائمة الإجراءات الطبية
2405,121621,CPT Code,رمز CPT4
2406,121622,CPT Codes,تصانيف الإجراءات الطبية
2407,121623,CPT4 Procedure/Service,إجراءات / خدمة CPT4
2408,121624,CPTII Performance Measures,قياسات اداء CPTII
2409,121625,CQM,CQM
2410,,CQM (Mixed Types) Value Set,
2411,,CR (Wet),
2412,121626,Crackles:,أصوات تنفسية فرقعية:
2413,,Cranial Nerve 5: Trigeminal Nerve,
2414,,Cranial Nerve 7: Facial Nerve,
2415,121627,cream,كريم
2416,,Create,
2417,121628,Create a Client side SSL certificate for each user or client machine.,إنشاء شهادة SSL من جانب العميل لكل مستخدم أو جهاز العميل.
2418,121629,Create a client side SSL certificate for either a user or a client hostname.,إنشاء شهادة SSL من جانب العميل سواء لمستخدم أو لمضيف العميل.
2419,,CREATE A COUNTER-REFERRAL,
2420,,Create A Dated Reminder,
2421,,CREATE A LOCATION FOR RESULTS,
2422,,Create a new track,
2423,,CREATE A REFERRAL,
2424,,Create a reminder to schedule a future visit,
2425,,Create a reminder to schedule a future visit.,
2426,,CREATE A SIMPLE TRANSACTION TYPE,
2427,,"Create a spreadsheet in openoffice/LibreOffice, have 5 columns - CPT Code, Description, Standard, Credit Card and Cash. Fill in the values. From this spreadsheet manually copy and paste the values via Administration > Codes",
2428,,CREATE A TOP LEVEL CUSTOM GROUP,
2429,,CREATE A TOP LEVEL ENTRY,
2430,121630,Create an Event,إنشاء حدث جديد
2431,,CREATE AN ORDER,
2432,,Create an Order for a Panel of Tests,
2433,,Create an Order for a Single Test,
2434,121631,Create and download a full backup,إنشاء وتنريل نسخة احتياطية كاملة
2435,,Create and modify tracks,
2436,121632,Create Backup,إنشاء نسخة احتياطية
2437,121633,Create batch,إنشاء حزمة
2438,121634,Create Client Certificate,إنشاء شهادة الزبون
2439,121635,Create Client side SSL certificates,إنشاء شهادة أمن المتصفح
2440,,Create custom white list of MIME content type of a files to secure your documents system,
2441,,Create Date,
2442,121636,Create Duplicate,إنشاء نسخة مكررة
2443,,Create Encounter,
2444,121637,Create Eventlog Backup,إنشاء نسخة إحتياطية من سجل اﻷحداث
2445,,Create follow-up encounter,
2446,121638,Create new issue,إنشاء قضية جديدة
2447,,Create New Message,
2448,121639,Create New Patient,إنشاء ملف جديد للمريض
2449,,Create New Referral,
2450,,Create new Track,
2451,,Create New Transaction,
2452,121640,Create Offsite Portal Credentials,Create Offsite Portal Credentials
2453,,Create Online Portal Credentials,
2454,121641,Create Onsite Portal Credentials,Create Onsite Portal Credentials
2455,,Create Patient,
2456,121642,Create Patient Note,إنشاء تقرير عن المريض
2457,,CREATE THE CUSTOM ORDERS,
2458,121643,Create the SSL Certificate Authority and Server certificates.,Create the SSL Certificate Authority and Server certificates.
2459,121644,Create Visit,إنشاء زيارة
2460,121645,Created,تم
2461,,Created Definitions,
2462,,Created Definitions List,
2463,,Creates a report that contains various sections of the patient's medical record,
2464,,Creating a Custom Favorite Group to order frequently ordered tests together ,
2465,,Creating a Custom Group of Tests as Favorites,
2466,,CREATING A NEW DATED REMINDER,
2467,,CREATING A NEW MESSAGE,
2468,,Creating and Managing Encounters,
2469,,Creating anyway,
2470,121646,Creating export file,جارِ إنشاء ملف للتصدير
2471,,Creating new track failed,
2472,121647,Creating this file on remote host failed,فشل إنشاء الملف
2473,121648,Creator,المنشيء
2474,,Credentials Reset. Below link is only valid for one hour.,
2475,121649,credit,إئتمان
2476,,Credit,
2477,121650,Credit Card,بطاقة الائتمان
2478,,Credit Card Pay,
2479,,Credit Card Pay in Person,
2480,,Credit Card Pay over Phone,
2481,,Credit Charge,
2482,,Credit or Debit Card,
2483,121651,Credits,اﻹعتمادات
2484,,Cree,
2485,121652,Criteria,المعايير
2486,,Criteria Actions,
2487,,Croatian,
2488,121653,Crohn's Disease,داء كرون
2489,121654,Crohns Disease,داء كرون
2490,,crt_user,
2491,,CR{{Cycloplegic Refraction}},
2492,,CSV,
2493,121655,CSV Export,تصدير الى ملف CSV
2494,121656,CSV File,ملف CSV
2495,121657,CSV Tables,جداول CSV
2496,,CSV to calendar_external table,
2497,,CTL,
2498,,CTL{{Contact Lens Vision}},
2499,,CTL{{Contact Lens}},
2500,121658,CU.MM,مم مكعب
2501,121659,Cuban,كوبي
2502,,Cup,
2503,121660,Currency Decimal Places,اماكن الفاصلة العشرية للعملة
2504,121661,Currency Decimal Point Symbol,الفاصلة العشرية للعملة
2505,121662,Currency Designator,رمز العملة
2506,121663,Currency Thousands Separator,فاصل الالاف في العملة
2507,121664,Current,الحالي
2508,121665,Current Alcohol,الكحول الحالي
2509,,Current Authentication Method for,
2510,,Current Authentication Method for the logged in user,
2511,,Current Charges,
2512,121666,Current Consultation,الاستشارة الحالية
2513,121667,Current Criteria,المعايير الحالية
2514,,Current Day,
2515,121668,Current day highlight color,لون التوضيح لليوم الحالي
2516,121669,Current every day smoker,مدخن يومي
2517,,Current Eye Meds,
2518,121670,Current file name was changed to,الموقع الحالي
2519,,Current Glasses,
2520,121671,Current Hash,الفاصل الحالي
2521,121672,Current Location,تغير اسم الملف الحالي إلى
2522,,Current Logged in User,
2523,121673,Current Medications,اﻷدوية الحالية
2524,,Current on record trusted email,
2525,121674,Current Password,كلمة السر الحالية
2526,,Current password to authorize changes.,
2527,121675,Current Patient,المريض الحالي
2528,,Current Patient Only,
2529,,Current patient unavailable here. Use Patient Documents,
2530,,Current Physician,
2531,,Current Provider,
2532,,Current Pt Only,
2533,,Current Recipients,
2534,121676,Current Recreational Drugs,اﻷدوية الترويحية الحالية
2535,,Current RX,
2536,121677,Current some day smoker,مدخن متقطع
2537,,Current Status,
2538,,Current Status Time,
2539,,Current Target,
2540,,Current trusted email address on record.,
2541,,Current user,
2542,,Current Value,
2543,,Current Working Procedure Diagnoses,
2544,121678,Currently Active,النشط حالياَ
2545,,Currently Busy,
2546,,Currently Busy{{Service}},
2547,,Currently off-line,
2548,121679,Currently Running,المشغل حالياً
2549,,Currently there are 5 types of transactions in OpenEMR,
2550,121680,Currently there are no facilities.,لا توجد مراكز حالياً
2551,,Currently working on making this document,
2552,121681,Cushing Syndrom,متلازمة كوشينغ
2553,121682,Cushing Syndrome,متلازمة كوشينغ
2554,,Custodial Care Facility,
2555,,Custodian,
2556,121683,Custom,عرف
2557,,Custom Billing Phone Number,
2558,,Custom Checkout Receipt,
2559,,Custom Favorite Group - to group individual tests ,
2560,,Custom Favorite Group > Custom Favorite Item > Discrete results,
2561,,Custom Favorite Group and Custom Favorite Item is used to create customized groups of orders,
2562,,Custom Favorite Item  - for individual orders or tests,
2563,,Custom Greeting,
2564,121684,Custom input?,مدخل مخصص؟
2565,,Custom Order,
2566,,Custom Report,
2567,,Custom Statement message,
2568,,Custom Sub Group,
2569,121685,Custom Table,جدول مخصص
2570,,"Custom text for Flow Board postcards. After changing text, print samples before printing mass quantities!",
2571,,Custom Top Group,
2572,,Customer,
2573,,Customers in Checkout and Receipt,
2574,,Customize the Fee Sheet,
2575,,Customize the Transaction Form,
2576,,CVV,
2577,,Cvx Code,
2578,121686,CVX Code,كود CVX
2579,121687,CVX Code Mapping,تخطيط كود CVX
2580,121688,CVX Immunization,تطعيم CVX
2581,,CV{{Cardiovascular}},
2582,121689,Cycle,دورة
2583,,Cyclo 1%,
2584,,CycloMydril,
2585,,Cycloplegic (Wet) Refraction,
2586,,Cyl{{Cylinder}},
2587,,CYL{{Cylinder}},
2588,121690,CYP,سيتوكروم بي
2589,121691,CYP Factor,معامل سيتوكروم بي
2590,121692,CYP Report,تقرير سيتوكروم بي
2591,,CYP statistical reports.,
2592,,CYP Statistics Reporting,
2593,121693,Czech,تشيكي
2594,121694,D,د
2595,121695,D&C,التوسيع و التجريف
2596,121696,D&E,التوسيع و التفريغ
2597,,D&V Full OU{{Ductions and Versions full both eyes}},
2598,121697,D.O.B.,تاريخ الولادة
2599,121698,daily,يومياَ
2600,121699,Daily Record,السجل اليومي
2601,,Daily Report,
2602,,Daily statistical reports.,
2603,,Daily Statistics Reporting,
2604,,Daily Summary Report,
2605,121700,Danish,دانماركي
2606,,Dashboard,
2607,,Dashboard - summarizes all patient related information,
2608,,Dashboard{{patient file}},
2609,121701,"Data Alike is already in database, please change code and/or description",معلومات مشابهة موجودة مسبقا. قم بتغيير المز و/أو الوصف
2610,121702,"Data Alike is already in database, please change constant name",معلومات مشابهة موجودة مسبقا. قم بتغيير إسم الثابت
2611,121703,Data Cols,أعمدة البيانات
2612,,Data Enterer,
2613,,Data Entry - Social Security Number,
2614,121704,Data Error,خطأ في البيانات
2615,,Data from,
2616,,Data integrity has been compromised,
2617,,data of all encounters so far,
2618,,Data Section,
2619,121705,Data Type,نوع البيانات
2620,121706,Database,قاعدة البيانات
2621,,Database and Access Control upgrade finished.,
2622,121707,Database is not installed.,قاعدة المعلومات غير مثبتة
2623,,Database name,
2624,121708,Database Patch,رقعة برمجية لقاعدة المعلومات
2625,121709,Database Reporting,تقرير قاعدة المعلومات
2626,,Database Reporting (database),
2627,121710,Database upgrade finished.,تحيث قاعدة البيانات تم
2628,121711,DataCols must be a number between 1 and 999,أعمدة البيانات يجب أن يكون رقم بين 1 و 999
2629,121712,Date,التاريخ
2630,,date,
2631,121713,DATE,التاريخ
2632,121714,Date & Time Administered,التاريخ و الوقت
2633,,Date / Time,
2634,121715,Date Administered,تاريخ البدء
2635,121716,Date and time of sample collection,تاريخ و وقت جمع العينة
2636,121717,Date and time of this observation,تاريخ و وقت هذه الملاحظة
2637,,Date and time of this report,
2638,121718,Date and time that the sample was collected,التاريخ والوقت الذي جمعت فيه العينة
2639,121719,Date Cannot be greater than Today,التاريخ لا يمكن ان يتجاوز تاريخ اليوم
2640,121720,Date contraceptive services initially provided,تاريخ تقديم خدمة منع الحمل ﻷول بداية
2641,121721,Date Created,تاريخ اﻹضافة
2642,121722,Date Deceased,تاريخ الوفاة
2643,121723,Date Destroyed,تاريخ اﻹتلاف
2644,121724,Date Display Format,طريقة عرض التاريخ
2645,121725,"Date format for ""appointment end"" is not valid","طريقة عرض التاريخ ل ""نهاية الموعد"" غير صالحة"
2646,121726,"Date format for ""appointment start"" is not valid","طريقة عرض التاريخ ل ""بداية الموعد"" غير صالحة"
2647,121727,"Date format for ""Next Appointment"" is not valid","طريقة عرض التاريخ ل "" الموعد القادم"" غير صالحة"
2648,121728,"Date format for ""not seen since"" is not valid","طريقة عرض التاريخ ل ""لم يًشاهد سابقا"" غير صالحة"
2649,,"Date format for ""seen before"" is not valid",
2650,121729,"Date format for ""seen since"" is not valid","طريقة عرض التاريخ ل ""شوهد سابقا"" غير صالحة"
2651,121730,Date Immunization Information Statements Given,تاريخ المعلومات الخاصة باللقاحات
2652,121731,Date is missing for code ,غياب تاريخ الرمز
2653,121732,Date Master Criteria,معايير التاريخ الرئيسية
2654,,Date of appointments,
2655,,Date of appointments mm/dd/yyyy,
2656,121733,Date of bank deposit yyyy-mm-dd,تاريخ الإيداع المصرفي سنة-شهر-يوم
2657,121734,Date of Billing,تاريخ الفاتورة
2658,121735,Date of Birth,تاريخ الولادة
2659,121736,Date of birth,تاريخ الولادة
2660,121737,Date Of Birth,تاريخ الميلاد
2661,,Date of Birth and Age,
2662,,Date of Birth Missing,
2663,121738,Date of Entry,تاريخ الدخول
2664,,Date of exit,
2665,121739,Date of Injury,تاريخ الأذية
2666,,Date of Onset,
2667,,Date of onset or hospitalization,
2668,,"Date of onset, surgery or start of medication",
2669,121740,Date of payment yyyy-mm-dd,تاريخ الدفع سنة-شهر-يوم
2670,,Date of recovery or end of medication,
2671,121741,Date of referral,تاريخ الإحالة
2672,,Date of registration,
2673,121742,Date of reply,تاريخ الرد
2674,121743,Date of Report,تاريخ التقرير
2675,121744,Date of Service,تاريخ الخدمة
2676,,Date of service,
2677,121745,Date Of Service,تاريخ الخدمة
2678,121746,Date of Service = Today,تاريخ الخدمة = اليوم
2679,,Date of Service is today's date by default. If needed it can be changed to any valid date,
2680,121747,Date of service mm/dd/yyyy,تاريخ الخدمة سنة-شهر-يوم
2681,121748,Date of Service:,تاريخ الخدمة
2682,121749,Date Of Signature,تاريخ التوقيع
2683,121750,Date of Status Change,تاريخ تغيير الحالة
2684,,Date of this letter,
2685,121751,Date of this order,تاريخ هذا اﻷمر
2686,121752,Date of this report,تاريخ هذا التقرير
2687,121753,Date of VIS Statement,تاريخ عبارة الزيارة
2688,121754,Date Ordered,تاريخ اﻷمر
2689,,Date Range,
2690,,Date Registered,
2691,,Date Selector,
2692,121755,Date selector,مختار التاريخ
2693,121756,Date Sent,تاريخ اﻹرسال
2694,121757,Date The Message Was Sent,تاريخ إرسال الرسالة
2695,,Date Time,
2696,,Date Updated,
2697,121758,Date values Cannot be Blank.,قيمة التاريخ لا يمكن ان تكون فارغة
2698,,Date VIS Presented,
2699,,Date VIS Published,
2700,121759,Date/Appt,التاريخ/الموعد
2701,121760,Date/Notes,التاريخ/الملاحظات
2702,121761,Date/Notes of Last,تاريخ/ملاحظات اﻵخر
2703,121762,Date/Time,التاريخ/الوقت
2704,121763,Date:,التاريخ
2705,,Dated,
2706,121764,dated,بتاريخ
2707,121765,Dated Message Log,سجل الرسائل المؤرخ
2708,,Dated Reminders,
2709,,Dated reminders maximum alerts to show,
2710,121766,Day,اليوم
2711,121767,day,يوم
2712,,day ago,
2713,,Day Sheet Report,
2714,121768,Day View,طريقة عرض اليوم
2715,121769,Day(s),اليوم (الأيام)
2716,121770,Day(s) M-F,اﻷيام (من الأحد إلى الخميس)
2717,121771,days,الأيام
2718,121772,Days,الأيام
2719,121773,days ago,يوما مضى
2720,121774,Days and Games Missed,أيام الغياب
2721,121775,Days From Last Encounter,عدد اﻷيام من اخر مراجعة
2722,121776,Days Missed,أيام الغياب
2723,,days of each other,
2724,,Days Of Week,
2725,121777,Days per Column:,عدد اﻷيام في العمود
2726,,Days/Col,
2727,121778,Days/Col:,أيام في العمود
2728,121779,DB installed,تنصيب قاعدة البيانات
2729,121780,DD/MM/YYYY,ي ي/ش ش/س س س س
2730,121781,De Identification,تعريف
2731,121782,De Identification Process is completed,معالجة التعريف انتهت
2732,121783,De Identification Process is ongoing,معالجة التعريف مستمرة
2733,121784,De Identification process is started and running in background,معالجة التعريف بدأت وجاري العمل عليها
2734,121785,De Identified data may not be complete,تعريف البيانات غير مكتمل
2735,121786,De-identification files will be saved in,تم حفظ التعريف
2736,121787,DEA,رقم وكالة مكافحة المخدرات
2737,,DEA Number,
2738,,DEA number,
2739,,Deactivate,
2740,,Deactivated,
2741,,Deadline (CST),
2742,121788,Deaf,أصم
2743,,Debt,
2744,,Debug Error Logging,
2745,,Debug Hash Verification Time,
2746,121789,Debug Information,معلومات كشف اﻷخطاء
2747,,DEBUG OUTPUT,
2748,121790,Debugging,تصحيح
2749,121791,Dec,كانون الأول (ديسمبر)
2750,,Deceased,
2751,121792,DECEASED,متوفى
2752,121793,DECEASED (1 day ago),متوفي (يوم واحد)
2753,121794,DECEASED (Today),متوفي(اليوم)
2754,,Deceased Date,
2755,121795,Deceased Date should not be greater than Today,زمن الوفاه ليست اكبر من اليوم
2756,,DECEASED NOTIFICATION,
2757,,Deceased Reason,
2758,121796,December,كانون الأول
2759,,"Decide on the code categories and the order you want them to appear, these will be displayed on the buttons in the 'Select Codes' section",
2760,,"Decide on the Identifying Codes and Standard Codes, remember the Identifying code has to be unique to ensure proper display of results",
2761,,Decide whether or not you will want to order individual tests which are a part of a panel of tests,
2762,121797,Decimal pounds or pounds and ounces separated by #(e.g. 5#4),رقم الرطل و الأونصة
2763,,Declined To Specify,
2764,121798,Deductible,قابل للمراعاة
2765,121799,Deductible Met,الأصل
2766,,deep,
2767,121800,Default,الأصل
2768,,Default - Check any check box and this value will show up in the displayed drop-down box as the default value,
2769,,Default Adjust Type,
2770,121801,Default Calendar View,الطريقة الأصل لعرض المفكرة
2771,,Default Customer,
2772,,Default Eligibility X12 Partner,
2773,121802,Default Encounter Form ID,رقم نموذج المراجعة اﻹفتراضي
2774,,Default Encounter View,
2775,,Default Exam Values,
2776,121803,Default Facility,المؤسسة الأصل
2777,,Default font,
2778,,Default font (need to logout/login after change this setting),
2779,,Default font size,
2780,,Default font size (need to logout/login after change this setting),
2781,121804,Default Language,اللغة اﻹفتراضية
2782,121805,Default language if no other is allowed or chosen.,اللغة اﻹفتراضية في حال عدم وجود أو عدم اختيار لغة اخرى
2783,,Default left print margin for CMS 1500,
2784,,Default left print margin for UB04,
2785,121806,"Default List (write,addonly optional)",القائمة الأصل (كتابة، الإضافة فقط)
2786,,"Default List (write,addonly optional) (default)",
2787,121807,Default Method,الطريقة الأصل
2788,121808,Default Password Expiration Days,عدد أيام انتهاء صلاحية كلمة السر
2789,121809,Default password expiration period in days. 0 means this feature is disabled.,فترة إنتهاء فترة صلاحية كلمة السر. 0 يعني ان هذه الميزة غير مفعلة
2790,121810,Default Patient Country,دولة المريض اﻹفتراضية
2791,,"Default Patient Country sent to NewCrop eRx, only if patient country is not set.",
2792,,Default Patient Templates,
2793,,Default Price Level,
2794,121811,Default Priority,الأولوية
2795,,Default Procedure Type,
2796,121812,Default Provider,المزود اﻹفتراضي
2797,,Default provider changed,
2798,121813,Default Range,المدى اﻹفتراضي
2799,121814,Default Reason for Visit,سبب المراجعة اﻹفتراضي
2800,,Default Rendering Provider in Fee Sheet,
2801,,Default Search Code Type,
2802,,Default Second Tab,
2803,,Default selection for rendering provider in fee sheet.,
2804,121815,Default Setting,اﻹعدادات اﻹفتراضية
2805,,Default Sort Direction,
2806,121816,Default state of New Window checkbox in the patient list.,حالة صندق اﻹختيار اﻹفتراضية في النافذة الجديدة في قائمة المرضى
2807,121817,Default Template,القالب الأساسي
2808,,Default to a provider for line item in the fee sheet,
2809,,Default to a provider for line item in the fee sheet.(only applicable if Support line item billing in option above),
2810,,Default to previous value,
2811,,Default top print margin for CMS 1500,
2812,,Default top print margin for UB04,
2813,121818,Default Units,الوحدات اﻹفتراضية
2814,,Default Units and Range as appropriate,
2815,121819,Default Value,القيمة اﻹفتراضية
2816,,Default Values,
2817,,Default Visit Category,
2818,121820,Default Warehouse,المستودع اﻹفتراضي
2819,121821,Default X12 Partner,شريك X12 اﻹفتراضي
2820,121822,Default/Global,الأساسي/العالمي
2821,,"Default: Checked. When checked, messages are processed for patients with Patient Demographic Choice (Phone/Text/Email) set to 'Unassigned' or 'Yes'. If this is unchecked, a given type of message can only be sent if its Demographic Choice = 'Yes'.",
2822,,Defaults,
2823,,Define a default visit category,
2824,,Define lab service locations,
2825,,Definition Exists,
2826,,Definition Not Updated,
2827,121823,Del,حذف
2828,121824,del,حذف
2829,121825,Delayed Recurrence (> 12 Mo),النكس المتأخر أكثر من اثنتي عشرة شهرا
2830,121826,Delete,حذف
2831,121827,delete,حذف
2832,121828,Delete Categories with ID(s) : ,حذف المجموعات ذات الأرقام التالية
2833,121829,Delete Category,حذف الصنف
2834,,Delete Document,
2835,,Delete Encounter Form,
2836,121830,Delete failed!,فشل الحذف
2837,121831,Delete Group,حذف المجموعة
2838,121832,Delete List,حذف القائمة
2839,,Delete Log Entries,
2840,,Delete Onsite Portal Activity,
2841,,Delete OS{{left eye}} values,
2842,121833,Delete Pages,حذف الصفحات
2843,121834,"Delete Patient, Encounter, Form, Issue, Document, Payment, Billing or Transaction",حذف المريض، المراجعة، الاستمارة، المشكلة، المستند، الدفع، الفاتورة، التحويل
2844,,Delete Plan,
2845,121835,Delete Row,حذف صف
2846,121836,Delete Selected Items,حذف العنلصر المختارة
2847,,Delete Selected Requests,
2848,,Delete Successful,
2849,121837,Delete successful.,حذف ناجح!
2850,121838,Delete this document,حذف هذا المستند
2851,121839,Delete this form,حذف هذه الاستمارة
2852,,Delete this message,
2853,121840,Delete this note,حذف هذه الملاحظة
2854,,Deleted Successfully,
2855,121841,Deleted Successfully.,تم الحذف بنجاح
2856,121842,Deleting,جارٍ الحذف
2857,121843,Deleting this event cannot be undone. It cannot be recovered once it is gone. Are you sure you wish to delete this event?,حذف هذا الحدث لا يمكن إسترجاعه. هل أنت متأكد من أنك تريد الحذف؟
2858,,Deletion failed because group has appointments or encounters,
2859,,Delivered,
2860,121844,Delivery Confirmed,تم الإرسال والتسليم
2861,,Delivery is not allowed to the specified Direct Address.,
2862,,Delivery is not allowed to the specified Direct Address:,
2863,121845,Delivery is not currently permitted to the specified Direct Address.,لا يسمح التسليم في الوقت الحالي إلى العنوان المباشر المحدد.
2864,,Delivery of the attached clinical document was requested by the patient,
2865,121846,Delivery of the attached clinical document was requested by the patient.,تم طلب توصيل المستند الطبي المرفق من قبل المريض.
2866,121847,Dementia,العته
2867,,Demographic changes made here are recorded system-wide,
2868,121848,Demographics,المعلومات الشخصية
2869,121849,"Demographics (write,addonly optional)",المعلومات الشخصية
2870,,"Demographics (write,addonly optional) (demo)",
2871,,Demographics - patient demographics and insurance information,
2872,,Demographics Fields,
2873,121850,Demographics filter criteria,معايير تصفية المعلومات الديموغرافية
2874,,Demographics Legend Red: Charted Values. Blue: Patient Edits,
2875,121851,Demographics not authorized,المعلومات الشخصية غير متاحة
2876,121852,Demographics not authorized.,المعلومات الشخصية غير متاحة
2877,121853,Denied,مرفوض
2878,,denies,
2879,121854,Denominator,البسط
2880,,Denominator Exception,
2881,,Denominator Exclusion,
2882,121855,Dental,سني
2883,121856,Dental Issue List,قائمة مشاكل الأسنان
2884,121857,Dental Issues,مشاكل الأسنان
2885,,Dep Date,
2886,,Dependency Modules,
2887,,Dependency Problem,
2888,,Depending on the level of access you can View/Edit the Transaction,
2889,121858,"Depending on the type of bill you are testing you will see HCFA like output on a blank page for HCFA bills, you will see many lines of somewhat garbled text  and information if you are testing an X12 claim. That garbled text is the X12 EDI 4010A format. Occasionally you will see odd characters that look like dominoes or  squiglies, these are control characters such as page feeds and are normal.",عند إختبار ملف X12 سوف يظهر لك خرج HCFA و الذي يتكون من أسطر عديدة من اللغة المختلطة. لا تقلق فهذة صيغة X12 EDI 4010A.
2890,,Depending on whether or not NewCrop eRx module is enabled the method of entry will vary,
2891,121859,Deposit Date,تاريخ اﻹيداع
2892,121860,Deposit Date Cannot be greater than Today,تاريخ اﻹيداع لا يمكن أن يكون بعد تاريخ اليوم
2893,121861,Deposit Date:,تاريخ الإيداع
2894,121862,Depressed,مكتئب
2895,121863,Depression,اكتئاب
2896,,Dept,
2897,,Dermatology,
2898,,Derm{{dermatologic}},
2899,,DERM{{Dermatology}},
2900,,DESC,
2901,121864,Description,الوصف
2902,121865,description,الوصف
2903,,Description is default text,
2904,,Description is Placeholder,
2905,121866,Description of the Disclosure,وصف اﻹفصاح
2906,121867,Description of this procedure or result code,وصف هذه اﻹجراءات أو رمز النتيجة
2907,121868,Description Translation,ترجمة الوصف
2908,,Desired Filename,
2909,121869,Destination,الوجهة
2910,121870,Destination Filename,إسم الملف الجهة
2911,,Destination Warehouse,
2912,,Destroy,
2913,121871,Destroy Lot,إتلاف الطرد
2914,121872,Destroy...,متلف
2915,121873,Destroyed,أتلف
2916,121874,Destroyed Drugs,متلف
2917,121875,Destroyed Drugs Report,الأدوية التالفة
2918,,Destruction,
2919,121876,Detail,التفاصيل
2920,,Detail's group was saved successfully,
2921,,Detailed exam,
2922,,Detailed HPI,
2923,,Detailed information on how to setup and troubleshoot phiMail messages is available here,
2924,121877,Details,التفاصيل
2925,,Details Not Available,
2926,,Developer,
2927,,Developer error missing form 'patientForm',
2928,,Developer error missing hidden form element 'selectedPatient',
2929,,Developer error. Patient id is missing from dataset,
2930,121878,Developmental abnormality,خلل التكون
2931,,Deviation,
2932,,DI (Device Identifier),
2933,121879,Diabetes,الداء السكري
2934,121880,Diabetes Mellitus,الداء السكري
2935,121881,Diabetes: Blood Pressure Management (CQM),الداء السكري: ضبط ضغط الدم
2936,121882,Diabetes: Eye Exam,الداء السكري: فحص العين
2937,121883,Diabetes: Eye Exam (CQM),الداء السكري: فحص العين
2938,121884,Diabetes: Foot Exam,الداء السكري: فحص القدم
2939,121885,Diabetes: Foot Exam (CQM),الداء السكري: فحص القدم
2940,121886,Diabetes: HbA1c Poor Control (CQM),الداء السكري: ضبط سيئ للخضاب الغلوكوزي
2941,121887,Diabetes: Hemoglobin A1C,الداء السكري: الخضاب الغلوكوزي
2942,121888,Diabetes: LDL Management & Control (CQM),الداء السكري: ضبط الكوليستيرول
2943,121889,Diabetes: Urine Microalbumin,الداء السكري: مستوى الألبومين في البول
2944,121890,Diag,التشخيص
2945,121891,Diagnoses,التشخيص
2946,121892,Diagnosis,التشخيص
2947,121893,Diagnosis Code,رمز التشخيص
2948,,Diagnosis Codes,
2949,,Diagnosis Codes History,
2950,121894,Diagnosis Date,تاريخ التشخيص
2951,,Diagnosis Description,
2952,121895,Diagnosis must be coded into a linked encounter,يجب ترميز التشخيص في المراجعة
2953,121896,Diagnosis Name,اسم التشخيص
2954,121897,Diagnosis Report,تقرير التشخيص
2955,121898,Diagnosis Reporting,اﻹبلاغ عن التشخيص
2956,121899,Diagnosis Reporting Only,اﻹبلاغ عن التشخيص فقط
2957,121900,Diagnosis Title,عنوان التشخيص
2958,121901,Diagnosis:,التشخيص:
2959,121902,Diagnosis: ,التشخيص:
2960,,Diagnostic,
2961,121903,Diagnostic Tests:,الاختبارات التشخيصية:
2962,,Diagnostics,
2963,121904,Dials,جلسات الديال
2964,,Diam{{Diameter}},
2965,,DIAM{{Diameter}},
2966,121905,Diaphragms/Caps,حجاب / قلنسوة
2967,121906,Diarrhea,الإسهال
2968,,Diastolic,
2969,,Dicom Viewer,
2970,121907,Dictation,الإملاء
2971,121908,Dictation: ,الإملاء:
2972,121909,Did you receive a copy of the HIPAA Notice?,هل وصلك نسخة من المؤسسة المسوؤلة عن الصحة والتأمينات
2973,,Difference,
2974,,Difficulty working etc.,
2975,121910,Diffuse:,توزيع:
2976,121911,Digitally Signed,وقع إلكترونياً
2977,,Dilated with,
2978,,Dilation,
2979,,Dilation orders/risks reviewed,
2980,,Dilation Time,
2981,,Dim,
2982,,Direct,
2983,,DIRECT ADDRESS,
2984,,Direct Address,
2985,,Direct Email,
2986,121912,Direct Mail,بريد مباشر
2987,121913,Direct Message Log,سجل الرسائل المباشرة
2988,121914,Direct Message Received.,تم استقبال الرسالة المباشرة
2989,121915,Direct messaging is currently unavailable.,الرسالة المباشره غير متوفرة حاليا
2990,121916,Direct Messaging Send Failure.,تعذر ارسال الرسالة المباشرة
2991,121917,Directions,الاتجاهات
2992,,Directives,
2993,121918,Director Name,اسم المشرف
2994,121919,Directory delete failed; continuing.,تعذر مسح الدليل ; استمرار
2995,121920,Disability,الإعاقة
2996,,Disable,
2997,,Disable Auto Adjustment Calculations in EOB Posting,
2998,,Disable Auto Adjustments,
2999,,Disable automatically calculating balance adjustments for invoice posting,
3000,121921,Disable Calendar,إيقاف التقويم
3001,121922,Disable Chart Tracker,إيقاف متابعة الملف
3002,,Disable Client,
3003,,Disable Help Modal,
3004,121923,Disable Immunizations,إيقاف اللقاحات
3005,,Disable Insurance Eligibility Reports Download,
3006,121924,Disable Old Metric Vitals Form,إيقاف استمارة العلامات الحياتية المترية القديمة
3007,,Disable Patient Flow Board,
3008,,Disable phiMail Test Mode,
3009,121925,Disable phpMyAdmin,إيقاف phpMyAdmin
3010,121926,Disable Prescriptions,إيقاف الوصفات
3011,,Disable the restriction of only one IPPF code per MA code in superbill,
3012,121927,Disable User Groups,إيقاف المجموعات
3013,121928,disabled,مُعطّل
3014,121929,Disabled,مُعطّل
3015,121930,Disabled Beneficiary Under Age 65 with Large Group Health Plan (LGHP),تعطيل المستفيدين لاعمار اقل من ٦٥ سنة
3016,,Disabled Client,
3017,,"Disabling automatic checking would be appropriate if message checking is managed through another mechanism, such as a system cron job",
3018,,"Disadvantages being cost of device, potential for loss and running out of battery power",
3019,,Disc,
3020,121931,DISC,بطاقة ديسكفري اﻹئتمانية
3021,121932,Discard,تجاهل
3022,121933,Discarded,تم تجاهله
3023,121934,Discharge,خروج
3024,,Discharge Disposition,
3025,121935,Discharge From Urethra,مفرزات الإحليل
3026,,Discharge Medications,
3027,121936,Discharge Right,حق الخروج
3028,121937,Discharge Right:,حق الخروج
3029,,Discharge Summary,
3030,,Discharge Summary - 2009,
3031,,Discharge Time,
3032,121938,Discharged,تخريج المريض
3033,,Disclaimer,
3034,121939,Disclosure Info,إفشاء المعلومات
3035,121940,Disclosure Type,نوع إفشاء المعلومات
3036,121941,Disclosure Types,أنواع إفشاء المعلومات
3037,121942,Disclosures,الإفصاحات
3038,,"Disclosures (write,addonly optional)",
3039,,"Disclosures (write,addonly optional) (disclosure)",
3040,,"Disclosures - Record disclosures made for treatment, payment, and health care operations with date, time, patient identification (name or number), user identification (name or number), and a description of the disclosure",
3041,,Discontinue,
3042,121943,Discount,الحسم
3043,121944,Discount Amount,مقدار الحسم
3044,121945,Discount Level,مستوى الحسم
3045,121946,Discount Percentage,نسبة الحسم
3046,,Discount/Adjustment,
3047,121947,Discounts as Monetary Amounts,نسبة الحسم النقدي
3048,121948,"Discounts at checkout time are entered as money amounts, as opposed to percentage.",الحسم النقدي عند الخروج مقابل النسبة المئوية
3049,,Discounts at checkout time may be entered per invoice or per line item or both.,
3050,121949,Discrete Result,نتيجة سرية
3051,,Discrete Results - for manual entry of returned result values,
3052,121950,Disease,المرض
3053,,Disease with presumed immunity,
3054,,Dislay main menu logo,
3055,121951,Dislocation,الخلع
3056,,Dismiss,
3057,,Dismiss Form,
3058,,Dismiss Help,
3059,121952,Disp #,اصرف #
3060,121953,Dispatch,وزع الوثيقة المتلقية
3061,121954,Dispatch Received Document,إرسال المستند المستلم
3062,,Dispense Rx,
3063,,Dispense this Rx,
3064,,Dispense this RX,
3065,121955,Dispensed,المصروف
3066,,Display,
3067,,"Display Additional measurements (Ks, IOL cals, etc)",
3068,121956,Display advance directives in the demographics page.,إعرض المجلدت المتقدمة فى صفحة الديمجرافيا
3069,,Display Application Errors Only,
3070,,Display Documents,
3071,121957,Display event dates in block?,عرض احداث البيانات
3072,121958,Display Format for US Weights,عرض تنسيق الاوازن
3073,121959,Display how many events?,عرض كم عدد الحدث
3074,,Display Invoice Number or Patient Name in the Cash Receipt Report,
3075,,Display Invoice Number or Patient Name or Both in the Sales Report,
3076,,Display limit reached,
3077,,Display links to the acknowledgements page,
3078,121960,Display location in block?,عرض المنطقة
3079,,Display main menu logo,
3080,121961,Display Name,عرض الاسم
3081,,Display Save and Close Visit button in LBFs,
3082,,Display the Autorefraction Panel,
3083,121962,Display the calendar?,عرض التاريخ
3084,,Display the Contact Lens Panel,
3085,,Display the Donations link on the About page,
3086,,Display the Encounter Billing Note or Patient Billing Note or Both in the Billing Screen.,
3087,,Display the Manifest Refraction panel,
3088,,Display the patient's current glasses,
3089,,Display the recurrent appointment widget in the patient summary.,
3090,,Display the Review link on the About page,
3091,,Display the Units Column on the Billing Screen,
3092,121963,Display today's events in the block?,عرض احداث اليوم
3093,121964,Display topic in block?,عرض العناوين
3094,121965,Display upcoming events in block?,عرض الاحداث القادمة
3095,,Display Window Errors Only,
3096,121966,Displayed Columns,الأعمدة المعروضة
3097,121967,Displaying the following number of most recent disclosures:,يتم عرض العدد التالي من إفشائات السرية اﻷحدث
3098,,Displaying the following number of most recent messages,
3099,121968,Displaying the following number of most recent notes,يتم عرض العدد التالي من الملاحظات اﻷحدث
3100,121969,Displaying the following number of most recent notes:,يتم عرض العدد التالي من الملاحظات اﻷحدث
3101,,Distance,
3102,,Distance from the 'top' of the envelope in mm,
3103,,Distance from the right most edge of the envelope in portrait position in mm,
3104,,Distribute,
3105,,Distributed Edits,
3106,,Distributed to Global,
3107,121970,Distribution,التوزع
3108,121971,Distributions,التوزيعات
3109,121972,Distributor,موزع
3110,,Dist{{distance}},
3111,,Divehi- Dhivehi- Maldivian-,
3112,,Divergence,
3113,,Divergence Amps,
3114,121973,Diverticulitis,التهاب الرتوج
3115,121974,Diverticulitis Surgery,جراحة الرتوج
3116,121975,Divirticulitis,التهاب الرتوج
3117,121976,Divirticulitis Surgery,جراحة الرتوج
3118,121977,Divorced,مطلق
3119,121978,Dizziness:,الدوخة:
3120,,Do not allow insurance eligibility report log download,
3121,,Do not allow SQL queries to be outputted to screen.,
3122,121979,Do not change,لا تغير
3123,,Do not display Allergies uploaded after visiting NewCrop eRx.,
3124,121980,Do not display Allergy uploaded to NewCrop,لاتعرض الحساسية المرفعة ال NewCrop
3125,,Do not display Medications uploaded after visiting NewCrop eRx.,
3126,121981,Do not display Medications uploaded to NewCrop,لاتعرض الأدوية المرفعة ال NewCrop
3127,,Do not display NewCrop eRx Allergy uploaded,
3128,,Do not display NewCrop eRx Medications uploaded,
3129,121982,Do not display the calendar.,لاتعرض التاريخ
3130,,Do not display the patient flow board.,
3131,,Do not display the Recall Board.,
3132,,"Do not enter the server URL into your browser address bar, as this will not work",
3133,121983,Do not inventory and sell any products,لا جرد وبيع أي منتجات
3134,,Do not know what to do!,
3135,,Do Not Print,
3136,121984,Do not require patient notes to be authorized,لا تستلزم مﻻحظات المريض للإعتماد
3137,121985,Do Not Resuscitate Order,توصية آمرة: لاتقم بالإنعاش
3138,121986,do not save,لا تحفظ
3139,121987,do not substitute,لا تستبدل الأدوية - اصرف الدواء حسب ما هو مكتوب حرفيا
3140,,Do Not Use Safe Apostrophe,
3141,,Do not warn or prevent web browser refresh,
3142,121988,do nothing,لا تفعل أي شيئ
3143,,Do Nothing,
3144,,Do you really want to change Warehouse?,
3145,,Do you really want to clear the log?,
3146,,Do You Really Want to Continue,
3147,121989,Do you really want to delete,هل تريد الحذف؟
3148,121990,Do you really want to delete the selection?,هل تريد الحذف؟
3149,121991,Do you really want to delete this group,هل تريد حذف هذه المجموعة؟
3150,,Do you really want to delete?,
3151,,Do you really want to submit with no criteria selected?,
3152,,Do you want to close the tabs?,
3153,121992,Do you want to continue?,هل تريد أن تستمر؟
3154,121993,Do you want to delete this?,هل تريد أن تحذف هذا؟
3155,121994,Do you want to delete?,هل تريد أن تحذف؟
3156,121995,Do you want to remove this record?,هل تريد أن تزيل هذا السجل؟
3157,121996,Do you wish to continue adding this new patient?,هل تريد الاستمرار في إضافة هذا المريض الجديد؟
3158,121997,Do you wish to continue with the new name?,هل تريد الاستمرار في الاسم الجديد؟
3159,121998,Do you wish to PERMANENTLY delete this immunization record?,هل تريد الحذف النهائي لهذا السجل الخاص باللقاحات؟
3160,121999,DOB,تاريخ الولادة
3161,,Dob,
3162,122000,"DOB is missing, please enter if possible",تاريخ الولادة مفقود، الرجاء إدخاله
3163,,Doc Id,
3164,122001,Docs,المستندات
3165,122002,Doctor,الطبيب
3166,122003,Doctor:,الطبيب الدكتور
3167,122004,Doctor's name and signature,اسم وتوقيع الطبيب
3168,122005,Document,المستند
3169,122006,document,المستند
3170,,document 3 and their status to reach the detailed HPI level,
3171,122007,Document Categories,مجموعات المستندات
3172,,Document category for lab results does not exist,
3173,,Document category name for storage of electronically received lab results.,
3174,,Document category name for storage of electronically received MDM documents.,
3175,,Document Category or Discard,
3176,,Document Center,
3177,,Document clinical findings in Shorthand Format,
3178,122008,Document could not be moved to patient id,لم يتم نقل المستند إلى ملف المريض
3179,,Document created,
3180,122009,Document Date,تاريخ المستند
3181,122010,Document date and issue updated successfully,تم تحديث التاريخ و المشكلة
3182,122011,Document ID,رقم المستند
3183,,Document identifying information,
3184,,Document Library,
3185,122012,Document moved to new category,تم نقل المستند إلى مجموعة جديدة
3186,122013,Document moved to patient id,تم نقل المستند إلى ملف المريض
3187,,Document passed integrity check,
3188,122014,Document passed integrity check.,المستند سليم
3189,122015,Document Storage Method,طرق تخزين الوثائق
3190,122016,Document successfully renamed.,إعادة التسمية ناجحة
3191,,Document tagged to Encounter successfully,
3192,,Document Template Management,
3193,,Document Templates,
3194,,Document Uploader/Viewer,
3195,,Document(s),
3196,122017,Document/Imaging Store,مستودع المستندات/الصور
3197,,Documentation for a Detailed HPI requires,
3198,122018,Documents,المستدات (كتابة) اختيارية
3199,,documents,
3200,122019,"Documents (write,addonly optional)","وثائق (كتابة , )"
3201,,"Documents (write,addonly optional) (docs)",
3202,,Documents - a repository of the patient's scanned/faxed paper documents. It also the place to download patient specific templates,
3203,,Documents Delete,
3204,,Documents Delete (docs_rm),
3205,,Documents History,
3206,,Documents List,
3207,,Documents setup error,
3208,,DOC{{document format}},
3209,122020,DOE,ضيق النفس الجهدي
3210,,Does anything make it better? Worse?,
3211,,Does it occur in certain situations?,
3212,,Does not equal,
3213,,does not have enough data to graph,
3214,122021,does not match the PV1 encounter number,لا يطابق رقم الزيارة PV1
3215,122022,does not seem valid,لا تبدو صالحة
3216,122023,Does this type allow related codes?,هل هذا النوع يسمح بالرموز المقاربة؟
3217,122024,Domestic Partner,شريك في العيش
3218,122025,Don't Save,لا تحفظ
3219,122026,Don't Save,لا تحفظ
3220,122027,Don't Save Changes,لا تحفظ التغييرات
3221,,DONATE NOW!,
3222,,Donation ID,
3223,122028,Done,تم
3224,,Done with,
3225,122029,Done with:,تم بواسطة
3226,122030,Done.  Will now send download.,تم، سيتم الإرسال
3227,122031,DOS,تاريخ بداية الخدمة
3228,122032,Dosage,الجرعات
3229,,Dose,
3230,,Double click on a DX's handle,
3231,,Double Click on this icon to pop up document in a new viewer.,
3232,122033,double click to edit,انقر لمرتين لبدء التحرير
3233,,Double Clicking a NPI box will bring up a current Users dialog for providers.,
3234,122034,Double Vision,رؤية مزدوجة
3235,122035,Download,تنزيل
3236,,DOWNLOAD,
3237,,Download - the created CCD is downloaded as a pdf file to the downloads from the browser,
3238,,Download - the created CCR is downloaded as a pdf file to the downloads from the browser,
3239,,Download all patient documents,
3240,,Download and/or delete log data,
3241,122036,Download Anyway,قم بالتنزيل
3242,122037,"Download billing file, post to accounting and mark as billed","يت تنزيل ملف الفوترة, ضع فى الحسابات و علّم كمفوتر"
3243,,Download CCD,
3244,,Download CCDA file,
3245,122038,Download Certificates,تنزيل الترخيص
3246,,Download Charted Documents,
3247,122039,Download configuration data,تنزيل بيانات التكوين
3248,,Download CSV,
3249,,Download CSV File,
3250,,Download document template for this patient and visit,
3251,,Download Documents,
3252,122040,download encrypted file,تنزيل ملف مشفر
3253,,Download Fax,
3254,,Download HL7 file,
3255,,Download Lab Documents,
3256,,Download Log Entries as Zipped CSV,
3257,,Download Offsite Portal Connection Files,
3258,,Download or Delete a Template,
3259,,Download or Delete Old Log Entries,
3260,122041,Download PDF,تنزيل ملف
3261,,Download QRDA Category III File,
3262,,Download report as a pdf file into the browser's download folder,
3263,,Download Selected,
3264,122042,Download Selected Statements,تنزيل المختارات
3265,,Download will download a text file containing the order in the HL7v2.3 message format to the downloads directory of your computer,
3266,,Downloading Document!,
3267,122043,Dr Check,شوهد من قبل الطبيب
3268,122044,Dr Visit,زيارة الطبيب
3269,122045,Dr.,الطبيب
3270,,Drafts,
3271,,Drag a DX over by its handle,
3272,,Drag the arrow for each diagnosis to sort the list.,
3273,122046,Drag to move,اسحب للتحريك
3274,,Draw,
3275,122047,Dribbling,تنقيط البول
3276,122048,Drivers License or State ID,إجازة قيادة السيارة/الهوية الوطنية
3277,,Drop files here to upload,
3278,122049,Drug,الدواء
3279,,Drug - Drug Interaction,
3280,122050,Drug Code,شفره الدواء
3281,122051,Drug Finder,إيجاد الدواء
3282,122052,Drug Forms,الأشكال الصيدلانية للدواء
3283,122053,Drug ID missing!,رقم الدواء مفقود
3284,122054,Drug Intervals,تواتر الدواء
3285,122055,Drug Inventory,مستودع الأدوية
3286,,Drug name,
3287,122056,Drug Name,اسم الدواء
3288,,Drug name is required,
3289,122057,Drug Routes,طريقة أخذ الدواء
3290,,Drug Screen,
3291,,Drug Screen Completed,
3292,,Drug Screen Report,
3293,,Drug units,
3294,122058,Drug Units,عيار الدوء
3295,,Drug Use,
3296,,Drug-Drug,
3297,,Drug-Drug Interaction,
3298,,Drug1 Name{{Drug1 Interaction}},
3299,,Drug2 Name{{Drug2 Interaction}},
3300,122059,Drugs,الأدوية
3301,122060,Drugs and Products,الأدوية والمنتجات الطبية
3302,122061,Dry Mouth,الفم الجاف
3303,122062,DSMIV Diagnosis,"التشخيص حسب "" الدليل التشخيصي و الإحصائي-النسخة الرابعة"""
3304,122063,DT 1,الجرعة الأولى للقاح الديفتريا و الكزاز
3305,122064,DT 2,الجرعة الثانية للقاح الديفتريا و الكزاز
3306,122065,DT 3,الجرعة الثالثة للقاح الديفتريا و الكزاز
3307,122066,DT 4,الجرعة الرابعة للقاح الديفتريا و الكزاز
3308,122067,DT 5,الجرعة الخامسة للقاح الديفتريا و الكزاز
3309,122068,DTaP 1,الجرعة الأولى للقاح الديفتريا و الكزاز و السعال الديكي
3310,122069,DTaP 2,الجرعة الثانية للقاح الديفتريا و الكزاز و السعال الديكي
3311,122070,DTaP 3,الجرعة الثالثة للقاح الديفتريا و الكزاز و السعال الديكي
3312,122071,DTaP 4,الجرعة الرابعة للقاح الديفتريا و الكزاز و السعال الديكي
3313,122072,DTaP 5,الجرعة الخامسة للقاح الديفتريا و الكزاز و السعال الديكي
3314,,Dual,
3315,122073,Due,المستحق
3316,122074,Due Date,التاريخ المستحق
3317,,Due date,
3318,122075,Due date mm/dd/yyyy or yyyy-mm-dd,التاريخ المستحق ش ش/ي ي/س س س س أو س س س س-ش ش-- ي ي
3319,122076,Due Date:,التاريخ المستحق:
3320,122077,Due Ins,مدخولات مستحقة
3321,122078,Due Pt,مريض مستحق
3322,122079,Due Soon,يستحق قريباَ
3323,122080,Due Status,حالة الإستحقاق
3324,122081,Due Status Update,تحديث حالة الإستحقاق
3325,122082,Dumping OpenEMR database,تفريغ قاعدة بيانات البرنامج
3326,122083,Dumping OpenEMR web directory tree,تفريغ شجرة مجلد الأنترنت للبرنامج
3327,122084,Dumping phpGACL database,تفريغ قاعدة بيانات phpGACL
3328,122085,Dumping phpGACL web directory tree,تفريغ شجرة مجلد الأنترنت لphpGACL
3329,122086,Dumping SQL-Ledger database,تفريغ قاعدة بيانات SQL-Ledger
3330,122087,Dumping SQL-Ledger web directory tree,تفريغ شجرة مجلد الأنترنت لSQL-Ledger
3331,122088,Dup Check,التأكّد من التفريغ
3332,,Dup Check on only Edit,
3333,,"Dup Check on only Edit, or Extra billing codes OK",
3334,,Dup Check on only New,
3335,,"Duplicate codes are deleted from editor list otherwise, code will append to list.",
3336,,Duplicate Patient Management,
3337,,"Duplicate Rx -- unchanged from current Rx{{The refraction did not change, New Rx=old Rx}}",
3338,122089,Duplicated ID on line,الهوية مكررة في هذا السطر
3339,122090,Duplicated name on line,الإسم مكرر في هذا السطر
3340,122091,DUPLICATION WARNING,تحذير التكرار
3341,122092,Durable Power of Attorney,السلطة الممتدة للمحامي
3342,122093,Duration,المدة
3343,122094,duration,المدة
3344,,"During the work-day, syncs occurs every",
3345,122095,Dutch,هولندي
3346,,Dx Codes,
3347,122096,Dx Rep,مندوب مبيعات اﻷدوية
3348,122097,Dysphagia,صعوبة البلع
3349,122098,Dyspnea:,ضيق النفس
3350,122099,Dysuria,عسرة التبول
3351,,Dzongkha,
3352,,E(T){{intermittent esotropia}},
3353,,E-Mail,
3354,,E-mail,
3355,,E-Mail Address,
3356,,E-mail Messaging,
3357,,E-mail OK,
3358,,E-PRESCRIBING,
3359,122100,E-Prescription?,صرف الوصفة الإلكتروني
3360,122101,E-Reports,التقارير الإلكترونية
3361,122102,e-Rx,صرف الوصفة الإلكتروني
3362,,e-Rx EPCS,
3363,122103,e-Rx Renewal,تجديد صرف الوصفة الإلكتروني
3364,,e-signed,
3365,,Each of these groups (AROs) has access to pre-determined parts of the program (ACOs).,
3366,,Each provider needs to set this under user settings. This should be blank,
3367,122104,Each recipient must set their own messages as completed.,كل مستفيد يجب ان يعّلم رسالته الخاصة به كمكتمله
3368,,Each Section has one Narrative Block and zero to many coded Entries,
3369,,Each segment is identified by a unique three letter header that constitutes the first three letters on that line,
3370,,Each test in order gets a label.,
3371,,Each test or panel in this group has to be in an individual Custom Favorite Item tier,
3372,,Each Transaction is listed on a separate line,
3373,122105,Early Recurrence (<2 Mo),النكس الباكر (في أقل من شهرين
3374,122106,Ears,الأذن
3375,,Easipro Server,
3376,,Easipro Server Password,
3377,,Easipro Server Username,
3378,,Easy to forget on the computer used to login,
3379,,Easy to setup,
3380,,Easy to use,
3381,122107,ECG,تخطيط كهربائية القلب
3382,122108,eClaims,المطالبات الإلكترونية
3383,,ECL{{equivalent contact lens power at the corneal level}},
3384,,ECOM{{external comments abbreviation}},
3385,122109,Edema,الوذمة
3386,,EDI File,
3387,122110,EDI History,تاريخ تبادل المعلومات الإلكتروني
3388,122111,edi history,تاريخ تبادل المعلومات الإلكتروني
3389,122112,EDI History (under Fees) for storing and interpreting EDI claim response files,تاريخ تبادل المعلومات الإلكتروني (لقاء رسوم) لتخزين و تفسير ملفات التأمين
3390,122113,EDI-271 File Upload,تحميل ملف EDI-271
3391,122114,EDI-271 Response File Upload,تحميل ملف تفاعل EDI-271
3392,122115,Edit,التحرير
3393,122116,edit,التحرير
3394,122117,Edit Allergies,تحرير الحساسية
3395,,Edit Appointment,
3396,122118,Edit Categories,تحرير المجموعات
3397,,Edit Current Patient,
3398,122119,Edit Definitions,تحرير التعاريف
3399,122120,Edit definitions,تحرير التعاريف
3400,122121,Edit Diagnoses for,تحرير التشخيص ل
3401,122122,Edit Disclosure,تحرير إفشاء المعلومات
3402,,Edit Document,
3403,,Edit Entry,
3404,,Edit Event,
3405,,EDIT EXISTING GROUP,
3406,122123,Edit Facilities,تحرير المراكز الطبية
3407,122124,Edit Facility,تحرير المركز الطبي
3408,122125,Edit Facility Information,تحرير معلومات المركز الطبي
3409,122126,Edit Facility Specific User Information,تحرير معلومات المستخدم الخاص فى المنشأة
3410,122127,Edit File in,تحرير الملف في
3411,122128,Edit form,تحرير الاستمارة
3412,122129,Edit Global Settings,تحرير الإعدادات الأساسية
3413,,Edit History and Lifestyle,
3414,122130,Edit is not authorized!, تحرير المحتوى غير مسموح  
3415,,Edit Issue,
3416,122131,Edit layout,تحرير طريقة العرض
3417,,Edit Layout Properties,
3418,122132,Edit list,تحرير القائمة
3419,,Edit Mode,
3420,,Edit Only,
3421,,Edit Onsite Portal Activity,
3422,122133,Edit Payment,تحرير عملية الدفع
3423,,Edit Signature,
3424,122134,Edit Structure,تحرير التركيب
3425,,Edit Template,
3426,,Edit this form,
3427,122135,Edit User,تحرير مستخدم
3428,122136,Edit User Settings,تحرير إعدادات المستخدم
3429,,Edit your entered data,
3430,,Editing,
3431,,Editing failed,
3432,122137,Education,التعليم/ التوعية
3433,122138,Education Date,تاريخ التعليم
3434,,Educational materials for,
3435,122139,"ee the  * GNU General Public License for more details.  *   * You should have received a copy of the GNU General Public License  * along with this program; if not, write to the Free ","ee the * GNU General Public License for more details. * * You should have received a copy of the GNU General Public License * along with this program; if not, write to the Free"
3436,122140,Effective Date,التاريخ المؤكد
3437,,Effective Dates,
3438,122141,Effectiveness,الفعالية
3439,,"eg. aching, burning, radiating pain",
3440,122142,EIN,رقم هوية الموظف
3441,,Either type a search term in appropriate box or double click box to see available codes.,
3442,,Either way data entered by any method will feature in both locations,
3443,122143,Ejaculations,الدفقات
3444,122144,Elbow,المرفق
3445,122145,Elbow Problems,مشاكل المرفق
3446,122146,Electronic,إلكتروني
3447,,Electronic document received,
3448,,Electronic Notes,
3449,,Electronic orders,
3450,122147,Electronic Remits,إحالة إلكترونية
3451,122148,Electronic Reports,تقرير إلكتروني
3452,,Electronic results can be bidirectional - both order tests and receive results electronically or unidirectional - only receive the results electronically,
3453,,electronically signed on,
3454,122149,Eligibility,أهليّة
3455,122150,Eligibility 270 Inquiry Batch,270 Inquiry Batch أهليّة
3456,122151,Eligibility Response,رّد الأهليّة
3457,,Eligibility Service Date (270 DTP03),
3458,122152,Eligibility status for Vaccine for Children supplied vaccine,حالة الأهلية للحصول على لقاح الأطفال المتوفر
3459,122153,Eligible,مسموح له
3460,,Ellipse,
3461,122154,Email,البريد الإلكتروني / إيميل
3462,,email,
3463,,EMAIL,
3464,122155,Email Address,البريد الإلكتروني / إيميل
3465,,Email address is missing,
3466,122156,Email address of the sender for patient reminders. Replies to patient reminders will be directed to this address. It is important to use an address from your clinic's domain to avoid help prevent patient reminders from going to junk mail folders.,إيميل المرسل لتذكيرات المرضي و الذي سيتلقى الردود أيضا. من المهم ان يكون الإيميل نابعا من موقع المنشأة لتفدي ذهاب التذكيرات لملف المهملات فى ايميل المتلقي
3467,122157,"Email address, if any, to receive administrative notifications.",البريد الإلكتروني / إيميل لإستلام تنبيهات الإدارة
3468,122158,"Email address, if any, to receive emergency login user activation messages.",البريد الإلكتروني / إيميل لإستلام رسائل تفعيل ولوج المستخدمين الطارئة
3469,122159,Email Auth,سلطة الإيميل
3470,,EMAIL Confimed,
3471,,Email Direct,
3472,122160,Email from Batchcom,إيميل Batchcom
3473,,Email if required,
3474,122161,Email Notification,اخطار بالبريد الالكتروني
3475,122162,Email Notification Hours,البريد الإلكتروني الإخطار ساعات
3476,122163,Email Notification Report,تقرير بااخطار البريد الالكتروني
3477,,Email Notification Settings Updated Successfully,
3478,,Email Selected,
3479,,Email Selected Statements,
3480,122164,Email send before,البريد الإلكتروني المرسلة من قبل
3481,122165,Email Sender,مُرسل البريد
3482,122166,Email Sent,تم الإرسال
3483,122167,Email sent to,تم إرسال البريد الى
3484,122168,Email Subject,عنوان البريد
3485,,email subject,
3486,,Email Text Usable Tags,
3487,122169,"Email Text, Usable Tag: ***NAME*** , i.e. Dear ***NAME***","Email Text, Usable Tag: ***NAME*** , i.e. Dear ***NAME***"
3488,122170,"Email Text, Usable Tag: ***NAME*** , i.e. Dear ***NAME***{{Do Not translate the ***NAME*** elements of this constant.}}","Email Text, Usable Tag: ***NAME*** , i.e. Dear ***NAME***{{Do Not translate the ***NAME*** elements of this constant.}}"
3489,122171,Email Transport Method,طريقة نقل الإيميل
3490,122172,Email was sent to following address,تم إرسال البريد إلى العنوان التالي
3491,,emails not sent,
3492,,"Embed {login} where the OpenEMR login name of the user is to be; for example: uid={login},dc=example,dc=com",
3493,,Emergency Care,
3494,,Emergency contact,
3495,122173,Emergency Contact,الشخص القريب عند الحالات الطارئة
3496,122174,Emergency Contact Person,اسم الشخص في الحالات الطارئة
3497,122175,Emergency Contact Phone Number,رقم الهاتف في الحالات الطارئة
3498,122176,Emergency Contraception,منع الحمل السريع
3499,122177,Emergency Login,الدخول الطارئ في النظام
3500,122178,"Emergency Login ACL is chosen. The user is still in active state, please de-activate the user and activate the same when required during emergency situations. Visit Administration->Users for activation or de-activation.","Emergency Login ACL is chosen. The user is still in active state, please de-activate the user and activate the same when required during emergency situations. Visit Administration->Users for activation or de-activation."
3501,122179,Emergency Login activation email will be circulated only if following settings in the interface/globals.php file are configured:,Emergency Login activation email will be circulated only if following settings in the interface/globals.php file are configured:
3502,122180,Emergency Login Email Address,البريد في الحالات الطارئة
3503,122181,Emergency Login user can do anything,الدخول الطارئ كامل الصلاحية
3504,122182,Emergency Phone,الهاتف في حالة طارئة
3505,,Emergency Room - Hospital,
3506,122183,Emotional / Behavioral Conditions & Complications,عاطفي/حالات و مضاعفات سلوكية
3507,122184,Emphysema,النفاخ الرئوي
3508,122185,Employee,الموظف
3509,122186,Employer,رب العمل
3510,122187,Employer Address,عنوان العمل
3511,122188,Employer Data,معلومات العمل
3512,122189,Employer Name,اسم صاحب العمل
3513,122190,EMPTY,فارغ
3514,122191,Empty,فارغ
3515,,Empty Definition,
3516,,Empty Definitions,
3517,,empty file received,
3518,122192,Empty Password Not Allowed,حقل الرقم السري لايمكن ان يكون فارغ
3519,,Empty table,
3520,122193,"Empty value in ""Email Hours""","""فارغة"" ساعات البريد"
3521,122194,"Empty value in ""Email Sender""","""فارغة"" المرسل"
3522,122195,"Empty value in ""Email Subject""","""فارغة "" الموضوع"
3523,122196,"Empty value in ""Email Text""","""فارغة"" النص"
3524,122197,"Empty value in ""Name of Provider""","""فارغة"" اسم المؤسسة"
3525,122198,"Empty value in ""Password""","""فارغة"" الرقم السري"
3526,122199,"Empty value in ""SMS Hours""","قيمة فارغة في ""ساعات SMS"""
3527,122200,"Empty value in ""SMS Text""","قيمة فارغة في ""نص SMS"""
3528,122201,"Empty value in ""Username""","قيمة فارغة في ""اسم المستخدم"""
3529,,EMR Direct,
3530,,"EMR Direct phiMail is a secure, scalable, standards-based way for participants to send authenticated, encrypted health information directly to known, trusted recipients over the Internet",
3531,122202,Enable,شغل
3532,,Enable a Payment Gateway Service for processing credit card transactions,
3533,122203,Enable Alert Log,شغل وضع تنبيه البيانات
3534,,Enable Alert Logging,
3535,,Enable Allergy Check,
3536,,Enable Allergy Check Against Medications and Prescriptions,
3537,122204,Enable AMC Prompting,فعّل تحفيز AMC
3538,,Enable AMC Report Itemization,
3539,122205,Enable AMC Reporting,فعّل تقرير AMC
3540,122206,Enable AMC Tracking,فعّل تتبع AMC
3541,,Enable amendments feature,
3542,122207,Enable ATNA Auditing,فعّل تدقيق ATNA
3543,,Enable Audit Log Encryption,
3544,122208,Enable Audit Logging,فعّل ولوج التدقيق
3545,122209,Enable Audit Trail and Node Authentication (ATNA).,فعّل تتبع التدقيق و صلاحية العقدة (ATNA)
3546,,Enable Authentication Using Google Sign-in,
3547,122210,Enable Automated Measure Calculations (AMC) Reporting,فعّل تقرير قياس الحسابات الألي (AMC)
3548,,Enable Batch Payment,
3549,,Enable C-CDA Alternate Service,
3550,,Enable C-CDA Service,
3551,,Enable Client,
3552,122211,Enable Client SSL,فعّل عميل SLL
3553,122212,Enable client SSL certificate authentication.,فعّل توثيق شهادة عميل SLL
3554,,Enable Clinical Active Reminder Popup,
3555,122213,Enable Clinical Decisions Rules (CDR),فعّل قواعد القرارات الإكلينكية
3556,,Enable Clinical Passive New Reminder(s) Popup,
3557,,Enable Clinical Passive Reminder Widget,
3558,122214,Enable Clinical Quality Measure (CQM) Reporting,فعّل تقرير مقياس النوعية الإكلينكية
3559,122215,Enable Clinical Reminder Popup,فعّل نافذة منبثقة للتذكير الإكلينكي
3560,122216,Enable Clinical Reminder Widget,فعّل اداة للتذكير الإكلينكي
3561,,Enable CMS Portal,
3562,,Enable Compact Mode,
3563,,Enable CQM Report Itemization,
3564,122217,Enable CQM Reporting,فعّل تقرير CQM
3565,,Enable Database Connection Pooling,
3566,,Enable Easipro,
3567,,"Enable Easipro. For licensing options for this feature, please contact",
3568,,Enable EDI History,
3569,122218,Enable EDI History In Left Menu,فعّل تاريخ EDI في القائمة اليسري
3570,,Enable Encryption of Items Stored on CouchDB,
3571,,Enable Encryption of Items Stored on Drive,
3572,,Enable Extension,
3573,,Enable Facility,
3574,,Enable Facility/Warehouse Permissions,
3575,,Enable facility/warehouse restrictions in the user administration form.,
3576,122219,Enable Fees In Left Menu,فعّل المصاريف في القائمة اليسري
3577,,Enable Fees Submenu,
3578,,Enable FHIR Provider Client Service,
3579,,Enable follow-up encounters,
3580,,Enable follow-up encounters feature,
3581,,Enable Google Sign-In,
3582,,Enable Group Therapy,
3583,,Enable Help Modal,
3584,122220,Enable Hylafax Support,فعّل دعم Hylafax
3585,,Enable import status message after visiting NewCrop eRx.,
3586,122221,Enable import status message for NewCrop erx,فعّل حالة الإستيراد NewCrop erx
3587,,Enable Itemization of AMC Reports,
3588,,Enable Itemization of CQM Reports,
3589,,Enable Itemization of Standard Clinical Rules Reports,
3590,122222,Enable Lab Exchange,فعّل تبادل المعمل
3591,,Enable lock toggle,
3592,122223,Enable log for document uploads/downloads to CouchDB,فعّل السجل لترفيع او تنزيل الوثائق الي
3593,122224,Enable logging of all SQL SELECT queries.,فعّل الولوج لكل استفهامات SQL SELECT
3594,122225,Enable logging of backup related activities.,فعّل الولوج للنشاطات المتعلقة بالنسخ الإحتياطي
3595,122226,Enable logging of CDR Engine Queries.,فعّل الولوج لكل استفهامات CDR Engine
3596,122227,Enable logging of miscellaneous activities.,فعّل الولوج للنشاطات المتفرقة
3597,122228,Enable logging of ordering activities.,فعّل الولوج لنشاطات الطلب
3598,122229,Enable logging of patient record modifications.,فعّل الولوج لتعديلات سجل المريض
3599,122230,Enable logging of scheduling activities.,فعّل الولوج لنشاطات جدولة المواعيد
3600,122231,Enable logging of security and administration activities.,فعّل الولوج لنشاطات الحماية و الإدارة
3601,,Enable MedEx Communication Service,
3602,,Enable NewCrop eRx import status message,
3603,122232,Enable NewCrop eRx Service,فعّل خدمة NewCrop eRx
3604,,Enable NewCrop eRx Service.,
3605,,Enable OAuth2 Password Grant (Not considered secure),
3606,,Enable OAuth2 Password Grant. Recommend turning this setting off for production server. Recommend only using for testing.,
3607,,Enable Office Ally Insurance Eligibility,
3608,122233,Enable Offsite Patient Portal,فعّل بوابة المريض خارج الموقع
3609,122234,Enable Offsite Patient Portal.,فعّل بوابة المريض خارج الموقع
3610,,Enable only one type of portal by checking the relevant check-box,
3611,122235,Enable Onsite Patient Portal,فعّل بوابة المريض داخل الموقع
3612,,Enable Onsite Patient Portal Document Download,
3613,,Enable Onsite Patient Portal new patient to self register.,
3614,122236,Enable Onsite Patient Portal.,فعّل بوابة المريض داخل الموقع
3615,,"Enable OpenEMR FHIR System Scopes (Recommended Off, Turn on only if you know what you are doing)",
3616,,Enable OpenEMR FHIR System Scopes.,
3617,,Enable OpenEMR Patient Portal FHIR REST API (EXPERIMENTAL),
3618,,Enable OpenEMR Patient Portal FHIR RESTful API.,
3619,,Enable OpenEMR Patient Portal REST API (EXPERIMENTAL),
3620,,Enable OpenEMR Patient Portal RESTful API.,
3621,,Enable OpenEMR REST API,
3622,,Enable OpenEMR RESTful API. SSL Required,
3623,,Enable OpenEMR Standard FHIR REST API,
3624,,Enable OpenEMR Standard FHIR RESTful API.,
3625,,Enable OpenEMR Standard REST API,
3626,,Enable OpenEMR Standard RESTful API.,
3627,,Enable Patient Portal,
3628,,Enable Patient Portal Document Download,
3629,,Enable Patient Portal new patient to self register.,
3630,122237,Enable Patient Reminder Widget,فعّل اداة تذكير المريض
3631,,Enable percent-based price levels,
3632,122238,Enable phiMail Direct Messaging Service,فعّل خدمة phiMail للإرسال المباشر
3633,,Enable Posting,
3634,122239,Enable Prompting For Automated Measure Calculations (AMC) Required Data,فعّل تحفيز البيانات المطلوبة لقياس الحسابات الألي (AMC)
3635,,Enable Random Drug Testing,
3636,122240,Enable Reporting of Tracking Date For Automated Measure Calculations (AMC),فعّل التقرير لتتبع اليوم لقياس الحسابات الألي (AMC)
3637,,Enable Save and Close,
3638,122241,Enable Scanner Support,فعّل دعم الماسح الضوئي
3639,,Enable Standard Report Itemization,
3640,,Enable support for the open source WordPress Portal by Sunset Systems,
3641,,Enable Text Templates in Encounter Forms,
3642,122242,"Enable the Medical Information Integration, LLC Lab Exchange Service.","فعّل دمج المعلومات الطبية, خدمة تبادل المعمل LLC"
3643,122243,Enable the OpenEMR Support LLC Lab Exchange Service.,فعّل دعم البرنامج لخدمة تبادل المعمل LLC
3644,122244,Enable User Certificate Authentication,فعّل تفقد صلاحية شهادة المستخدم
3645,,Enable Version 1 Onsite Patient Portal,
3646,,Enable Version 2 Onsite Patient Portal,
3647,,Enable Version 2 Onsite Patient Portal new patient to self register.,
3648,,Enable Weno eRx Service,
3649,,Enable Weno eRx Service Test mode,
3650,122245,"Enable ZMG, LLC eRx service","فعّل ZMG, LLC eRx service"
3651,122246,enabled,مُفعّل
3652,,Enabled,
3653,,Enabled Client,
3654,,Enabled Services,
3655,,Enables choose due date to message,
3656,,Enables groups module in system.,
3657,,Enables the ability to download documents in the Onsite Patient Portal by the user.,
3658,,Enables the ability to download documents in the Patient Portal by the user.,
3659,122247,"Enables the old Charges panel for entering billing codes and payments. Not recommended, use the Fee Sheet instead.","يفعّل لوحة التكاليف القديمة لإدخال رموز الفوترة و الدفعات. لا ينصح به, استخدم شريحة الاجور بدلا"
3660,,Enables to submit changes for all appointments of a recurrence at once.,
3661,,Enabling EMR Direct phiMail,
3662,122248,Enc,الزيارة
3663,,Enc#,
3664,122249,Encnter,الزيارة
3665,122250,Encounter,الزيارة
3666,122251,encounter,الزيارة
3667,122252,Encounter ,الزيارة
3668,122253,encounter acute inpatient or ED,الزيارة الحرجة لمريض داخلي او قسم الطوارئ
3669,,Encounter Balance,
3670,,Encounter Billing Note,
3671,,Encounter Checkup Procedure,
3672,,Encounter Count,
3673,,encounter data,
3674,122254,Encounter Date,تاريخ الزيارة
3675,,Encounter Diagnosis,
3676,,Encounter Dt / Rsn,
3677,122255,Encounter EDI Record,سجل تبادل المعلومات الإلكتروني للزيارة
3678,,Encounter Esigned,
3679,122256,Encounter Forms,استمارات الزيارة
3680,122257,encounter health and behavior assessment,التقييم الصحي و السلوكي للزبارة
3681,122258,Encounter History,التاريخ المرضي
3682,122259,Encounter ID,رقم معرف الزيارة
3683,122260,encounter influenza,زيارة انفلونزا
3684,,Encounter Information,
3685,,Encounter Information (encounters),
3686,122261,Encounter number,رقم الزيارة
3687,,Encounter Number,
3688,122262,encounter nursing discharge,الخروج من زيارة التمريض
3689,122263,encounter nursing facility,زيارة منشأة التمريض
3690,122264,encounter occupational therapy,زيارة العلاج الوظيفي
3691,122265,encounter office visit,زيارة العيادة
3692,122266,encounter outpatient,زيارة العيادات الخارجية
3693,122267,encounter outpatient w/PCP & obgyn,زيارة العيادات الخارجية لطب اﻷسرة او النساء و الولادة
3694,122268,Encounter Page Size,حجم صفحة الزيارة
3695,122269,Encounter Payment,المستحقات المالية للزيارة
3696,122270,encounter pregnancy,زيارة حمل
3697,122271,encounter preventive medicine - individual counseling,زيارة الطب الوقائي - استشاره فرديه
3698,122272,encounter preventive medicine 40 and older,زيارة الطب الوقائي - ٤٠ سنه فمافوق
3699,122273,encounter preventive medicine group counseling,زيارة الطب الوقائي - استشاره جماعيه
3700,122274,encounter preventive medicine other services,زيارة الطب الوقائي - خدمات اخري
3701,122275,encounter preventive medicine services 18 and older,زيارة الطب الوقائي - ١٨ سنه فمافوق
3702,,Encounter Preview,
3703,,Encounter Provider,
3704,122276,encounter psychiatric & psychologic,زيارة الطب النفسي
3705,122277,Encounter statistics,إحصائيات الزيارة
3706,122278,Encounter Summary,ملخص الزيارة
3707,,Encounter type,
3708,122279,Encounter was coded,تم حفظ الزيارة
3709,122280,Encounter:,الزيارة:
3710,122281,"Encounter: encounter non-acute inpt, outpatient, or ophthalmology","الزيارة: زيارة لحالة غير حرجة داخلي , خارجي او عيون"
3711,122282,Encounters,الزيارات
3712,122283,Encounters & Forms,الزيارات و الاستمارات
3713,122284,Encounters &amp; Forms,الزيارات و الاستمارات
3714,122285,Encounters not authorized,الزيارة عير مصرح بها
3715,122286,Encounters Report,تقرير الزيارة
3716,122287,Encounters Section,قسم الزيارة
3717,,Encrypted File,
3718,122288,Encryption,التشفير
3719,,Encryption key issued by Weno eRx service.,
3720,,Encryption Pass Phrase,
3721,122289,End,نهاية
3722,122290,End (yyyy-mm-dd): ,تاريخ اﻹنتهاء: (سنة-شهر-يوم)
3723,122291,End Date,تاريخ اﻹنتهاء
3724,122292,End date,تاريخ اﻹنتهاء
3725,,End Date From,
3726,,End date is missing!,
3727,,End Date leave blank if ongoing,
3728,,End date must be equal or bigger than start date,
3729,,End date must be later than Begin date!,
3730,122293,End date should be greater than Begin date,تاريخ اﻹنتهاء يجب أن يكون أبعد من تاريخ البدء
3731,,End Date To,
3732,122294,End Date:,تاريخ اﻹنتهاء:
3733,,End of Day by Provider or allow Totals Only,
3734,,End Of Day Report,
3735,,End of report,
3736,,End of Requisition,
3737,122295,End Time,وقت اﻹنتهاء
3738,,End watching server processes for upgrade version,
3739,122296,End-Stage Renal Disease Beneficiary in MCP with Employer`s Group Plan,مستفيد MCP بخطة تأمينيه جماعية فى المراحل اﻷخيرة من الفشل الكلوي
3740,,End-Stage Renal Disease Treatment Facility,
3741,,Ending Account Balance,
3742,,Ending date,
3743,122297,Ending date of service yyyy-mm-dd,تاريخ انتهاء الخدمة سنة-شهر-يوم
3744,122298,Ending DOS mm/dd/yyyy if you wish to enter a range,إنهاء موجه الاوامر شهر/يوم/سنة إذا كنت ترغب في إدخال نطاق
3745,122299,Ending hour of day for calendar events.,أخر ساعة عمل يومي لأحداث الروزنامة
3746,122300,Endo Abnormal Blood,وجود دم غير طبيعي بالتنظير
3747,122301,Endocrine,الغدد الصماء
3748,122302,Endoscopy,التنظير
3749,,ENDO{{Endocrine}},
3750,,Enforce E-Mail in Portal Log On Dialog,
3751,,Engineer,
3752,,Engineering Firm,
3753,122303,English,الإنجليزية
3754,122304,English ,الإنجليزية
3755,,English (Australian),
3756,122305,English (Indian),الإنجليزية الهند
3757,122306,English (Standard),الإنجليزية
3758,122307,Enscript command used by Hylafax.,أمر Enscript مستخدم بواسطة Hylafax
3759,122308,Ensure OpenEMR has write privileges to directory,تأكد من أن البرنامج يملك صلاحية الكتابة للمجلد
3760,,Ensure that Identifying Codes are unique,
3761,122309,ENT Discharge,"إفرازات في الأذن, الأنف. الحنجرة"
3762,122310,ENT Pain,"ألم في الأذن, الأنف, الحنجرة"
3763,,"Enter 1 under sequence, more about sequence numbers later",
3764,,Enter a Begin Date,
3765,122311,Enter a diagnosis code to exclude all invoices not containing it,ادخل رمز التشخيص لإستبعاد كل الفواتير التي لا تحتويه
3766,,Enter a sequence 1,
3767,,Enter an amendment...,
3768,,Enter an End Date if the problem has been resolved,
3769,,Enter Application Name,
3770,122312,Enter body of letter here,أدخل جسد الرسالة هنا
3771,,Enter City,
3772,122313,Enter Database root Password,أدخل كلمة سر الجذر لقاعدة البيانات
3773,122314,Enter Database root Username,أدخل إسم المستخدم الجذر لقاعدة البيانات
3774,,Enter default values for OD{{right eye}},
3775,,Enter defaults for Right side,
3776,,Enter defaults values for Left side,
3777,,Enter defaults values for OS{{left eye}},
3778,,Enter Details,
3779,,Enter Details for Custom Favorite Group,
3780,,Enter Details for Discrete Results,
3781,,Enter Details for Group,
3782,,Enter Details for Individual Custom Favorite Item,
3783,,Enter Details for Individual Procedures,
3784,,Enter Details for Recommendation,
3785,122315,Enter Diagnosis,أدخل التشخيص
3786,122316,Enter Drugs,أدخل الأدوية
3787,,Enter E-Mail Address,
3788,,Enter email address to receive registration.,
3789,122317,Enter Encounter,أدخل الزيارة
3790,122318,Enter Encounter Number,أدخل رقم الزيارة
3791,,Enter Facility Name,
3792,,Enter Gift Card number in the Reference field,
3793,,Enter ID,
3794,122319,Enter Immunizations,أدخل التطعيمات
3795,122320,Enter Key,زر الإدخال
3796,,Enter Last,
3797,,Enter name,
3798,,Enter needed information to help process this particular claim,
3799,,Enter new data,
3800,,Enter new office note here,
3801,122321,Enter new State,ادخل حالة جديدة
3802,,Enter Occurrence if appropriate,
3803,,Enter or select the options in the various boxes to filter the results according to need and press Filter,
3804,,Enter Password,
3805,,Enter PIN code,
3806,,Enter Provider Details,
3807,122322,Enter Recipient's Direct Address,أدخل عنوان المستلم المباشر
3808,,Enter required authentication code,
3809,,Enter Self if None,
3810,,Enter Serum Uric Acid in the Name box,
3811,,Enter Serum Uric Acid order in the Description box,
3812,,Enter Serum Uric Acid result under Description,
3813,,Enter Serum Uric Acid under Name,
3814,,Enter the category data in the appropriate fields and click 'Save'. These will be used to group the ICD codes and will be displayed on the buttons in the 'Select Codes' section,
3815,,Enter the code from your authentication application on your device,
3816,,"Enter the default range values if applicable, used in manual entry of results.",
3817,,Enter the default units for this test.,
3818,,"Enter the details - Name - Well Woman Tests, Description - Well Woman Tests, an appropriate sequence number depending on the procedure orders already entered, Order From - Local Lab",
3819,,"Enter the details as follows Name - Blood Glucose, Description - Fasting Glucose result, Sequence - 1, Identifying Code - any unique value - WWT01R, Default Units - mg/dL, Default Range - 70-100, leave Followup Services blank and click Save",
3820,,Enter the Direct address and click Send CCR/Send CCD as the case may be,
3821,,"Enter the following: Name - Blood Glucose, Description - Fasting Blood Glucose, Sequence - 1, Order From - Local Lab",
3822,,"Enter the laterality of this procedure, if applicable.",
3823,,Enter the Logical Observation Identifiers Names and Codes (LOINC) code for this procedure,
3824,,Enter the Logical Observation Identifiers Names and Codes (LOINC) code for this procedure. LOINC is a database and universal standard for identifying medical laboratory observations.,
3825,,Enter the LOINC code for this procedure,
3826,,Enter the OpenEMR login password for the user and click Submit,
3827,122323,Enter the Re Identification code,أدخل رمز إعادة التعريف
3828,,Enter the relevant site if applicable.,
3829,,"Enter the Server Address, Username, and Password provided to you",
3830,,Enter the Severity of the allergy,
3831,,Enter the specimen type if applicable.,
3832,,"Enter the values 3.4 - 7.2 - Men, 2.4–6.1 - Women",
3833,,Enter their OpenEMR username in the notification user field,
3834,,Enter User Login ID,
3835,,Enter values in this section to create a new group also known as Access Request Object (ARO),
3836,,Enter your credentials,
3837,,Enter your existing current password used to login.,
3838,,Enter your password to sign the form,
3839,122324,Enter your search criteria above,أدخل معايير البحث أعلاه
3840,,Enter Your Zip,
3841,,Entered,
3842,,Entered By,
3843,122325,Entered in Error,تم الإدخال بالخطأ
3844,,Entered User Name is unavalable!,
3845,122326,entries,تدوينات
3846,,entries with the oldest dated,
3847,,Entry Status,
3848,,Envelope Height in mm,
3849,,Envelope Width in mm,
3850,,Envelope x-axis starting pt,
3851,,Envelope y-axis starting pt,
3852,122327,Environmental,بيئي
3853,122328,EOB Data Entry,إدخال بيانات وثيقة شرح الإستفادة التأمينية
3854,,EOB Data Entry (eob),
3855,,EOB Id,
3856,,EOB Invoice,
3857,122329,EOB Posting - Electronic Remittances,التحويلات البنكية الإلكترونية - وثيقة شرح الإستفادة التأمينية
3858,122330,EOB Posting - Instructions,التعليمات - وثيقة شرح الإستفادة التأمينية
3859,122331,EOB Posting - Invoice,الإيصال - وثيقة شرح الإستفادة التأمينية
3860,122332,EOB Posting - Patient Note,ملاحظة المريض - وثيقة شرح الإستفادة التأمينية
3861,122333,EOB Posting - Search,البحث - وثيقة شرح الإستفادة التأمينية
3862,,EOBs,
3863,122334,Epilepsy,صرع
3864,,Episode,
3865,,EPSDT,
3866,,EPSDT:,
3867,,Equals,
3868,,Equivalent contact lens power at the corneal level,
3869,122335,ERA,التقاعد المبكّر
3870,122336,ERA Files,ملفات التقاعد المبكّر
3871,122337,ERA Posting,إعلام التقاعد المبكّر
3872,,ERA Upload,
3873,122338,Erase,مسح
3874,,Eraser,
3875,122339,Erections,إنتصابات
3876,122340,Error,خطأ
3877,,ERROR,
3878,122341,Error confirming receipt of lab results,خطأ في تأكيد إستلام نتائج المختبر
3879,,Error creating directory!,
3880,,Error finding diagnosis element. Try again.,
3881,,Error Generating Batch File,
3882,122342,Error getting lab results from Lab Exchange Network,خطأ في إستلام نتائج المختبر من شبكة تبادل المختبر
3883,122343,"Error in ""Gender"" selection","خطأ في إختيار ""نوع الجنس"""
3884,122344,"Error in ""HIPAA"" selection","خطأ في إختيار ""HIPPA"""
3885,122345,"Error in ""Process"" selection","خطأ في إختيار ""الإجراء"""
3886,122346,"Error in ""SMS Gateway"" selection","خطأ في اختيار ""بوابة الرسائل النصية القصيرة"""
3887,122347,"Error in ""Sort By"" selection","خطأ في اختيار ""الفرز حسب"""
3888,122348,Error in gzip compression of file: ,خطأ في عملية ضغط الملف:
3889,122349,Error in YES or NO option,خطأ في إختيار نعم أو لا
3890,,Error Message,
3891,,ERROR Missing Patient ID,
3892,,Error No selected Readers,
3893,,Error number,
3894,122350,Error opening uploaded file for reading,خطأ في فتح الملف المحمل للقراءة
3895,122351,Error processing file,خطأ في معالجة الملف
3896,122352,Error processing upload,خطأ في تحميل الملف
3897,122353,Error Removing Message,خطأ في ازالة الرسالة
3898,122354,Error retrieving results from Lab Exchange Network,خطأ  في استرجاع النتائج من شبكة المختبر
3899,122355,Error retrieving values.,خطأ في استرجاع القيم
3900,,Error saving document,
3901,122356,Error when granting file privilege to the OpenEMR user.,خطأ فى إعطاء صلاحيات الملفات للمستخدم
3902,,Error while adding new plan,
3903,,Error while deleting the plan,
3904,122357,error while registering form!,خطأ خلال قت تسجيل النموذج!
3905,122358,Error while saving to the file,خطأ خلال مرحلة حفظ الملف
3906,,Error while updating the plan,
3907,122359,Error while writing to file,خطأ خلال مرحلة الكتابة في الملف
3908,,Error! Groups save failed. Check your Group lists.,
3909,,Error! Images state save failed.,
3910,,Error! Profiles save failed. Check your Profile lists.,
3911,,ERROR!... in Update,
3912,122360,error(s) encountered from new results,خطأ او أخطاء ناتجة من النتائج الجديدة
3913,,"Error, Class ZipArchive does not exist",
3914,,"Error, Could not create file archive",
3915,,"Error, the CA Certificate File doesn't exist",
3916,,"Error, the CA Key File doesn't exist",
3917,122361,"Error, the file does not exist","خطأ, الملف غير موجود"
3918,122362,"ERROR, unable to collect data from server","خطأ, غير قادرعلى جمع البيانات من الخادم"
3919,122363,"Error, unable to create client certificate.",خطأ، غير قادر علي إنشاء شهادة للعميل
3920,122364,"Error, unable to create the admin.p12 certificate.",خطأ، غير قادر علي إنشاء شهادة admin.p12
3921,122365,"Error, unable to create the Certificate Authority certificate.",خطأ، غير قادر علي إنشاء شهادة لشهادة السلطة
3922,122366,"Error, unable to create the Server certificate.",خطأ، غير قادر علي إنشاء شهادة للخادم
3923,,"Error, unable to create zip file with all the certificates",
3924,122367,"Error, unable to open file","خطأ, لايمكن فتح الملف"
3925,122368,"Error, User Certificate Authentication is not enabled in OpenEMR","خطأ, التأكد من شهادة المستخدم غير مفعّل فى البرنامج"
3926,,ERROR. Could not open,
3927,,Error. Not authorized,
3928,,Error. Not Authorized.,
3929,,Error. Nothing to do.,
3930,,Error. Problem sending one or more templates.,
3931,,Error. Problem setting one or more profiles.,
3932,,Error. Try again later,
3933,122369,Error. You need to install the Archive/Tar.php php module.,"خطأ, يجب أن تثّبت جزء Archive/Tar.php php"
3934,122370,"ERROR: could not open table.sql, broken form?","خطأ, لايمكن فتح table.sql, الطلب معطوب؟"
3935,,Error: Duplicated field ID,
3936,,Error: duplicated ID,
3937,122371,Error: duplicated ID on line,"خطأ, رقم هوية مكررة"
3938,122372,Error: duplicated name on line,"خطأ, أسم مكرر في نفس الخط"
3939,122373,ERROR: Field,خطأ: حقل
3940,122374,ERROR: Missing ZipArchive PHP Module,"خطأ, ملف ZipArchive PHP Module غير موجود"
3941,122375,ERROR: No ICD import directory.,خطأ: مجلد إستيراد ICD غير موجود
3942,122376,Error: passwords don't match. Please check your typing.,خطأ: الإرقام السرية غير مطابقة. فضلاً تأكد من الكتابة
3943,122377,Error: passwords don't match. Please check your typing.,خطأ: الإرقام السرية غير مطابقة. فضلاً تأكد من الكتابة
3944,122378,Error: the file does not exist,خطأ: الملف غير موجود
3945,122379,ERROR: The following variable contains invalid characters,خطأ: المتغيرات التالية تحتوي على رموز خاطئة
3946,122380,ERROR: Unable to copy the file.,خطأ: غير قادر على نسخ الملف
3947,122381,Error: Unable to create downloadable archive,خطأ: غير قادر على تكوين الملف القابل للتنزيل
3948,122382,ERROR: Unable to Create Zip Archive.,خطأ: غير قادر على تكوين الملف المضغوط
3949,122383,ERROR: Unable to extract the file.,خطأ: غير قادر على استخراج الملف
3950,122384,ERROR: Unable to load the file into the database.,خطأ: غير قادر على تحميل الملف على قاعدة البيانات
3951,122385,ERROR: Unable to set the version number.,خطأ: غير قادر على وضع رقم الأصدار
3952,122386,Errors,أخطاء
3953,,eRx,
3954,122387,eRx Account Status,حالة حساب الوصف الإلكتروني
3955,122388,eRx Logs,سجل الوصف الإلكتروني
3956,122389,ERX Name,إسم الوصفة الإلكترونية
3957,122390,ERX Password,كلمة سر الوصفة الإلكترونية
3958,122391,ERX Role,دور الوصفة الإلكترونية
3959,122392,ERX User,مستخدم الوصفة الإلكترونية
3960,122393,Erythema:,احمرار
3961,,eSign,
3962,,eSign Log,
3963,122394,Eskimo,الاسكيمو
3964,,Esophoria,
3965,,Esotropia,
3966,,Esperanto,
3967,,Est,
3968,,Established,
3969,122395,Established Patient,مريض دائم
3970,122396,Estonian,إستوني
3971,122397,Ethnicity,العرقية
3972,122398,Ethnicity or Race,العرقية
3973,122399,"Ethnicity-Race List (write,addonly optional)","قائمة العرقية (اكتب, الإضافة اختيارية)"
3974,,"Ethnicity-Race List (write,addonly optional) (ethrace)",
3975,,Ethnoracial,
3976,122400,ETIN,رقم هوية دافع الضرائب الإلكتروني
3977,,ETOH,
3978,,ET{{esotropia}},
3979,122401,Event,الحدث
3980,,event,
3981,122402,Event Begins,بدء الحدث
3982,122403,Event Category,مجموعة الحدث
3983,122404,Event Date,تاريخ الحدث
3984,,event date or starting date,
3985,122405,Event Description,وصف الحدث
3986,122406,Event Details,تفاصيل الحدث
3987,122407,Event does not repeat,الحدث لا يتكرر
3988,122408,Event Duration,مدة الحدث
3989,122409,Event duration in minutes,مدة الحدث بالدقائق
3990,122410,Event Fee,كلفة الحدث
3991,122411,Event Location,مكان الحدث
3992,122412,Event repeats every,الحدث يتكرر كل
3993,122413,Event repeats on,الحدث يتكرر في
3994,122414,Event start time,الحدث بدأ الساعة
3995,122415,Event title,عنوان الحدث
3996,122416,Event Title,عنوان الحدث
3997,122417,Event Website,موقع الحدث
3998,122418,Events,الأحداث
3999,122419,Events for,الأحداث ل
4000,122420,Events open in new window,إفتح الأحداث فى نافذة جديدة
4001,,Events Scheduled,
4002,,Eventually file name becomes a Pending document selection in Portal Documents.,
4003,122421,every,كل
4004,122422,Every,كل
4005,,Every 2nd,
4006,122423,every 3 hours,كل 3 ساعات
4007,,Every 3rd,
4008,122424,every 4 hours,كل 4 ساعات
4009,,Every 4th,
4010,122425,every 5 hours,كل 5 ساعات
4011,,Every 5th,
4012,122426,every 6 hours,كل 6 ساعات
4013,,Every 6th,
4014,122427,every 8 hours,كل 8 ساعات
4015,122428,Every Fourth,كل رابع
4016,,"Every name in the address book appears here, not only physicians.",
4017,122429,Every Other,كل تالِ
4018,122430,Every Third,كل ثالث
4019,122431,"Every, every other, every 3rd, etc.",كل، كل يوم آخر
4020,,Ewe,
4021,122432,Exam and test results,نتائج الفحص و التحاليل
4022,,Exam or Test,
4023,122433,Exam results,نتائج التحاليل
4024,,Exam Room #,
4025,,Exam Room Number,
4026,122434,Examination,الفحص
4027,122435,Examination Date,تاريخ الفحص
4028,122436,Example,مثال
4029,,Example authenticator apps include,
4030,,Example Privacy_Agreement.txt becomes Privacy Agreement button in Patient Documents,
4031,122437,Examples,أمثلة
4032,,"Examples of Sections are - Medications, Allergies, Vital Signs",
4033,122438,Exams/Tests,الفحص/الاختبارات
4034,,Exam{{Physical Exam}},
4035,122439,Except,ماعدا
4036,122440,Excessive Tearing,تمزق شديد
4037,,Exclude All E-Sign Logs On Report,
4038,,Exclude in Portal,
4039,,Excluded Appointments - Tooltip - Number to Display,
4040,122441,Excluded Patients,المرضى الاستثناء
4041,122442,Exclusion,الاستثناء
4042,122443,Exclusive Provider Organization (EPO),منظمة مزودة حصرية
4043,,Executables not allowed,
4044,122444,Executive Paper Size,حجم الورق التنفيذي
4045,122445,Exercise,التمرين
4046,122446,Exercise patterns,نماذج التمرين
4047,122447,Exercise Patterns,نماذج التمرين
4048,122448,Exist,الخروج
4049,,existing claim status is not altered.,
4050,,Existing Forms,
4051,,Exit,
4052,122449,Exit from Administration,الخروج من الإدارة
4053,,Exit Mail,
4054,,Exophoria,
4055,,Exotropia,
4056,122450,Exp,مد
4057,,Exp Date,
4058,122451,Expand,مد
4059,122452,expand,مد
4060,,Expand / Collapse,
4061,122453,Expand All,مد الكل
4062,,Expand All Document Categories,
4063,,Expand All Document Categories by Default,
4064,,Expand Form,
4065,,Expand/Collapse this form,
4066,122454,Expanded View,مشاهدة موسعة
4067,122455,Expected form_encounter.pid to be ,Expected form_encounter.pid to be
4068,122456,Expiration,إنتهاء الأجل
4069,122457,Expiration Date,تاريخ الإنتهاء
4070,,Expired,
4071,122458,Expires,ينتهي
4072,122459,expires in,ينتهي في
4073,,Expiry,
4074,122460,Export,تصدير
4075,122461,Export as CSV,تصدير بصيغة  CSV
4076,,Export Billing,
4077,122462,Export Configuration,هيئة التصدير
4078,,Export File,
4079,,Export Individual Invoices,
4080,,Export OFX,
4081,122463,Export Patient Demographics,تصدير بيانات المريض الديموغرافية
4082,,Export Patient Demographics XML,
4083,122464,Export PQRI Report,تصدير تقريرPQRI
4084,,Export process timed out,
4085,,Export QRDA Report,
4086,122465,Export Selected as CSV,تصدير المقتطفات
4087,122466,Export Selected to Collections,تصدير الاختيارات الى التحصيل
4088,122467,Export to CSV,تصدير الى CSV
4089,122468,Export to external billing system,تصدير الى نظام الفواتير الخارجي
4090,,Export Zero Balances,
4091,122469,Exposure to Foreign Countries,زيارة بلدان أخرى
4092,122470,Exposure To Foreign Countries,زيارة بلدان أخرى
4093,,Ext,
4094,122471,Ext Time Collected,تم جمع وقت Ext
4095,,Extended family,
4096,122472,External,خارجي
4097,,External Data,
4098,,External Data - any external data linked to either encounters or procedures,
4099,122473,External Data Loads,تحميل البيانات الخارجية
4100,122474,External Database Import Utility,أداة إستيراد قاعدة البيانات الخارجية
4101,,External Draw Panel,
4102,,External Exam,
4103,,External Exam Default Values,
4104,122475,External ID,هوية خارجية
4105,122476,External Id,رقم خارجي
4106,122477,External identifier,هوية خارجية
4107,,External Lab,
4108,122478,External Only,خارجي فقط
4109,,External Organization,
4110,,External Procedure,
4111,,External Provider,
4112,122479,External Referral,إحالة خارجية
4113,122480,External Referral Followups,متابعة الإحالة الخارجية
4114,122481,External referral?,إحالة خارجية؟
4115,122482,External Referrals,الإحالات الخارجية
4116,,External URL,
4117,122483,Extract the zip file,فك الملف المضغوط
4118,122484,Extracting the file. This will take some time...,فك الملف المضغوط، قد يأخذ بعض الوقت
4119,,Extremely difficult,
4120,122485,Exudate:,نتحة قيحية:
4121,,Eye,
4122,,Eye Coding Fields,
4123,,Eye Coding Terms,
4124,,Eye Contact Lens Brand list,
4125,,Eye Contact Lens Manufacturer list,
4126,,Eye Contact Lens Supplier list,
4127,,Eye Dx{{eye diagnosis}},
4128,,Eye Exam,
4129,,Eye Exam Default Values for New Providers,
4130,122486,Eye Irritation,إجهاد العين
4131,,Eye Lens Material,
4132,,Eye Lens Treatments,
4133,,Eye Med,
4134,,Eye Meds,
4135,,Eye Orders Defaults,
4136,122487,Eye Pain,ألم العين
4137,,Eye QP List ANTSEG for New Providers,
4138,,Eye QP List EXT for New Providers,
4139,,Eye QP List RETINA for New Providers,
4140,122488,Eye Redness,احمرار العين
4141,,Eye Surgery,
4142,,Eyedropper,
4143,122489,Eyes,العينين
4144,,E{{esophoria}},
4145,122490,F,أنثى
4146,122491,F/H Blood Problems,قصة عائلية: مشاكل دم
4147,122492,F/H Female Hirsutism/Striae,قصة عائلية: شعرانية/فزر
4148,122493,Facilities,المنشآت
4149,122494,Facility,المنشأة
4150,122495,facility,المنشأة
4151,122496,Facility Administration,إدارة المنشأة
4152,,Facility and warehouse permissions,
4153,122497,Facility City,مدينة المنشأة
4154,122498,Facility Code,رمز المنشأة
4155,,Facility Color Schema,
4156,122499,Facility Country code,رمز دولة المنشأة
4157,,Facility Details,
4158,122500,Facility Fax,فاكس المنشأة
4159,,Facility ID,
4160,,Facility ID is missing,
4161,,Facility ID's,
4162,122501,Facility Name,إسم المنشأة
4163,122502,Facility NPI,رقم تعريف المنشأة الوطني
4164,,Facility permissions,
4165,122503,Facility Phone,هاتف المنشأة
4166,,Facility reflects the facility in which the visit occurred,
4167,122504,Facility Specific User Information,معلومات المستخدم الخاصة بالمنشأة
4168,122505,Facility State,ولاية المنشأة
4169,122506,Facility Street,شارع المنشأة
4170,,Facility Taxonomy,
4171,122507,Facility Zip,الرمز البريدي للمنشأة
4172,,Facility Zip Code,
4173,122508,Facility:,المنشأة:
4174,122509,FAIL,فشل
4175,122510,Failed,فاشل
4176,122511,failed,فاشل
4177,,Failed - already has group with the same name,
4178,,Failed Patients,
4179,,Failed Registration,
4180,,Failed since file already exists,
4181,,Failed to add patient to portal,
4182,,Failed to compute a unique filename,
4183,,Failed to create,
4184,,Failed to create folder,
4185,,Failed to create new group,
4186,122512,Failed to create temporary folder. CouchDB will not work.,فشل في إنشاء ملف مؤقت . CouchDB لن يعمل
4187,,Failed to generate,
4188,,Failed to get URL:,
4189,,Failed to send,
4190,,Failed to unregister module.,
4191,,Failed UTF8 encoding check! Could not automatically fix.,
4192,122513,Failed.,فشل
4193,122514,failure,فشل و قصور
4194,,Failure,
4195,,FAILURE NOTICE: Direct Message Send Failed.,
4196,,FAILURE: Couldn't create the zip,
4197,,FAILURE: No patients for measure,
4198,,"Falls: Screening, Risk-Assessment, and Plan of Care to Prevent Future Falls (CQM)",
4199,,False,
4200,,Family Health History,
4201,122515,Family History,القصة العائلية
4202,,"Family history - Documents the patient's family history, an ICD10 diagnosis can be linked to the medical conditions",
4203,122516,Family History of Glaucoma,القصة العائلية للجلوكوما
4204,122517,Family History:,القصة العائلية
4205,,Family Member,
4206,122518,Family Payment,سداد العائلة
4207,122519,Family Size,حجم العائلة
4208,122520,Fancy,فاخر
4209,,Faroese,
4210,122521,Farsi,فارسى
4211,,Fasting,
4212,,Fatal,
4213,122522,Father,الأب
4214,,Fathers History,
4215,122523,Fatigue,الإرهاق
4216,122524,Fatigued,مرهق
4217,,Favorites,
4218,122525,Fax,الفاكس
4219,122526,Fax Count,تعداد الفاكس
4220,122527,Fax number,رقم الفاكس
4221,,Fax sending failed,
4222,122528,Fax/Scan,الفاكس / المسح
4223,122529,Faxes In,الفاكس الوارد
4224,122530,Faxes Out,الفاكس الصادر
4225,,Feature not activated,
4226,122531,Features,المميزات
4227,122532,Feb,فبراير/شباط
4228,122533,February,فبراير/شباط
4229,122534,FECA,قانون تعويض الموظفين الفيدرالي
4230,122535,Federal Drug ID,رقم الدواء
4231,122536,Federal EIN,الرقم الحكومي التعريفي بالجهة الموظفة
4232,122537,Federal Tax ID,الرقم الضريبي
4233,,Federally Qualified Health Center,
4234,122538,Fee,التكلفة
4235,122539,fee,التكلفة
4236,122540,Fee is not allowed,التكلفة غير مسموح بها
4237,122541,Fee Sheet,صفحة التكاليف
4238,,Fee Sheet and Checkout,
4239,,Fee Sheet for,
4240,122542,Fee Sheet Options,خيارات صفحة التكاليف
4241,,Fee sheet tab is already opened,
4242,,Feeling afraid,
4243,,Feeling afraid as if something awful might happen,
4244,,Feeling nervous,
4245,,"Feeling nervous, anxious, or on edge",
4246,122543,Fees,التكاليف
4247,122544,Female,أنثى
4248,122545,Female AP,مسحة باب غير طبيعية للإنثي
4249,122546,Female Condoms,واق نسائي
4250,122547,Female G,تناسلية نسائية
4251,122548,Female LC,تاريخ اخر حمل
4252,122549,Female P,حوضي نسائي
4253,122550,Female Symptoms,أعراض نسائية
4254,122551,Female VSC,منع الحمل الجراحي الطوعى للإنثي
4255,,Fetch,
4256,,Fetching following file from portal,
4257,122552,Fever,الحمى
4258,122553,Fever:,الحمى
4259,122554,FH Blood Problems,قصة عائلية لمرض دموي
4260,,"FHD, WUXGA",
4261,,FHIR Server Base Address,
4262,,FH{{Family History}},
4263,122555,Fibroids,أورام ليفية سليمة
4264,,FIDO U2F - Universal 2nd Factor from the Fast IDentity Online alliance,
4265,122556,Field,حقل
4266,,Field 'name' cannot be NULL,
4267,122557,Field ID,تعريف الحقل
4268,,Field not suitable for edit option M,
4269,122558,Field type to use for employer or subscriber country in demographics.,نوع الحقل لإستخدامه لدولة الموظف فى الديموجرافيا
4270,122559,Field type to use for employer or subscriber state in demographics.,نوع الحقل لإستخدامه لولاية الموظف فى الديموجرافيا
4271,122560,Field(s) are missing!,يجب إكمال الحقول الفارغة!
4272,,FIELD: Text(.a); ,
4273,,Fields in This Form,
4274,,Fields{{visual fields}},
4275,,Fifth account message,
4276,,Fijian,
4277,122561,File,الملف
4278,,File base name becomes Menu selection,
4279,,File Error,
4280,122562,file in the Documentation directory to learn how to automate the process of creating log backups,file in the Documentation directory to learn how to automate the process of creating log backups
4281,122563,file location,موقع الملف
4282,122564,File management,أدارة الملفات
4283,,file missing,
4284,,File Name,
4285,,File not found,
4286,,File Not Found,
4287,,File on server (modification date),
4288,,File path not found.,
4289,122565,File privilege granted to OpenEMR user.,صلاحيات الملف تعطى لمسخدم الملف الالكتروني
4290,122566,File retrieval from CouchDB failed,فشل أسترجاع الملف من CouchDB
4291,122567,File Room,غرفة الملفات
4292,122568,File to upload,الملف للتحميل
4293,122569,File to Upload,الملف للتحميل
4294,122570,File with same name already exists at location:,يوجد ملف بالاسم نفسه في الموقع
4295,122571,Filename,اسم الملف
4296,,"Filename must end with "".pdf""",
4297,122572,Files,الملفات
4298,,Files base name becomes a pending document selection in Portal Documents.,
4299,,Files type white list,
4300,,Files with empty thumbnail,
4301,,filetype is not accepted,
4302,122573,Filipino,فليبني
4303,,fill,
4304,122574,Fill any of the Below Row.,املأ الفراغ التالي
4305,122575,Fill here only if sending email notification to patients,املأ هنا عند إرسال رسالة للمرضى فقط
4306,,Fill in any missing details or edit existing information. This will be saved in the patient's demographics page in openEMR,
4307,,"Fill in the CPT codes using the displayed format. The common E/M codes are already filled in, add more as needed",
4308,,Fill in the details as required and click Save,
4309,,Fill in the details for the Organ/Disease Panel as before and click Save to close the pop-up,
4310,,Fill in the details in a fashion similar to that used for allergies,
4311,,Fill in the necessary details in a fashion similar to that for Medical Problems,
4312,,Fill in the reason and select a provider and clinic and click the Add Recall button to complete the process,
4313,,Fill in the required details especially for the external facilities and click Save,
4314,122576,Fill in the values below,املأ فيما يلي
4315,,Fill Instructions,
4316,122577,Fill the Row.,املأ فيما يلي
4317,,Fill your first and last name,
4318,,Filled,
4319,,Filling in the other fields will help provide additional details pertinent to the referral,
4320,122578,Filter,تصفية
4321,122579,Filter for Constants,التصفية
4322,122580,Filter for Definitions,ترتيبت حسب التعاريف
4323,122581,filtered from,مصفى من
4324,122582,Filters,التصفية
4325,122583,filters,التصفية
4326,122584,Final,النهائي
4327,122585,Final Diagnosis,التشخيص النهائي
4328,122586,Final diagnosis by specialist,التشخيص النهائي من قبل اختصاصي
4329,,Final Status,
4330,122587,Financial,المالي
4331,122588,Financial Close Date (yyyy-mm-dd),نهاية العام المالي
4332,122589,Financial Reporting - anything,التقرير المالي
4333,,Financial Reporting - anything (rep_a),
4334,122590,Financial Reporting - my encounters,التقرير المالي - الحالات الخاصة
4335,,Financial Reporting - my encounters (rep),
4336,,Financial Review,
4337,122591,Financial Review Date,تاريخ مراجعة الحسابات
4338,122592,Financial Summary by Service Code,الملخص المالي حسب رمز الخدمة
4339,,"Financial transactions corresponding to the date range, if any, will be listed in the table",
4340,122593,Find,البحث
4341,122594,Find Available,البحث عن المتوفر
4342,122595,Find Available Appointments,ابحث عن المواعيد المتوفرة
4343,,Find Available{{Provider}},
4344,,Find Code History,
4345,122596,Find Patient,ابحث عن مريض
4346,122597,Find Patient Education Materials,ابحث عن مواد توعية المريض
4347,,Find Procedure Order,
4348,122598,Findings,الموجودات
4349,122599,Findings by specialist,الموجودات من قبل اختصاصي
4350,122600,Fine,ناعم
4351,,Finish,
4352,122601,Finish Payments,السداد النهائي
4353,,Finished,
4354,122602,finished,منتهي
4355,,Finished Deleting,
4356,,Finnish,
4357,122603,First,الأول
4358,,First account message,
4359,,First day in the week,
4360,122604,First day of the week,اليوم الأول للأسبوع
4361,,First Modern Contraception at this Clinic (with Prior Contraceptive Use),
4362,,First Modern Contraceptive Use (Lifetime),
4363,122605,First Name,الاسم الأول
4364,122606,First name,الاسم الأول
4365,,First Name Missing,
4366,122607,First Name:,الاسم الأول
4367,,First Visit or Consultation,
4368,,First visit: No Old Records,
4369,,First-time visits only,
4370,,Firstname Lastname,
4371,,First{{Name}},
4372,122608,Fitness,اللياقة
4373,122609,Fitness Level,مستوى اللياقة
4374,122610,Fitness level for this player on this day,مستوى اللياقة لهذا اللاعب في هذا اليوم
4375,,Fitness Testing,
4376,122611,Fitness to Play,اللياقة للعب
4377,122612,Fix encounter dates - any encounters,تصحيح تاريخ الزيارات
4378,,Fix encounter dates - any encounters (date_a),
4379,122613,Fix this,تصحيح.
4380,,Fixed,
4381,122614,FL,فلوريدا
4382,,Flash,
4383,122615,Flatulence,حس الانتفاخ
4384,122616,Flow,الجريان
4385,,Flow Board,
4386,,Flow Board will only display completed checkouts for this many minutes. Zero is continuous display.,
4387,,Flow Board: Allow Date Range,
4388,,Flow Board: Default Ending Date,
4389,,Flow Board: Default Starting Date,
4390,,Flow Board: Disable,
4391,,Flow Board: display completed checkouts (minutes),
4392,,Flow Board: Enable Random Drug Testing,
4393,,Flow Board: Ending Date,
4394,,Flow Board: Max tests per Patient per year,
4395,,Flow Board: Percentage of Patients to Drug Test,
4396,,Flow Board: Show Encounter Number,
4397,,Flow Board: Show Patient ID,
4398,,Flow Board: Show Staff Action,
4399,,Flow Board: Show Visit Reason,
4400,,Flow Board: Timer Refresh Interval,
4401,122617,Flu season,فصل الإنفلونزا
4402,122618,Flu Season,فصل الإنفلونزا
4403,122619,Flu Vaccination,لقاح الإنفلونزا
4404,122620,Fluid and electrolyte problem,مشكلة في السوائل و الشوارد
4405,122621,FMS,أخصائي طب العائلة
4406,122622,Folio Paper Size,حجم ورقة الترتيب
4407,122623,Follow manually,متابعة يدوية
4408,122624,Follow these instructions for installing or upgrading the following database,إتبع هذة التعليمات لتثبيت او ترقية قاعدة البيانات التالية
4409,122625,Follow Up,المتابعة
4410,,Follow up for,
4411,,Follow Up Note,
4412,122626,Follow Up Reason,سبب المتابعة
4413,,Following audit log entry number is missing,
4414,122627,Following is a new custom constant:,اﻷتي هو مصطلح جديد حسب الطلب:
4415,122628,Following is a new custom language:,اﻷتي هو لغة جديدة حسب الطلب:
4416,122629,"Following is a new definition (Language, Constant, Definition):","اﻷتي هو تعريف جديد حسب الطلب (لغة, تعريف او مصطلح):"
4417,,Following rows in the audit log have been tampered,
4418,122630,Followup Services,خدمات المتابعة
4419,122631,Followups Indicated,دواعي المتابعة
4420,,Font Size,
4421,,Font Size in Pt,
4422,122632,Food Intolerance,عدم تحمل الغذاء
4423,122633,Foot,القدم
4424,122634,Foot Problems,مشاكل القدم
4425,122635,Foot:,القدم
4426,122636,Football Injuries,الرضوض في كرة القدم
4427,122637,Football Injury,رضه كره قدم
4428,122638,Football Injury Report,التقرير الطبي
4429,122639,Footwear Type,نمط التمزق
4430,122640,for,لـ
4431,122641,For,لـ
4432,,for ,
4433,,For a Recognized Panel of Tests,
4434,,For a search to show results the codes must exist in the database.,
4435,,For added ease of use the Fee Sheet needs to be customized,
4436,,"For an existing patient, go to Patient Summary->Documents. For a new patient, go to Miscellanous->New Documents",
4437,,For automatically sending claims that are generated in EDI directory to the X12 partner using SFTP credentials X12 Partner Settings,
4438,,For Category,
4439,122642,For code,لـ رمز
4440,,For Custom Groups,
4441,,For Dates,
4442,,For detailed instructions close the 'Enter Details' pop-up and click on the Help icon on the main form. ,
4443,,For detailed instructions close the 'Enter Provider Details' popup and click on the Help icon on the main form. ,
4444,,For each issue type there is a list of commonly selected titles which are customizable for your clinic's specific needs,
4445,,For ease of use it is rendered as a unique 6 digit number,
4446,,For editing the values under Procedures you would need to modify,
4447,122643,For Encounter Claims,لـ دعاوى الزيارة
4448,,for Encounter on,
4449,122644,For example:,كـ مثال
4450,,"For example: Privacy_Agreement.txt becomes ""Privacy Agreement"" button in Patient Documents.",
4451,,For example: Privacy_Agreement.txt becomes Privacy Agreement button in Patient Documents.,
4452,,For Firefox click,
4453,,For full billing functionality in the United States CPT/HCPCS codes will then need to be installed,
4454,,For HCFA 02/12 Box 15 is Other Date with a qualifier to specify what the date indicates,
4455,,For HCFA 02/12 Onset date specified on the Encounter Form needs a qualifier,
4456,,"For Identifying Code use 34392 the code used by a major lab, if using an external lab this is a vendor specific code if not you can assign any unique value",
4457,122645,for Invoice,لـ لفاتورة
4458,,For IPPF Argentina and maybe others,
4459,,For IPPF Belize and maybe others,
4460,,For IPPF Suriname and maybe others,
4461,,For manual lab entry you can give the organization any name  - e.g Local Lab and click Save,
4462,122646,"For Medicare only, forces the referring provider to be the same as the rendering provider.","لميديكير فقط, يجبر المزوّد المحوّل ليكون هو نفسه المزوّد المؤدي"
4463,,For Mental Status,
4464,,For more information on Issues see the ,
4465,,For NetSuite financial integration,
4466,122647,for OBR placer order number,لواضع رقم الطلب ل OBR
4467,,for patient,
4468,,"For procedures performed in the practice, whether it is an office based procedure or a lab or radiological procedure done in the facility, the provider can be defined as Local Lab, Office Based or have any descriptive name",
4469,,For proper display of results the Identifying Codes for each test entered in the Procedure Orders module has to be unique,
4470,,For proper display of results this is a required field,
4471,,For proper display of the order and results the entry indicating a result has to be the immediate successor or child of an order,
4472,,For proper tabulated display of tests and results an identifying code is required,
4473,,For Provider,
4474,122648,For Referred Organization/Practitioner,لـ الجهة / الممارس المُحيل للمريض
4475,,"For sending claims directly to insurance company, based on X12 Partner Settings",
4476,,For the deceased notification to appear the date of death must be noted under Medical Dashboard > Edit Demographics > Misc,
4477,,For the name to appear on the drop-down list it must be first entered in Administration > Address Book ,
4478,122649,For the past,منذ
4479,,For the Procedure Module to be useful several tests have to be setup using the above methods,
4480,,For the Standard Code use the LOINC code 24326-1,
4481,,For this name to show in the drop-down box in the Procedures > Providers setup page select only Lab Service as the Type even if it represents a Radiological facility,
4482,,for this patient not yet assigned to any encounter.,
4483,,For those interested details of OTP,
4484,,For those interested in details of what constitutes a Continuity of Care Record (CCR) click on the eye icon,
4485,,For those interested in what happens under the hood,
4486,,For those lines the Description will indicate the details of the code,
4487,,For those with administrative privileges an icon is displayed next to the My Messages caption,
4488,,For TOTP to work a unique secret key must be shared between OpenEMR and the user,
4489,,For U2F support on Linux click,
4490,122650,for variable,للمتغيرات
4491,122651,for:,من أجل
4492,122652,Force Billing Widget Open,فتح اجباري - قائمه المدفوعات
4493,,Force claim balancing in EOB Posting,
4494,122653,Force Create New Patient,فتح اجباري - ملف مريض جديد
4495,,Force logging of all Emergency User (ie. breakglass) activities.,
4496,122654,Force Show,إظهار اجباري
4497,122655,Forearm,الساعد
4498,122656,Form,الاستمارة
4499,122657,form,الاستمارة
4500,,Form element not found,
4501,,Form Keys,
4502,,Form signed successfully,
4503,,Form validation failed. Fix any errors and resubmit.,
4504,122658,Format,الصيغة
4505,122659,format,الصيغة
4506,122660,Format for age display,صيغه عرض العمر
4507,122661,Format incorrect for NDC,الصيغة خاطئة لNDC
4508,122662,Format used to display most dates.,الصيغة المستعملة لعرض التواريخ
4509,122663,Format used to display most times.,الصيغة المستعملة لعرض التواريخ
4510,122664,Formatted Report,التقرير
4511,122665,Former smoker,مدخن سابق
4512,122666,Forms,الاستمارات
4513,122667,Forms Administration,الاستمارات الإدارية
4514,,Forms Administration (forms),
4515,,Forms Esigned,
4516,,Formularies are inserted into table,
4517,,Formularies inserted into table,
4518,122668,Forward,اعاده ارسال
4519,,FORWARD A DATED REMINDER,
4520,,Forward message to practice.,
4521,,Forward one drawing,
4522,122669,Forward Pages via Fax,إرسال الصفحات بالفاكس
4523,,Forward this Reminder,
4524,,Forward to current canvas,
4525,122670,Forwarded,مرسل
4526,,Forwarded Portal Message Re: ,
4527,,Foster Child,
4528,122671,Fourth,الرابع
4529,,Fourth account message,
4530,122672,Fracture,الكسر
4531,122673,Fracture at the Navicula,كسر الترقوة
4532,122674,Fracture lateral malleolus,كسر الكعب الوحشي
4533,122675,Fracture medial malleolus,كسر الكعب الأنسي
4534,122676,"Fracture, Base of fifth (5th) Metatarsal",كسر قاعدة المشط الخامس
4535,,Frame,
4536,122677,Frame support required,مطلوب هيكل الدعم
4537,,Free authenticator app,
4538,122678,French,الفرنسية
4539,122679,French (Canadian),الفرنسية (الكندية)
4540,122680,French (Standard),اللغة الفرنسية
4541,122681,Frequency,التواتر
4542,122682,Frequent Colds,زكام متكرر
4543,122683,Frequent Illness,أمراض متكررة
4544,122684,Fri,الجمعة
4545,122685,Friday,الحمعة
4546,,Friend,
4547,122686,From,من
4548,122687,FROM,من
4549,122688,from,من
4550,122689,From Date Cannot be Greater than To Date.,من تاريخه لايمكن أن يكون أكثر من الحالي
4551,,From date should be less than To date,
4552,,From Period,
4553,,From the Issues Menu item on the Nav Bar,
4554,,From the Patient dashboard via the individual Issues widgets on the right hand column,
4555,,From your clinic,
4556,122690,From:,من
4557,122691,From: ,من
4558,122692,FROM_CITY,من_مدينة
4559,,FROM_EMAIL,
4560,122693,FROM_FNAME,من_الأسم_الأول
4561,122694,FROM_LNAME,من_الأسم_الأخير
4562,122695,FROM_MNAME,من_الأسم_الأوسط
4563,,FROM_PHONE,
4564,122696,FROM_PHONECELL,من_هاتف_الجوال
4565,122697,FROM_POSTAL,كم_الرمز البريدي
4566,122698,FROM_STATE,من_الولاية
4567,122699,FROM_STREET,من_الشارع
4568,122700,FROM_TITLE,من_العنوان
4569,122701,FROM_VALEDICTORY,من ـ دليل القيمه
4570,,Front,
4571,122702,Front Office,مكتب الاستقبال
4572,,Front Office by Phone,
4573,,Front Office in Person,
4574,122703,Front Office Receipts,إيصالات مكتب الأستقبال
4575,122704,Front Office Receipts Report,تقرير الاستقبال
4576,122705,Front Rec,التسجيل الأمامي
4577,122706,Frontal Right:,اليمنى الأمامية
4578,,Fr{{Friday}},
4579,,FTCF{{Full to count fingers}},
4580,,FTN{{Finger Tension abbreviation}},
4581,,FT{{finger tension}},
4582,,Fula- Fulah- Pulaar- Pular,
4583,,Full Editor,
4584,,Full Logging,
4585,122707,Full Name,الاسم الكامل
4586,,Full or Initial,
4587,122708,Full path to directory containing MySQL executables.,دليل مسار كامل متضمن اوامر قاعده البيانات MySQL قابل لتطبيق
4588,122709,Full path to directory containing Perl executables.,دليل مسار كامل متضمن اوامر البرمجه Perl قابل لتطبيق
4589,122710,Full path to directory for event log backup.,دليل مسار كامل من احتياطي سجل الاحداث السابقه log
4590,122711,Full path to directory used for temporary files.,دليل مسار كامل للملفات المؤقته
4591,,Full path to your node executable for starting external node.js processes.,
4592,122712,Full Play,اللعب التام
4593,,Full Screen,
4594,122713,Full Training,التدريب التام
4595,,Fullscreen,
4596,122714,Fully Paid,المدفوع التام
4597,,Functional,
4598,,Functional and Cognitive Status,
4599,,Functional and Cognitive Status Form,
4600,,Functional Cognitive Status,
4601,,Functional Condition,
4602,,Funding Source,
4603,,Further information regarding using the e-prescribing modules can be found by clicking this link,
4604,,Future,
4605,,Future Appointments,
4606,,F{{Friday}},
4607,122715,G,غ
4608,122716,G/DL,غ/دل
4609,,GAD-7,
4610,,Galaxy S9/S9 Plus,
4611,,Galician,
4612,122717,Gall Bladder Condition,حالة حصيات المرارة
4613,122718,Gall Stones,حصيات المرارة
4614,122719,Game Period,فترة اللعب
4615,122720,Games,الألعاب
4616,122721,Games Missed,الغياب
4617,122722,games/events,الألعاب
4618,122723,Games/Events Missed,الغياب
4619,,Ganda,
4620,122724,Gastritis,التهاب المعدة
4621,122725,Gastro Pain,ألم المعدة
4622,122726,Gastrointestinal,الهضمي
4623,,Gateway API Login Auth Name or Secret,
4624,,Gateway for AuthorizeNet Manual Payments,
4625,,Gateway for Sphere Payments,
4626,,Gateway for Stripe Manual Payments,
4627,,Gateway Publishable Key,
4628,,Gateway Transaction Key,
4629,,GCAC statistical reports.,
4630,122727,GCAC Statistics Report,تقرير إحصائيات GCAC
4631,,GCAC Statistics Reporting,
4632,122728,GCAC Stats,حالات GCAC
4633,122729,GCAC visit form is missing,طلب زيارة GCAC مفقود
4634,122730,Gender,الجنس
4635,122731,Gender ,الجنس
4636,,Gender Missing,
4637,122732,General,العام
4638,,General Anxiety Disorder 7 (GAD-7),
4639,,General data,
4640,122733,General Issue List,قائمة المشاكل العامة
4641,,General physician,
4642,122734,General Service Category,مجموعة الخدمة العامة
4643,,"General Tab - lists the risk factors / past medical conditions on the left and the Results of various clinical exams, procedures and tests on the right",
4644,,General Theme,
4645,,General Theme (need to logout/login after change this setting),
4646,,Generally a good idea to include it,
4647,,"Generally, the first field in a group should be Label Cols = 1 Data Cols = number of Layout columns from Group Properties.",
4648,,Generate,
4649,122735,Generate and download CMS 1500 paper claims,كوّن ثم نزّل مطالبات CMS 1500 الورقية
4650,,Generate and download CMS 1500 paper claims on Preprinted form,
4651,122736,Generate and download HCFA 1500 paper claims,كوّن ثم نزّل مطالبات HCFA 1500 الورقية
4652,,Generate and download UB-04 CMS1450,
4653,,Generate and download UB-04 CMS1450 with form,
4654,122737,Generate and download X12 batch,كوّن ثم نزّل جملة X12
4655,122738,Generate and download X12 encounter claim batch,كوّن ثم نزّل جملة مطالبات الزيارة لX12
4656,,Generate and transmit permissible prescriptions electronically (All Prescriptions).,
4657,,Generate and transmit permissible prescriptions electronically (Not including controlled substances).,
4658,122739,Generate and transmit permissible prescriptions electronically.,كوّن ثم نزّل الوصفات المسموح بها الكترونيا
4659,122740,Generate CMS 1500,كوّن CMS 1500
4660,122741,Generate CMS 1500 PDF,كوّن CMS 1500 علي نسق الوثائق النقال
4661,122742,Generate CMS 1500 TEXT,كوّن CMS 1500 كملف خطي
4662,122743,Generate HCFA,كوّن HCFA
4663,,Generate Institutional X12 837I,
4664,122744,Generate Invoice,تكوين الفاتورة
4665,122745,Generate Letter,تكوين الخطاب
4666,122746,Generate Letter regarding ,تكوين خطاب بخصوص
4667,,Generate new key,
4668,,Generate New Receipt Number,
4669,,Generate New Report,
4670,122747,Generate PQRI report (Method A),تكوين تقرير PQRI بطريقة A
4671,,Generate PQRI report (Method A) - 2011,
4672,122748,Generate PQRI report (Method E),تكوين تقرير PQRI بطريقة E
4673,,Generate PQRI report (Method E) - 2011,
4674,,Generate QRDA I – 2014,
4675,,Generate QRDA III - 2014,
4676,122749,Generate Report,تكوين التقرير
4677,,Generate Report - that opens the CCD in a separate tab on the browser,
4678,,Generate Report - that opens the CCR in a separate tab on the browser,
4679,,Generate Report that creates a report and displays it in a separate tab on the browser ,
4680,,Generate safe key,
4681,,Generate thumbnail,
4682,,Generate thumbnail images,
4683,,Generate Thumbnails,
4684,122750,Generate Username And Password For,تكوين اسم مستخدم و كلمة سر
4685,,Generate X-12 Based On Insurance Company,
4686,122751,Generate X12,تكوين X12
4687,,Generate X12 837I,
4688,122752,Generate X12 Encounter,تكوين مراجعة X12
4689,,Generate/Download QRDA I - 2014,
4690,122753,Generated on,تم في
4691,,Generated thumbnail(s),
4692,122754,Generates,كون
4693,,Generating and charting requisition for PSC Hold Order,
4694,,Generating preview data. Please Wait,
4695,,Generating requisition based on order HL7 content,
4696,,Genericname1,
4697,,Genericname2,
4698,,Genericval1,
4699,,Genericval2,
4700,122755,Genitourinary,البولي التناسلي
4701,,Genitourinary medicine physician,
4702,,GEN{{General}},
4703,,Georgian,
4704,122756,German,الألمانية
4705,,Gest age,
4706,,Gest wks,
4707,,Gestational Age,
4708,,Get History,
4709,,GET HL7,
4710,122757,Get HL7,تكوين HL7
4711,,Get Started,
4712,,Gift Card Customer requires at least one Gift Card Payment Method,
4713,,"Give a Name to this group, in our case it will be called Serum Chemistry",
4714,,Give it a sequence number of 3,
4715,,GI{{Gastrointestinal}},
4716,,Glare{{Acuity under Glare conditions}},
4717,122758,Glaucoma,الجلوكوما
4718,122759,Glaucoma Family History,قصة عائلية للجلوكوما
4719,,Glaucoma Zone,
4720,122760,Global,عالمي
4721,,Global All Patients,
4722,,Global Default Patient Country,
4723,122761,Global ID,هوية عالمية
4724,122762,Global Settings,الإعدادات العامة
4725,122763,Globals,العموميات
4726,122764,GM/DL,غرام/دل
4727,122765,GO,اذهب
4728,122766,Go,اذهب
4729,122767,go,اذهب
4730,122768,Go Back,اذهب
4731,,Go back,
4732,122769,Go to,اذهب
4733,,Go to Administration > Address Book > Add New,
4734,,Go to Administration > Globals > CDR > Dated reminders maximum alerts to show and change the value to a higher number,
4735,,Go to Administration > Globals > Connectors,
4736,,Go to Administration > Globals > Connectors and check the Enable MedEx Communication Service check box and click Save,
4737,,"Go to Administration > Lists, select each one of the above lists from the drop-down box and make changes as needed",
4738,,Go to Administration > Lists. Select 'Fee Sheet' from the dropdown box,
4739,,"Go to Adminstration > Codes. Select ICD 10 under Type, enter ICD 10 Code, enter Description, under category select an appropriate category, this ICD 10 code will then appear when the button with that category is clicked",
4740,,"Go to Adminstration > Lists and select 'Code Types' from the dropdown box. Use either ICD 9 or ICD 10, inactivate ICD 9 and select 'No' in the last dropdown box under ICD 10",
4741,,Go to Duplicate Manager,
4742,,Go to Procedures > Providers and click on the Add New button,
4743,122770,Go to week of,اذهب للإسبوع
4744,122771,Go Today,اذهب لليوم الحالي
4745,122772,Goal A,الهدف أ
4746,122773,Goal and Methods,الهدف والطرق
4747,122774,Goal B,الهدف ب
4748,122775,Goal C,الهدف ج
4749,,Gonioscopy,
4750,,Gonio{{Gonioscopy abbreviation}},
4751,,Google Auth,
4752,,Google Email for Login,
4753,,Google reCAPTCHA V2 secret key,
4754,,Google reCAPTCHA V2 site key,
4755,,Google Sign-In Client ID,
4756,,Got It,
4757,,Grace Period,
4758,122776,Grade of Injury,درجة الأذية
4759,122777,Grade:,الدرجة
4760,122778,grams,غرام/دل
4761,122779,Grand Total,المجموع الإجمالي
4762,122780,Grand Totals,المجاميع الإجمالية
4763,,Grandchild,
4764,,Grandparent,
4765,,Grant Type,
4766,122781,Graphable,امكانية عمل رسم بياني
4767,,Great Grandparent,
4768,122782,Greater Than,أكبر من
4769,122783,Greater Than or Equal To,أكبر من أو يساوي
4770,122784,Greek,إغريقي
4771,,"Greek, Modern",
4772,,Green lines show changes that were successfully applied.,
4773,122785,Group,مجموعة
4774,,Group > Group > Procedure Order > Discrete Result,
4775,,Group > Procedure Order > Discrete Result,
4776,,Group appointments,
4777,,Group Attendance Form,
4778,,Group Attendance Statuses,
4779,,Group detailed log of appointment in patient record,
4780,,Group detailed log of appointment in patient record (gdlog),
4781,,Group Details,
4782,,Group Encounter,
4783,,Group Encounter Form,
4784,,Group encounter log,
4785,,Group encounter log (glog),
4786,,Group Finder,
4787,,Group Home,
4788,,Group Id,
4789,,Group name,
4790,122786,Group Name,أسم المجموعة
4791,122787,Group names cannot be blank,أسماء المجموعة لا يمكن أن تترك فارغة
4792,122788,Group names cannot start with numbers or spaces.,أسماء المجموعة لا يمكن ان تبدأ برقم او مسافة
4793,122789,Group names cannot start with numbers.,أسماء المجموعة لا يمكن أن تبدأ برقم
4794,122790,Group Number,رقم المجموعة
4795,,Group number,
4796,122791,Group Payment,اجمع المستحقات
4797,,Group Properties,
4798,,Group Search,
4799,,Group Statuses,
4800,,Group Type,
4801,,Group's name,
4802,122792,Group:,مجموعة
4803,,groupname,
4804,122793,Groupname,اسم المجموعة
4805,,Groups,
4806,,Groups (groups),
4807,122794,Groups and Access Controls,المجموعات وضبط الوصول
4808,,Groups successfully saved.,
4809,122795,Growth Chart,الرسم البياني للنمو
4810,122796,Growth-Chart,الرسم البياني-للنمو
4811,122797,gtts(drops),قطرات
4812,122798,Guamanian,مواطن غوامي
4813,,Guarani,
4814,,Guaraní,
4815,,Guardian,
4816,,Guardian Email Address,
4817,122799,Guardian's Name,اسم ولي الأمر
4818,,Guardians Name,
4819,,Guest counselors,
4820,,Gujarati,
4821,,GU{{Genitourinary}},
4822,122800,Gynecological Exam,كشف نسائي
4823,122801,h,ساعة
4824,,H(T){{intermittent hypertropia}},
4825,122802,h.s.,قبل النوم
4826,122803,H/O Hepatitis,تاريخ مرضي التهاب الكبد
4827,122804,had been successfully deleted. Any sub-categories if present were moved below,تم الحذف بنجاح. أي من الفئات الفرعية قد تم نقلها إذا كانت موجوده أدناه
4828,122805,Haematoma / bruising,ورم دموي - تكدم
4829,122806,HAI Status,حالة العدوى المكتسبة من المستشفى
4830,,Haitian- Haitian Creole,
4831,,Half-Sibling,
4832,122807,Hand + fingers,يد + أصابع
4833,122808,Hand Problems,مشاكل اليد
4834,,Handicapped dependent,
4835,,Happy Birthday,
4836,,Hard copy OTP,
4837,,Hard copy OTP is used for online banking in some countries,
4838,122809,Hard Disk,القرص الصلب
4839,122810,Hardship w/o,ضائقة بدون
4840,122811,has been linked to visit,تم ربطها بالزيارة
4841,122812,has expired,انتهى
4842,122813,Hash,خليط
4843,,Hash Algorithm for Authentication,
4844,122814,Hash did not exist for this file. A new hash was generated.,Hash did not exist for this file. A new hash was generated.
4845,122815,Hash does not match. Data integrity has been compromised.,Hash does not match. Data integrity has been compromised.
4846,,Hashing algorithm for authentication. Suggest PHP Default unless you know what you are doing.,
4847,,Hausa,
4848,122816,Hawaiian,من هاواي
4849,122817,Hazardous activities,نشاطات خطرة
4850,122818,Hazardous Activities,نشاطات خطرة
4851,,HB{{abbreviation for Horizontal Prism Base}},
4852,,HCFA 1500 or CMS 1500 - both refer to the same form. Prior to 2001 the federal agency within the United States Department of Health and Human Services (HHS) that administers the Medicare program was called Health Care Financing Administration (HCFA) since then it is called Centers for Medicare & Medicaid Services (CMS),
4853,,HCFA FORM,
4854,122819,HCFA left margin in points,الحافة اليسرى ل HCFA بالنقاط
4855,122820,HCFA Margins,حواف HCFA
4856,122821,HCFA top margin in points,الحافة العليا ل HCFA بالنقاط
4857,122822,HCPCS Procedure/Service,خدمة/ عمليات HCPCS
4858,,HD,
4859,,HD+,
4860,122823,he PostCalendar ,هو PostCalendar
4861,122824,Head,رأس
4862,122825,Head Circ,محيط الرأس
4863,122826,Head Circumference,محيط الرأس
4864,122827,Headache,وجع رأس
4865,122828,Headaches,وجع رأس
4866,,Header,
4867,,header invalid,
4868,122829,health care operations,عمليات الرعاية الصحية
4869,122830,Health Care Operations,عمليات الرعاية الصحية
4870,,Health Care Providers,
4871,122831,Health centre/clinic,مركز صحي / عيادة
4872,,Health Insurance Claim Form,
4873,,Health Level-7 or HL7 refers to a set of international standards for transfer of clinical and administrative data between software applications used by various healthcare providers,
4874,122832,Health Maintenance Organization,منظمه الحفاض علي الصحه
4875,122833,Health Maintenance Organization (HMO) Medicare Risk,مخاطرة ميديكير لمنظمه الحفاض علي الصحه
4876,,Healthcare facility,
4877,122834,Hearing Loss,فقدان السمع
4878,122835,Heart Attack,نوبة قلبية
4879,122836,Heart Disease,أمراض القلب
4880,122837,Heart Failure,سكتة قلبية
4881,122838,Heart Problem,مشاكل القلب
4882,122839,Heart Problems,مشاكل القلب
4883,122840,Heart Surgery,جراحة قلب
4884,122841,Heart Transplant,زراعة قلب
4885,122842,HEART:,القلب
4886,122843,Heartburn,حرقة المعدة
4887,122844,Heat or Cold,حار أو بارد
4888,122845,Heat Or Cold,حار أو بارد
4889,122846,Heavy tobacco smoker,مدخن بشراهة
4890,122847,Hebrew,العبرية
4891,,Hebrew (modern),
4892,122848,HEENT,"الرأس, العيون, الأذان, الأنف, الحنجرة"
4893,122849,Height,الإرتفاع
4894,,Height/Length,
4895,122850,Help,مساعدة
4896,122851,help,مساعدة
4897,,Help content goes here,
4898,122852,Hematemesis,قئ الدم
4899,122853,Hematochezia,التغوط المدمى
4900,122854,Hematologic,دموي
4901,122855,Hematuria,البول الدموي
4902,122856,Hemoglobin,الهيموجلوبين
4903,122857,Hemoglobin A1C,الهيموجلوبين المسكر (الجليكوزيلاتي)
4904,122858,Hemoptysis,بصق الدم
4905,122859,Hepatitis,إلتهاب الكبد الوبائي
4906,122860,Hepatitis A 1,إلتهاب الكبد الوبائي A 1
4907,122861,Hepatitis A 2,إلتهاب الكبد الوبائي A 2
4908,122862,Hepatitis B 1,إلتهاب الكبد الوبائي B 1
4909,122863,Hepatitis B 2,إلتهاب الكبد الوبائي B 2
4910,122864,Hepatitis B 3,إلتهاب الكبد الوبائي B 3
4911,122865,here,هنا
4912,,Here is what we do know.,
4913,,Here you can customize the ACL further.,
4914,,Herero,
4915,122866,Hernia Repair,إصلاح الفتاق
4916,122867,Herniated Disc,فتاق النواة اللبّية
4917,122868,Herpes,الهربس
4918,,Hertel Exophthalmometry,
4919,,HERT{{Hertel exophthalmometry}},
4920,122869,Hesitancy,تردد
4921,122870,heyyo. you have been here for ,مرحبا. لماذا انت هنا
4922,122871,Hib 1,تطعيم الإنفلونزا 1
4923,122872,Hib 2,تطعيم الإنفلونزا 2
4924,122873,Hib 3,تطعيم الإنفلونزا 3
4925,122874,Hib 4,تطعيم الإنفلونزا 4
4926,122875,Hidden,مخفي
4927,122876,Hidden Events Administration,احداث اداريه مخفيه
4928,122877,Hide,أخفى
4929,,Hide Billing Widget,
4930,122878,Hide Details,أخفاء التفاصيل
4931,,hide else set to,
4932,,Hide Empty E-Sign Logs On Report,
4933,122879,Hide Encryption/Decryption Options In Document Management,أخفاء خيار التشفير-فك التشفير في ادارة الوثائق
4934,,Hide Help Modal,
4935,122880,Hide Menu,أخفاء القائمة
4936,,Hide print feature,
4937,122881,Hide Reminders,أخفاء التنبيهات
4938,,hide this field,
4939,122882,Hide/Show Columns,أخفاء/إظهار الأعمدة
4940,,HIE,
4941,122883,High,مرتفع
4942,,High (high),
4943,122884,High Blood Pressure,أرتفاع ضغط الدم
4944,,High{{Priority}},
4945,122885,Hindi,هندي
4946,122886,Hip + groin,الورك + الأربية
4947,122887,Hip and groin,الورك و الأربية
4948,122888,Hip Problems,مشاكل الورك
4949,122889,Hip Replacement,إستبدال مفصل الورك
4950,,Hipaa Message,
4951,122890,HIPAA Notice Received,أستلام نسخة من قانون الخصوصية وسرية المعلومات HIPAA
4952,,Hiri Motu,
4953,122891,Hirsutism/Striae,كثرة الشعر/حزوز
4954,122892,Hispanic,أسباني
4955,122893,Hispanic - Other (Born in US),أسباني- اخرى (مولود في الولايات المتحدة)
4956,122894,Hispanic - Other (Born outside US),أسباني- أخرى (مولود خارج الولايات المتحدة)
4957,122895,Hispanic or Latino,أسباني او لاتيني
4958,,Historical information -source unspecified,
4959,122896,History,التاريخ
4960,,History & Lifestyle,
4961,,"History - patient's past medical history, family history, personal history",
4962,,History and Lifestyle,
4963,,History and Lifestyle Help,
4964,,History and Physical 2008,
4965,122897,History Data,التاريخ
4966,122898,History Date,التاريخ
4967,,History Fields,
4968,122899,History Murmur,تاريخ النفخة القلبية
4969,122900,History not authorized,التاريخ غير مصرح
4970,122901,History of Heart Murmur,تاريخ طبي بالنفخة القلبية
4971,,History of Present Illness: A detailed HPI may be completed by using either four or more HPI elements OR the status of three chronic or inactive problems.,
4972,,History Order,
4973,,History order,
4974,122902,Hits,إرتطام
4975,122903,HIV,فيروس نقص المناعة البشرية
4976,,Hives,
4977,,HL7,
4978,,HL7 - MSH-11 - Processing ID,
4979,,HL7 - MSH-3.1 - Sending application,
4980,,HL7 - MSH-4.1 - Sending facility,
4981,,HL7 - MSH-5.1 - Receiving application,
4982,,HL7 - MSH-6.1 - Receiving facility,
4983,,HL7 Code,
4984,,"HL7 is supported by more than 1,600 members from over 50 countries, making it a widely accepted standard",
4985,122904,HL7 Viewer,معاين المستوى السابع الصحي
4986,,HL7-V3 Concept Code,
4987,122905,HMOL/L,ميكرومول لكل ليتر
4988,122906,Hmong,همونق-الصين
4989,122907,Hold down [Ctrl] for multiple selections or to unselect,إضغط [Ctrl] بإستمرار لخيارات متعددة او لإلغاء التحديد
4990,,Hold down Ctrl button to select multiple issues,
4991,122908,Hold down Ctrl to select multiple items,إضغط [Ctrl] بإستمرار لتحديد عناصر متعددة
4992,122909,Hold down Ctrl to select multiple squads,إضغط [Ctrl] بإستمرار لتحديد مجموعات متعددة
4993,,Hold on! You have unsaved changes in another form. Please just Save this form and then complete the other one.,
4994,,Holidays management,
4995,122910,Home,الصفحة الرئيسية
4996,,Home Facility,
4997,122911,Home Phone,تلفون المنزل
4998,122912,Home Phone Number,رقم تلفون المنزل
4999,,Homeless,
5000,122913,Homeless or similar?,بلا مأوى او مماثل
5001,,Homeless Shelter,
5002,122914,"Homeless, etc","بلا مأوى, اخرى"
5003,122915,"Homeless, etc.","بلا مأوى, اخرى"
5004,,Hooks,
5005,,Horiz Base{{abbreviation for Horizontal Prism Base}},
5006,,Horiz Prism{{abbreviation for Horizontal Prism Power}},
5007,,Horizontal Prism Base,
5008,,Horizontal Prism Power,
5009,,Hospice,
5010,,Hospital date needed for successful billing of hospital encounters,
5011,,Host,
5012,122916,Host Name,أسم المضيف
5013,122917,Host Name cannot be empty,أسم المضيف لايمكن ان يكون فارغ
5014,,hour,
5015,122918,Hour,ساعة
5016,122919,Hours,ساعات
5017,,hours,
5018,,"How bad is it? 0-10, mild, mod, severe?",
5019,122920,How did Injury Occur?,كيف حصلت الإصابة ؟
5020,122921,How did Injury Occur?:,كيف حصلت الإصابة؟:
5021,122922,How did they hear about us,كيف سمعت عنا
5022,,"How difficult have these problems made it to do work, take care of things at home, or get along with other people?",
5023,,How long does it last?,
5024,122923,How many months ahead to query for upcoming events?,كم شهراَ مقدماَ للبحث عن اﻷحداث؟
5025,,How many sets of specimen labels to create?,
5026,,How often have you been bothered by the following over the past 2 weeks?,
5027,,How Paid,
5028,,How Referred,
5029,,How to display the patient name,
5030,,How to sort a drop-lists,
5031,,How-to Build the Impression/Plan,
5032,,However SMS text messages can be intercepted and the use of SMS as a method of implementing out-of-band two-factor authentication is discouraged,
5033,,"However, you can not use this email for patient registration since it is already being used.",
5034,,HPI,
5035,,HPI Elements,
5036,122924,HPI:,تفصيل قصة المرض الحالي:
5037,,HP{{abbreviation for Horizontal Prism Power}},
5038,122925,HT,الطول
5039,122926,HTML,لغة رقم النص الفائق (إتش تي أم إل)
5040,122927,HTML Output?,مخرجات لغة النص الفائق (إتش تي أم إال ) ؟
5041,,HTN{{hypertension}},
5042,,Http Error,
5043,122928,Https link for the OpenEMR Support LLC Lab Exchange Service.,رابط Https للبرنامج علي خدمة تبادل المعمل
5044,,HT{{hyperphoria}},
5045,122929,Hungarian,مجري- هنغاري
5046,122930,Hylafax Directory,مجلّد Hylafax
5047,122931,Hylafax Enscript Command,أمر Hylafax
5048,122932,Hylafax Server,خادم Hylafax
5049,122933,Hylafax server hostname.,إسم خادم Hylafax
5050,122934,Hyperactive,مفرط النشاط
5051,,Hyperphoria,
5052,122935,Hypertension,فرط ضغط الدم
5053,122936,Hypertension: Blood Pressure Measurement,ضغط الدم: قياس ضغط الدم
5054,122937,Hypertension: Blood Pressure Measurement (CQM),ضغط الدم: قياس ضغط الدم (CQM)
5055,122938,Hyperthyroidism,فرط الدرقية
5056,,hypo(T){{intermittent hypotropia}},
5057,122939,Hypothyroidism,قصور الدرقية
5058,,Hypotropia,
5059,,hypoT{{hypotropia}},
5060,122940,Hysterectomy,إستئصال الرحم
5061,,I,
5062,122941,I am busy during this time.,أنا مشغول في هذا الوقت
5063,122942,I do not have permission to read ,ليس لدي صلاحية القراءة
5064,,I have read and accept the,
5065,,I have read and my practice agrees to the,
5066,,I know but we need it!,
5067,,IBAN,
5068,122943,ICD,التصنيف الدولي للأمراض
5069,,ICD10,
5070,122944,ICD10 Diagnosis,التصنيف الدولي العاشر للأمراض: التشخيص
5071,122945,ICD10 Procedure/Service,التصنيف الدولي العاشر للأمراض: الإجراءات- الخدمات
5072,122946,ICD9,التصنيف الدولي للأمراض - الطبعة التاسعة
5073,122947,ICD9 Diagnosis,التصنيف الدولي التاسع للأمراض: التشخيص
5074,122948,ICD9 Procedure/Service,التصنيف الدولي التاسع للأمراض: الإجراءات-الخدمات
5075,,Icelandic,
5076,,icon,
5077,,Icon Legend,
5078,,Icons,
5079,122949,ID,رقم الهوية
5080,,id,
5081,122950,Id,رقم الهوية
5082,,"ID - select a unique three letter id, all in lower case",
5083,122951,ID cannot be blank,رقم الهوية لا يمكن ان يكون فارغاُ
5084,122952,ID Card,بطاقة الهوية الوطنية
5085,,ID Card / Photos,
5086,,ID Card/Photos - will display any ID Card or patient photo that has been uploaded to Documents > Patient Information > Patient ID Card and Patient Photograph folders,
5087,,ID Number (ETIN),
5088,122953,IDays,IDays
5089,122954,identified as,معرّف ك
5090,,Identifier,
5091,122955,Identifier(one word),معرٍف (كلمة واحدة)
5092,122956,Identifying Code,رمز التعرفة
5093,122957,Idle Session Timeout Seconds,إنتهاء وقت الجلسة بالثواني
5094,,Ido,
5095,,if,
5096,,If a field's Data Col = 0 the data field will immediately follow its label field on the same line,
5097,,"If a field's Label Col = 0 the label will immediately follow the previous data field in the Order sequence, on the same line as the Data field.",
5098,,If a field's Label Col = 1 the label field will go to a new line unless the previous field's total column values (Label + Data) is less than number of Layout columns from Group Properties or Layout Properties.,
5099,,If a product is sold then change the default to reflect required number. Leave it at one for procedures,
5100,,If a wrong code was selected click on the Coding text-box to to bring up the Select Codes pop-up page,
5101,122958,If all data for all columns are complete for this form,أذا كانت كل البيانات من كل الأعمدة مكتملة لهذا النموذج 
5102,,"If all the details were entered correctly you will see Blood Glucose in the Name column with a vertical bar before it indicating that it has no descendants or children, Result in the Category column, WWT01R in the Code column, the Tier column value should be 3 and the Description column should say Fasting Glucose result",
5103,122959,If billing justification is used enter the name of the diagnosis code type.,أدخل رمز التشخيص لو تم إستخدام تعليل للفوترة
5104,,"If configured correctly the Name column should say Blood Glucose with a vertical bar before it indicating no descendants or children, the Category column should say Custom Order and both Name and Category columns will be highlighted in pink indicating a custom grouped order",
5105,,If desired the current message can be printed,
5106,,"If enabled, this will send the execution time it took to verify hash to the php error log.",
5107,,"If enabled, use LDAP for login and authentication.",
5108,,"If enabled, uses the specified active directory for login and authentication.",
5109,122960,"if entered, select only those who have had this service","لو تم اﻹدخال, إختر أولئك الذين كانت عندهم الخدمة"
5110,,"If it it still active i.e. End Date is not entered it will be displayed in red, if the problem has an end Date then it will be displayed in black",
5111,122961,"If name, any part of lastname or lastname,firstname","لو إسم, اذا اي جزء من اﻷسم سواء اﻷول,اﻷخير"
5112,,"If NewCrop eRx - the electronic prescription module, is enabled the NewCrop MedEntry and NewCrop Account Status buttons will be appear here",
5113,,If not listed you can add the drug to the Title text-box,
5114,,If nothing is selected here then all are permitted.,
5115,,If only capture the QR code but do not register the TOTP key with OpenEMR this feature will not be enabled at login,
5116,,"If patient has appointment click OK to create encounter otherwise, cancel this and then create an encounter for today visit.",
5117,122962,If paying by,أذا كان الدفع عن طريق
5118,122963,"If person is deceased, then enter date of death.","أذاكان الشخص متوفي, ادخل تاريخ الوفاة"
5119,,If phone is lost will not be able to login,
5120,,If privileges have to be modified then it can be done either one user at a time at Administration > Users or more conveniently on this page i.e. Administration > ACL where all users are listed on one page and more options are available.,
5121,,If set as high will restrict visibility of encounter to users belonging to certain groups (AROs). By default - Physicians and Administrators,
5122,122964,"If SMTP is used, the server`s hostname or IP address.","لو تم إستخدام SMTP, اسم الخادم او عنوان ال IP"
5123,122965,"If SMTP is used, the server`s TCP port number (usually 25).","لو تم إستخدام SMTP, رقم فتحة الخادم (عادة رقم 25)"
5124,,If so desired the default board can be disabled by going to Administration > Calendar > Recall Board: Disable and checking the checkbox and click Save,
5125,,If so you will have to create individual Procedure Orders (the orders) for these tests along with Discrete Results (the place to enter and display the returned result),
5126,,If successful it authenticates the user,
5127,,If the checkbox is checked and the message is sent to multiple users then each user has to sign off on the message by clicking the Set As Completed Button for that message,
5128,,If the checkbox is checked then each individual of a group receiving this message will have to sign off by clicking the Set As Completed button,
5129,,"If the csv file has been uploaded, then click on the ""Import holiday events"" button. NOTE that clicking on the button will remove all the existing rows in the calendar_external table",
5130,,"If the desired title is not included, it can be typed into the text box below the list",
5131,,If the displayed table says No matching record found it means that the ICD10 code set is not installed,
5132,,If the help file does not exist create one and place it in,
5133,,If the issue has not been linked to an encounter it will display 0,
5134,,If the medical problem is not listed in the drop-down box click on Coding text-box to bring up the Select Codes pop-up page,
5135,,If the message is forwarded it will show up in the active messages list of the user to whom the message was forwarded and disappear from the current user's active messages list,
5136,,If the Offsite Patient portal is enabled there will be either a button that says Create Offsite Portal Credentials provided the patient has given permission to access the online patient portal or a message that says Patient has not authorized the Patient Portal,
5137,,If the Online Patient portal is enabled there will be either a button that says Create Online Portal Credentials provided the patient has given permission to access the online patient portal or a message that says Patient has not authorized the Patient Portal,
5138,,If the Online/Offsite Portal Credentials has already been set the button will change to,
5139,,If the patient has any demographic data entered in openEMR it will automatically populate the relevant fields on the right sections,
5140,,If the patient has not authorized patient portal then a Patient has not authorized the Patient Portal message will be shown here,
5141,,If the patient is being added to the recall list on the day of the visit it would reflect the current date,
5142,,"If the patient is calling back to be added to the list the last visit may be in the remote past. Be aware that the 1,2,3 plus years are calculated and displayed on the Date box at the bottom of this section",
5143,,If the patient is deceased then the deceased notification will appear in red in this section,
5144,,If the report is sent electronically all steps needed for safe and secure transmission of Protected Health Information (PHI) must be followed,
5145,,"If there is no vendor enter any arbitrary unique number, preferably a 5 digit zero-padded e.g. 00211",
5146,,If these tests are being sent to the same external lab they will have identical vendor specific Identifying Codes causing duplicate lines to appear when results are displayed,
5147,,"If they have been configured correctly each result should have a Tier value of 4, indicating they are the successor or child to the first line above with a Tier value of 3, i.e Electrolyte Panel",
5148,,"If this page does not refresh, reload the Messages page manually",
5149,,If unassigned will default to php.ini setting for date.timezone.,
5150,122966,if unemployed enter Student,أذاكان غير موظف ادخل طالب
5151,,"If value is left as zero, will be sorted alphabetically",
5152,122967,"If YMD is selected for age display, switch to just Years when patients older than this value in years",إختر العمر بالسنوات بدلا عن سنه شهر يوم
5153,,If you are having troubles logging into your account.,
5154,,If you are interested in what happens under the hood,
5155,,If you are only using a small subset of the CPT codes you can manually enter it in Administration > Codes,
5156,,If you are planning on entering different prices for different modalities of payment go to Administration > Lists,
5157,,"If you are unsure or were using a development version between two releases, then choose the older of possible releases",
5158,,"If you are unsure or were using a development version between two releases, then choose the older of possible releases.",
5159,,"If you are upgrading from a version below 5.0.0 to version 5.0.0 or greater, do note that this upgrade can take anywhere from several minutes to several hours (you will only see a whitescreen until it is complete; do not stop the script before it is complete or you risk corrupting your data)",
5160,,If you are using Electronic lab entry then fill in the required details and click Save,
5161,,If you are using multiple labs enter the details for each one of them,
5162,122968,"If you change e-RX Role for ePrescription, it may affect the ePrescription workflow. If you face any difficulty, contact your ePrescription vendor.","إذا تم تغيير دور e-RX للوصفة الإلكترونية فإن ذلك سيؤثر على سير العمل, إتصل بندوبهم لمزيد من التفاصيل"
5163,,If you change your Smartphone you can recapture the TOTP key QR code on to a new device by first logging in using the authenticator app on your old phone and then going to Miscellaneous > MFA Authentication and clicking the View button on the Current Authentication Method section,
5164,,If you check the check box in any of these cells it will generate an entry in the last cell called Progress,
5165,,If you choose to do a manual entry click the 'Invoice Search' radio button. It displays two sections 'Post Item' and 'Invoice Search',
5166,,If you choose to integrate lab results with the patient's record then some preliminary setup has to be performed,
5167,,If you click on any user in the 'User Memberships' section you will now see these newly created group (ARO) in the 'Inactive' column. These can now be assigned in the usual fashion as needed.,
5168,,If you click on the edit icon next to this newly created group (ARO) you will note that the 'Active' column contains only a single entry - Placeholder (Maintains empty ACLs). As yet this new group (ARO) has NO access to any part of the program as there are no ACOs assigned in the 'Active' column.,
5169,,If you Click the blue + sign on Serum Chemistry you will see a new line called Organ/Disease Panel with a Category of Sub Group,
5170,,If you continue to experience this error please contact support.,
5171,,If you do not find a required value in the drop-down box you will need to add it via Administration > Lists > Procedure Units. Refer to the help file in Procedures > Providers,
5172,,If you do not select a match the patient will be created.,
5173,,"If you do not select at least one of these, OpenEMR will operate in a receive-only mode",
5174,,"If you do not submit orders electronically or receive result electronically leave it as the default value, Download",
5175,,"If you do not want to allow this application to have offline access to your data, uncheck the offline_permission scope",
5176,,If you do not want to do so the following method involves adding data manually using the openEMR interface,
5177,,If you drill down to the Electrolyte Panel line and click on the + sign in the Name column you should see Sodium listed underneath it with a Category value of Result with a Tier value of 4,
5178,,If you drill down to the Electrolyte Panel line you should see it have a Category of Order and be highlighted in yellow indicating that it is a search-able and valid order and has a Tier value of 3,
5179,,If you had selected multiple codes they will be separated by semi-colons,
5180,,"If you have already filled the calendar_external table, then click on ""Synchronize"" button to have the holidays in the calendar view. NOTE that clicking on the button will remove all the existing items in the calendar view related to holidays",
5181,,If you have an old superbill you can use its grouping of codes as a template to start the customization,
5182,122969,"If you have chosen to upload electronic remittances, then the search window redisplays itself with the matching invoices from the X12 file.  You may click on any of these invoice numbers (as described below) if you wish to make any corrections before the remittance information is applied. To apply the changes, click the Process ERA File button at the bottom of the page.  This will produce a new window with a detailed report.",إذا كنت إخترت التحويلات المالية الإلكترونية إذا نافذة البحث ستستعرض الفواتير من الملف X12. بإمكانك تغيير اي من هذه الملفات بالضغط عليه قبل الشروع في التحويل
5183,,"If you have chosen to upload electronic remittances, then the search window redisplays itself with the matching invoices from the X12 file. You may click on any of these invoice numbers (as described above) if you wish to make any corrections before the remittance information is applied. To apply the changes, click the 'Process ERA File' button at the bottom of the page. This will produce a new window with a detailed report.",
5184,,If you have enabled the TOTP method the next time you login you will be asked to enter the TOTP password,
5185,122970,"If you have entered a Pay Date in the search page, this will override the posting date of payments and adjustments that are otherwise taken from the X12 file.  This may be useful for reporting purposes, if you want your receipts reporting to use your posting date rather than the insurance company's processing date.  Note that this will also affect dates of prior payments and adjustments that are put into secondary claims.",لو أدخلت تاريخا للمرتب فى صفحة البحث فسوف يتفادي المعايير المأخودة من الملف X12 و المتعلقه بتواريخ الدفع. هذة الخاصية مفيدة لأغراض إنشاء التقارير. هذا الإختيار سوف يؤثر على تواريخ الدفوعات السابقه و المتعلقة بالمطالبات الثانوية
5186,,"If you have entered a Pay Date in the search page, this will override the posting date of payments and adjustments that are otherwise taken from the X12 file. This may be useful for reporting purposes, if you want your receipts reporting to use your posting date rather than the insurance company's processing date. Note that this will also affect dates of prior payments and adjustments that are put into secondary claims.",
5187,,"If you have followed all the above steps correctly you should see Serum Uric Acid under Name, it will be preceded by a vertical bar indicating the absence of descendants or children to this entry",
5188,,If you have followed the above steps correctly the Serum Uric Acid Test should now have a + sign preceding the Name indicating the presence of successors or children,
5189,,If you have lost your Smartphone those with administrator privileges can delete the keys by going to Administration > Users and checking the Clear 2FA checkbox and clicking Save,
5190,,If you have NewCrop eRx module enabled then the allergies have to be entered on the NewCrop MedEntry page,
5191,,"If you have not already done some pre-configuration, including adding providers, do so by going to Procedures > Providers",
5192,,If you have the need to order individual components of the panel you will have to create a separate Procedure Order for each individual component of the panel and store the returned result under a Discrete Result created in a fashion similar to that used earlier to create an order for Serum Uric Acid,
5193,,If you hit the refresh button without setting any filters then all dated reminders for the user will appear below,
5194,,If you leave it at the default of 0 then the top level entries that you make will be sorted alphabetically,
5195,,"If you made changes and want to re-send it, delete the original (in Communications) and try again.",
5196,,"If you made changes and want to re-send it, delete the original (in Communications) or wait 60 seconds, and try again.",
5197,,If you need to manually enter the returned result each test (Custom Favorite Item) should have a Discrete Result as a direct descendant,
5198,,If you see no entries in the Order From drop-down box it means that you have not set up a lab under Procedures > Providers,
5199,122971,"If you want to change data types, or add rows or columns",إذا كنت تريد تغيير نوعية البيانات أو إضافة أصفف أو أعمدة
5200,122972,"If you want to upgrade the database, then place the database zip file in the following directory",إذا كنت تريد ترقية قاعدة البيانات فعليك وضع ملفها المضغوط فى المجلّد التالي
5201,,If your search was successful the search results will be displayed in the search results box below,
5202,,Igbo,
5203,122973,Ignore,تجاهل
5204,,III{{patient suffix}},
5205,,IIS Code,
5206,,II{{patient suffix}},
5207,122974,Illness,داء
5208,122975,IM,في العضل
5209,,Image canvas,
5210,,Image Results,
5211,,Images,
5212,,Imaging,
5213,,"Imaging Integration, and DICOM Diagnostic Imaging Reports - 2009",
5214,122976,Imaging Service,خدمات التصوير
5215,,Immune System,
5216,122977,Immunization,التطعيم
5217,,Immunization Administered Site,
5218,122978,Immunization Code,رمز التطعيم
5219,,Immunization Completion Status,
5220,122979,Immunization Date,تاريخ التطعيم
5221,122980,Immunization Expiration Date,تاريخ إنتهاء التطعيم
5222,,Immunization Information Source,
5223,122981,Immunization Lot Number,الرقم المصنعي الخاص بالتطعيمة Lot Number
5224,122982,Immunization Manufacturer,مصنع التطعيمة
5225,,Immunization Observation Criteria,
5226,,Immunization Observation Results,
5227,,Immunization Ordering Provider,
5228,,Immunization Refusal Reason,
5229,122983,Immunization Registry,سجل التطعيم
5230,,Immunization Registry Status,
5231,,Immunization Registry Status Effective Date,
5232,122984,Immunization Report,تقرير التطعيم
5233,122985,Immunization Service,خدمة التطعيم
5234,122986,Immunization Title,أسم التطعيم
5235,,Immunization Vaccine Eligibility Results,
5236,122987,Immunizations,التطعيمات
5237,,Immunizations - lists immunization history and allows for adding new entries or editing existing ones,
5238,122988,Immunize,حصن
5239,122989,Immunologic,مناعي
5240,,Immuno{{immunologic}},
5241,,IMMUNO{{Immunology/Rheumatology}},
5242,,Imp,
5243,,Imp Plan,
5244,122990,Implants,زرع
5245,122991,Import,استورد
5246,,Import All,
5247,,Import CCDA,
5248,,Import CCR,
5249,122992,Import certificate to the browser.,إستورد الشهادة الي المتصفح
5250,122993,Import Configuration,إستورد الإعدادات
5251,,Import deferred for time-to-live,
5252,,Import Formularies,
5253,,Import holiday events,
5254,,Import Holidays,
5255,122994,Import Patient,إستورد المريض
5256,122995,Import Patient Demographics,إستورد ديموجرافيا المريض
5257,,Import Patient Demographics XML,
5258,,Import Pharmacies,
5259,,Import Pharmacies Script,
5260,,Important - the Identifying Code for Custom Favorite Group is always user defined,
5261,122996,Important Codes,رموز مهمة
5262,,"IMPORTANT: The NPI number also exists in the Address Book entry for the provider, take care to enter the correct NPI number",
5263,122997,"IMPORTANT: This upload tool is only for uploading documents on patients that are not yet entered into the system. To upload files for patients whom already have been entered into the system, please use the upload tool linked within the Patient Summary screen.","تحذير مهم: أداة الرفع هذه لرفع الملفات للمرضى الذين لم يتم تسجيلهم في النظام. ولرفع الملفات للمرضى الموجودين مسبقا في النظام, الرجاء استخدام رابط أداة الرفع الموجودة في نافذة المريض الموجزة."
5264,,Imported Allergies,
5265,122998,Imported from Accounting,مستوردة من المحاسبة
5266,,Imported Medications,
5267,,Imported Problems,
5268,,Importing the entire CPT code set after you license it from the American Medical Association would get you all the relevant CPT codes in one fell swoop,
5269,,Impression/Plan,
5270,,Impression/Plan Builder,
5271,122999,Improved,تحسن
5272,,IMP{{impression}},
5273,123000,in,داخل
5274,123001,IN,داخل
5275,,"In a likewise fashion you will create a Discrete Result for Potassium, Chloride and Carbon Dioxide",
5276,,"In a likewise manner create a Custom Favorite Item each for TSH (Sequence 2, Identifying Code WWT02, Standard Code 30166-3) and Vitamin D (Sequence 3, Identifying Code WWT03, Standard Code 35365-6)",
5277,,"In a likewise manner create a Discrete Result each for TSH (Sequence - 2, Identifying Code - WWT02R, Default Units - mU/L, Default Range - 0.4-4, leave Followup Services blank) and Vitamin D (Sequence - 3, Identifying Code - WWT03R, Default Units - ng/mL, Default Range - 0-20, leave Followup Services blank)",
5278,,In addition there are 2 checkboxes,
5279,,In addition to creating a Referral the system also allows you to print a blank referral form that can be manually filled to generate a Referral,
5280,,"In any case establishing a connection, ensuring HIPAA compliance, data security etc will require coding, the cost of which is generally borne by the lab. They however will only approve if the volume of business justifies their investment",
5281,,in category,
5282,,In Current Chat,
5283,123002,in each eye,في كل عين
5284,,In exam room,
5285,,In General,
5286,,In House,
5287,,In House Authorize Payments,
5288,123003,in left eye,في العين اليسرى
5289,123004,in nostril,فتحة الأنف
5290,123005,In Office,في المكتب
5291,,In openEMR the Continuity of Care Record (CCR) reports to be generated can be limited to a specific date range by checking the Use Date Range check-box and entering the desired date range,
5292,,In order to fulfill Meaningful Use requirements for Computerized Provider Order Entry (CPOE) for lab and radiology tests this module needs to be used,
5293,,"In order to properly store and retrieve test results and place new orders, tests/orders have to be setup in a hierarchical manner",
5294,,"In order to record the values of the results returned you have to create a separate Discrete Result (Tier 4) for each of the panel's constituents, the fruit, as direct descendants of this (General Health Panel) branch (Tier 3). Examples of the results being CBC - Hemoglobin, CBC - Hematocrit, CMP - Sodium, CMP - Potassium, TSH etc. ",
5295,,"In order to register your device, please provide your OpenEMR login password",
5296,,In order to send Continuity of Care Record (CCR) and /or Continuity of Care Document (CCD) optionally check phiMail Allow CCD Send and/or phiMail Allow CCR Send to enable the Transmit feature for these data types,
5297,,In our case we will choose Local Lab that was setup previously,
5298,,In our case we will leave it as Unassigned,
5299,,In person payments with Stripe Verifone P400,
5300,,"In Portrait mode, determines the height of the envelope along the y-axis in mm",
5301,,"In Portrait mode, determines the width of the envelope along the x-axis in mm",
5302,123006,in right eye,في العين اليمنى
5303,,"In short electronic orders can be done, it involves a significant amount of testing and customization to be certified by the lab, generally through a third party and can only happen if the lab agrees to give the green light to the project",
5304,,"In the 'Post Item' section that is displayed at the top you may enter a source (e.g. check number), pay date and check amount. The reason for the source and pay date is so that you don't have to enter them over and over again for each claim. The amount that you enter will be decreased for each invoice that is given part of the payment, and hopefully will end at zero when you are done.",
5305,,"In the above example an order for a single test was created, i.e. Serum Uric Acid",
5306,,In the default installation click on Add to bring up the Add/Edit Issue pop-up page,
5307,,In the patient's words,
5308,,"In the second stage of Meaningful Use, the CCD, but not the CCR, was included as part of the standard for clinical document exchange",
5309,,"In this case the Custom Favorite Group will be called Preop Labs and the two recognized panels will be direct descendants, each in a Custom Favorite Item Tier named CBC and Renal Panel respectively",
5310,,"In this case you will create a Procedure Order, the fruit bearing branch called General Health Panel (Tier 3)",
5311,,"In total, there are seventeen sections that can be included within a Continuity of Care Record (CCR)",
5312,,In Use,
5313,123007,in-house,في المنزل
5314,,In-process,
5315,123008,Inactive,خامل
5316,,inactive,
5317,,Inactive - Lost to follow - up,
5318,,Inactive - Moved or gone elsewhere,
5319,,Inactive - Permanently inactive,
5320,,Inactive - Unspecified,
5321,123009,Inactive Days,أيام خاملة
5322,,Inactive Messages,
5323,123010,Inbox,الصندوق
5324,,INCITS Code,
5325,,Include all lists referenced in chosen layouts,
5326,,Include all values reported for each result code,
5327,123011,Include Checksum,اشمل Checksum
5328,123012,Include Completed,ادراج المكتمل
5329,,Include Customers in checkout and receipts. See the Customers list.,
5330,,Include Inactive,
5331,,Include inactive,
5332,,Include Inactive Providers,
5333,,Include inactive providers in the fee sheet,
5334,,Include inactive providers in the fee sheet.,
5335,123013,Include inactive users,ادراج المستخدمين الغير نشطيين
5336,,Include line item unit price amounts in checkout and receipts.,
5337,123014,Include Uncategorized,ادراج الغير مصنف
5338,123015,Include Unstructured data,ادراج البيانات الغير منظمة
5339,123016,Include Vitals,ادراج العلامات الحيوية
5340,123017,Include vitals data?,ادارج بيانات العلامات الحيوية؟
5341,,Include your initials and details of reason for transaction.,
5342,,Included Providers,
5343,,including CVF{{Confrontational Visual Fields}} and Pupils,
5344,123018,Inclusion,إشتمال
5345,123019,Income,الدخل
5346,,Incoming results requiring attention:,
5347,123020,Incomplete,غير كامل
5348,123021,Incomplete Abortion Treatment,علاج إجهاض غير مكتمل
5349,123022,Incontinence,سلس البول
5350,123023,Incorporate clinical lab-test results into certified EHR technology as structured data.,ادمج نتائج التحاليل الطبية مع تقنية EHR المعتمدة كبيانات مؤسسة
5351,,Incorrect confirmation PIN,
5352,123024,Incorrect password!,كلمة السر غير صحيحة!
5353,,Increase the limit to a larger number say 100 so that you can decide on which ones to act upon,
5354,123025,increased:,زيادة :
5355,123026,Indemnity Insurance,تعويض التأمين
5356,,Independent Clinic,
5357,,Independent Laboratory,
5358,123027,Indeterminate,غير معروف
5359,123028,Indian,هندي
5360,,Indian Health Service Free-standing Facility,
5361,,Indian Health Service Provider-based Facility,
5362,123029,Indicates abnormality,يدل علي المرض/ العلّة
5363,,Indicates if this issue is an ophthalmic-specific medication,
5364,123030,Indicates if this issue is currently active,نوه اذا كانت المشكلة حاليا نشطة
5365,,Indications,
5366,123031,Indicator for specialized usage,مؤشر للإستخدام المتخصص
5367,123032,Indigent Patients,مريض معوز
5368,123033,Indigent Patients Report,تقارير المرضى المعوزين
5369,123034,Indigents,المعوزين
5370,,"Individual access can be tailored to fit the needs by assigning a user to one or more groups (AROs). The user will then inherit all the privileges, i.e have access to parts of the program (ACO), of each group (ARO) the user belongs to.",
5371,,Individual pages can override 2nd and 3rd options by implementing a log message.,
5372,,Individual tests or even individual recognized panel of tests can be grouped together as a Custom Favorite Group,
5373,,Indonesian,
5374,123035,Induced Abortion,إجهاض محرض
5375,,Industry,
5376,123036,Ineligible,غير مؤهل
5377,123037,Infection / Abscess,عدوى / خراج
5378,123038,Infections,عدوى
5379,123039,Infert Couns,مشورات العقم
5380,123040,Infertility,العقم
5381,123041,Influenza 1,انفلونزا 1
5382,123042,Influenza 2,انفلونزا 2
5383,123043,Influenza Immunization for Patients >= 50 Years Old,تطعييم انفلونزا للمرضي اكبر من او يساوي 50 عاما
5384,123044,Influenza Immunization for Patients >= 50 Years Old (CQM),تطعييم انفلونزا للمرضي اكبر من او يساوي 50 عاما (CQM)
5385,123045,Influenza Vaccine,لقاح الإنفلونزا
5386,123046,Info,معلومات
5387,123047,Info test 1,إختبار المعلومه 1
5388,123048,Info test 2,إختبار المعلومه 2
5389,123049,Info test 3,إختبار المعلومه 3
5390,123050,Info test 4,إختبار المعلومه 4
5391,123051,Info test 5,إختبار المعلومه 5
5392,123052,Info test 6,إختبار المعلومه 6
5393,,Informant,
5394,,Information,
5395,,Information regarding the Patient Portal is also shown in the header section,
5396,,Information Source,
5397,,inf{{inferior}},
5398,123053,inhalations,إستنشاق
5399,,Inhale,
5400,123054,inhilations,إستنشاق
5401,,Initial Patient Population,
5402,,Initial Treatment,
5403,123055,Initial User,المستخدم الأول
5404,,Initially Open Group,
5405,,Initially Open Sections,
5406,123056,Inj/Rehab,تلقيح/ تأهيل
5407,123057,Injectables,الحقن
5408,123058,Injection,حقنة
5409,123059,Injured Body Part,اجزاء الجسم المصابة
5410,123060,Injured Out,قسم الجروح الخارجي
5411,123061,Injury,إصابة
5412,,Injury Log,
5413,123062,Injury Mechanism,كيفية الإصابة
5414,123063,Injury Overview Report,تقرير موجز الإصابة
5415,123064,Injury Surveillance,مراقية الإصابات
5416,123065,Injury Type,نوع الإصابة
5417,123066,Injury/illness-related,متعلق بالمرض/الإصابة
5418,,Inline,
5419,,Inpatient Hospital,
5420,,Inpatient Psychiatric Facility,
5421,123067,Input does not begin with a MSH segment,الإدخال غير مبتدئ بمقطع MSH
5422,123068,Input Fields,حقول الإدخال
5423,123069,INR,إختبار تخثر الدم بناء علي وقت البروثرومبن
5424,123070,Ins 1,تأمين 1
5425,123071,Ins 2 or Ins 3,تأمين 2 او تأمين 3
5426,123072,Ins Address,عنوان التأمين
5427,123073,Ins adjust,تعديل التأمين
5428,123074,Ins bundling,تحزيم التأمين
5429,123075,Ins Code,كود التأمين
5430,123076,Ins Group,مجموعة التأمين
5431,123077,Ins Name,إسم التأمين
5432,123078,Ins overpaid,دفع زيادة التأمين
5433,123079,Ins Policy,بوليصه التأمين
5434,123080,Ins refund,إرجاع التأمين
5435,123081,Ins Summary,ملخص التأمين
5436,,Ins/fin issue,
5437,123082,Ins1,تأمين 1
5438,123083,Ins2,تأمين 2
5439,123084,Ins3,تأمين 3
5440,,Insert,
5441,123085,Insert failed: ,فشلت الإضافة
5442,,Insert in Form,
5443,,Insert normals,
5444,,Insert normals - 100/100,
5445,,Insert normals - 11/11,
5446,123086,Insert old events into tables,أضف الأحداث القديمة في جداول
5447,,Insert special field,
5448,,Insert the key into the USB port,
5449,,Insert U2F Key,
5450,,Insert your key into a USB port and click the Authenticate button below.,
5451,,Inserted,
5452,123087,Insomnia,أرق
5453,123088,Inspect the log,فحص السجل
5454,123089,Inspection,تفتيش
5455,123090,Instability / subluxation,غير ثابت/ خلع جزئي
5456,123091,INSTALL,تثبيت
5457,123092,Install,تثبيت
5458,,Install ACL,
5459,,Install Code Set,
5460,123093,install DB,تثبيت قاعدة البيانات
5461,,Install it by going to Administration > Other > External Data Loads > ICD10 > Staged Releases and click Install,
5462,,Install Layout Service Codes,
5463,,Install RxCUI monthly via Native Load or enable in Lists!,
5464,,Install SQL,
5465,,Install the EMR Direct trust anchor certificate,
5466,,Installation Details,
5467,,Installations processing a large number of Direct messages may want a shorter interval,
5468,123094,Installed Release,النسخة المثبتة
5469,,Installing codes in openEMR,
5470,123095,Instructed,أرشد
5471,123096,Instruction,تعليمات
5472,,Instructions,
5473,123097,Instructions:,تعليمات :
5474,,Insufficient inventory for product,
5475,123098,Insufficient inventory for product ID,بضاعة غير كافية للمنتج 1ا الهوية
5476,123099,Insulin Dependent Diabetes,السكري المعتمد على الإنسولين
5477,123100,Insurance,تأمين
5478,123101,insurance,تأمين
5479,,Insurance Address,
5480,,Insurance Adj,
5481,,Insurance Adjustment,
5482,123102,Insurance Balance,رصيد حساب التأمين
5483,123103,Insurance Balance Due,رصيد حساب التامين المستحق
5484,123104,Insurance Comp,شركة التأمين
5485,123105,Insurance Companies,شركات التأمين
5486,123106,Insurance Company,شركة التأمين
5487,123107,Insurance Company Search/Add,بحث/ إضافة شركة تأمين
5488,,Insurance Credit,
5489,123108,Insurance Data,تاريخ التأمين
5490,,Insurance ID,
5491,,Insurance Information,
5492,123109,Insurance information on file,معلومات التأمين في الملف
5493,,Insurance Name,
5494,123110,Insurance Numbers,رقم التأمين
5495,123111,Insurance Payment,مدفوعات التأمين
5496,,Insurance payment,
5497,123112,Insurance Payments,دفوعات التامين
5498,123113,Insurance Provider,شركة تأمين
5499,,Insurance Search/Select/Add,
5500,123114,Insurance Types,انواع التامين
5501,123115,Insurances,التامينات
5502,123116,Insured,مؤمن
5503,123117,Intake Conclusion,مجمل التناول
5504,123118,Intake Date,تاريخ التناول
5505,,Integers1-100,
5506,,Integrating lab results into a patient's chart in openEMR can be done manually i.e. both ordering tests and uploading the received results or electronically,
5507,123119,Intellectual Decline,إنخفاض فكري
5508,,Inter-pupillary distance,
5509,,Interact with created transactions,
5510,,Interlingua,
5511,,Interlingue,
5512,,Intermediate Care Facility/Mentally Retarded,
5513,,Intermittent Esotropia,
5514,,Intermittent Exotropia,
5515,,intermittent hyperphoria,
5516,,Intermittent hypotropia,
5517,,Internal Allergies,
5518,123120,Internal error - no pages were selected!,خطأ داخلي - لم يتم تحديد الصفحات !
5519,123121,Internal error - patient ID was not provided!,خطأ داخلي - لم يتم توفير رقم المريض !
5520,123122,Internal error accessing uploaded file!,خطأ داخلي في الوصول الى الملف المحمل !
5521,,Internal error in tableNameFromLayout,
5522,123123,Internal error!,خطأ داخلي
5523,123124,"Internal error, no drug ID specified!",خطأ داخلي لم يتم تحديد رقم الدواء !
5524,123125,Internal error: Cannot find MSH-10,خطأ داخلي: لم يعثر علي MSH-10
5525,123126,Internal error: claim ,خطأ داخلي: مطالبة
5526,123127,Internal error: encounter ',خطأ داخلي: الزيارة'
5527,123128,Internal error: pid or encounter is missing.,خطأ داخلي: الزيارة او المعرف داخلي مفقود
5528,,Internal error: the referenced encounter no longer exists.,
5529,123129,Internal error: we do not seem to be in an encounter!,خطأ داخلي: لا يبدو انك بداخل صفحة الزيارة
5530,123130,Internal Identifier (pid),معرف داخلي
5531,,Internal Medications,
5532,,Internal Problems,
5533,123131,Internal Referrals,الإحالات الداخلية
5534,123132,Internal Time Collected,تم جمع الوقت الداخلي
5535,123133,International Duty,مهمة دولية
5536,,Internet Explorer browser version 6 to Internet Explorer browser version 11 does not support FIDO U2F API,
5537,123134,Interpreter,مترجم
5538,123135,Interpreter needed?,هل تحتاج الى مترجم؟
5539,123136,Interstitial Lung Disease,الأمراض الخلالية الرئوية
5540,123137,Interval,فاصل زمني
5541,123138,Interval (minutes),فاصل زمني (دقائق)
5542,123139,Interval between message checks (set to zero for manual checks only),فاصل زمني بين تفقد الرسائل (اذا كان علي 0 فالتفقد يدوى فقط)
5543,123140,Intervention,تدخل
5544,123141,Intervention Provided,تم التدخل
5545,123142,Intolerance,حساسية مفرطة
5546,,Intradermal,
5547,,Intramuscular,
5548,123143,intramuscularly,العضل
5549,,Intraocular Pressures,
5550,,Intraocular Pressures (mmHg) by Date,
5551,123144,intravenously,وريدي
5552,123145,Introduction,مقدمة
5553,,Inuktitut,
5554,,Inupiaq,
5555,123146,Invalid character in,حرف غير صالح في
5556,,Invalid Content,
5557,,Invalid Credit Card Number,
5558,,Invalid Credit Card Values: Please correct,
5559,,Invalid Current Credentials Error.,
5560,,Invalid Date format or value! Type date as YYYY-MM-DD or use the calendar.,
5561,,Invalid date range,
5562,,Invalid encapsulated data encoding type,
5563,,Invalid File,
5564,,Invalid file type.,
5565,,Invalid layout ID,
5566,123147,Invalid length for,الطول غير صالح ل
5567,123148,Invalid non-numeric character in,رمز غير رقمي في
5568,123149,Invalid or missing payer in source for code ,الدافع غير صالح او مفقود فى الكود الأساسي
5569,,Invalid password,
5570,123150,Invalid recipient address. Please try again.,عنوان المتلقي غير صالح. حاول مجددا
5571,,Invalid Request,
5572,,Invalid Request Parameters,
5573,123151,Invalid Service Codes,رموز خدمة غير صالحة
5574,123152,"Invalid source designation """,التوصيف الأساسي غير صالح
5575,,Invalid Total!,
5576,123153,Invalid username or password,أسم المستخدم او الرقم السري غير صالح
5577,123154,InvAmt,كمية المخزون
5578,123155,Inventory,بيان الجرد
5579,123156,Inventory Activity,أنشطة الجرد
5580,,Inventory Administration,
5581,123157,Inventory and sell both drugs and non-drug products,تخزين و بيع كل البضائع كأدوية و غير أدوية
5582,123158,Inventory and sell drugs only,تخزين و بيع البضائع الدوائية فقط
5583,123159,Inventory is not available for this order.,الجرد غير متوفر لهذا الطلب
5584,123160,Inventory List,قائمة الجرد
5585,,Inventory Management,
5586,123161,Inventory Transactions,تعاملات بيان الجرد
5587,123162,Invoice,فاتورة
5588,123163,invoice,فاتورة
5589,,Invoice Actions,
5590,,Invoice Adjustment,
5591,,Invoice and Line Levels,
5592,123164,Invoice Balance,فاتورة باقى الحساب
5593,123165,Invoice Balance cannot be posted. No Encounter is created.,لا يمكن عرض فاتورة باقى الحساب. الزيارة لم تنشأ بعد
5594,123166,Invoice Date,تاريخ الفاتورة
5595,,Invoice Details,
5596,123167,Invoice has no date!,الفاتورة لا تحتوي على تاريخ!
5597,,Invoice Level Only,
5598,123168,Invoice Number,رقم الفاتورة
5599,123169,Invoice Reference Number,الرقم المرجعي للفاتورة
5600,123170,"Invoice reference number pool, if used",جمع الرقم المرجعي للفواتير المستخدمه
5601,123171,Invoice Reference Number Pools,جمع الرقم المرجعي للفواتير
5602,123172,Invoice Refno Pool,مجمع ارقام الإيصالات
5603,,Invoice Search,
5604,123173,Invoice:,فاتورة:
5605,,IOP Chart,
5606,,IOP Dilated{{Dilated Intraocular Pressure}},
5607,,IOP Graph,
5608,,ios,
5609,,iPad Pro 10.5 inches,
5610,,iPad Pro 12.5 inches,
5611,,"iPad/iPad Mini, XGA",
5612,,iPhone 6/7/8 Plus,
5613,,iPhone X/XS,
5614,,iPhone XR/XS Max,
5615,123174,IPPF,الإتحاد الدولي لتنظيم الأسرة
5616,123175,IPPF Abortion,الإتحاد الدولي لتنظيم الأسرة - الإجهاض
5617,123176,IPPF Contraception,الإتحاد الدولي لتنظيم الأسرة - موانع الحمل
5618,123177,IPPF SRH Data for,بيانات الإتحاد الدولي لتنظيم الأسرة
5619,,IPPF statistical reports.,
5620,123178,IPPF Statistics Report,الإتحاد الدولي لتنظيم الأسرة - التقرير الإحصائي
5621,,IPPF Statistics Reporting,
5622,123179,IPPF Stats,احصائيات الإتحاد الدولي لتنظيم الأسرة
5623,123180,IPV 1,تطعيم فيروس البابيلوما 1
5624,123181,IPV 2,تطعيم فيروس البابيلوما 2
5625,123182,IPV 3,تطعيم فيروس البابيلوما 3
5626,123183,IPV 4,تطعيم فيروس البابيلوما 4
5627,,Iris,
5628,,Irish,
5629,123184,Irregular Heart Beat,ضربات قلب غير منتظمة
5630,123185,Irritability,التهيج المفرط
5631,123186,Irritation,تهيج
5632,123187,is a different language version of the following database,نسخه للغه مختلفه من قاعدت البيانات التاليه
5633,123188,is a different version of the following database,نسخه مختلفه من قاعدت البيانات التاليه
5634,123189,is a more recent version of the following database,اصدار احدث من قاعده البيانات التاليه
5635,,Is a record of all financial transactions between the patient and the practice,
5636,123190,is a required field.,خانه مطلوبه
5637,123191,is a root node and can not be deleted.,عقدة أساسية و لا يمكن مسحها
5638,123192,is an extension of the following database,امتداد لقاعده البيانات التاليه
5639,,Is Authorizing Signature,
5640,,Is Confidential,
5641,,Is Enabled,
5642,,Is it ok to map these CVX codes to already existent immunizations?,
5643,123193,is misplaced or unknown,في غير موضعة او غير معروف
5644,,is not a number,
5645,,is not a valid email address,
5646,,Is not selected,
5647,,is not valid,
5648,123194,is not valid (decimal fractions are OK).,غير صالح (الكسور العشرية مقبولة)
5649,123195,Is PHP using Safe Mode?,هل يستخدم ال PHP الوضع الامن؟
5650,,Is Required. Contact Provider.,
5651,,Is Required. Please Add in Contacts.,
5652,,Is selected,
5653,123196,Is text from form layouts to be translated?,هل سيتم ترجمة النص من توزيعة الطلب؟
5654,123197,Is text from lists to be translated?,هل سيتم ترجمة النص من القوائم؟
5655,123198,Is The File Encrypted?,هل الملف مشفر؟
5656,123199,Is this a Clinical Term code type?,هل هذا رمز لمصطلح طبي؟
5657,123200,Is this a diagnosis type?,هل هذا نوع التشخيص؟
5658,123201,Is this a Medical Problem code type?,هل هذا نوع من ترميز المشاكل الطبية ؟
5659,,Is this a Medication type?,
5660,123202,Is this a procedure/service type?,هل هذا نوع عملية / خدمة ؟
5661,123203,Is this active?,هل هذا نشط ؟
5662,123204,Is this code type active?,هل نوع الترميز هذا نشط ؟
5663,123205,Is this code type used in claims?,هل هذا الرمز مستخدم فى المطالبات؟
5664,,Is this Okay?,
5665,,Is this really OK?,
5666,123206,Is this type hidden in the fee sheet?,هل هذا النوع مخبأ فى صحيفة الرسوم؟
5667,123207,"Is this using external sql tables? If it is, then choose the format.",هل يتم استخدام جداول sql خارجية؟ لو نعم اذا إختر الصيغة
5668,123208,is too long,طويل للغاية
5669,,ISO 639-2 Code,
5670,123209,Issue,مشكلة
5671,123210,issue,مشكلة
5672,123211,Issue Date,تاريخ المشكلة
5673,123212,Issue ID,رقم الإصدار
5674,,Issue Subtypes,
5675,123213,Issue Title,أسم المشكلة
5676,123214,Issue Type,نوع المشكلة
5677,123215,Issue Types,أنواع المشاكل
5678,123216,Issues,مشاكل
5679,123217,Issues (Injuries/Medical/Allergy),مشاكل ( إصابات/ صحي/حساسية)
5680,123218,Issues (Injuries/Medical/Allergy):,مشاكل ( إصابات/ صحي/حساسية) :
5681,,"Issues - summarizes the patient's medical problems, allergies, medications, surgeries and dental issues",
5682,123219,Issues and Encounters,المشاكل والزيارات
5683,123220,Issues and Encounters for,المشاكل والزيارات لــ
5684,,Issues and Immunizations wiki page,
5685,,Issues can also be linked to zero or more encounters,
5686,,Issues Help,
5687,,Issues List,
5688,123221,Issues not authorized,المشاكل غير مصرح بها
5689,123222,Issues Section,قسم المشاكل
5690,,Issuing Agency,
5691,,It allows the browser to communicate directly to the USB device avoiding the need for the user to do anything more than insert the device into an USB port and tap it to activate it,
5692,,It also lets you create new groups (AROs) as well as remove existing ones.,
5693,,It can also just receive results electronically,
5694,,It can be either linked to a patient or just be a message addressed to another user(s),
5695,,It combines what the user knows i.e. user password with what the user has i.e. a device that is unique or a mechanism to generate/receive a unique code to be used at each login,
5696,,It consists of three sections ,
5697,,It consists of two parts - defining a Provider and configuring the Orders and Results,
5698,,It consists of two parts - the Receiving application and Receiving facility,
5699,,It consists of two parts - the Sending application and Sending facility,
5700,,It contains a left and right section,
5701,,It contains a QR code that needs to be captured by the authenticator app,
5702,,It contains structured data that is included in the Continuity of Care Record (CCR) set to the the Clinical Document Architecture standard,
5703,,It does not refer to the actual referral that has been created,
5704,,It does so by using an algorithm to combine the current UNIX time with the secret key to generate an ever changing unique key,
5705,,It has four tabs,
5706,,It has three tiers ,
5707,,It is a commercial messaging module available to openEMR practices utilizing version 5.0.1 and higher,
5708,,It is a field in the HL7 Message header known as Processing ID,
5709,,It is a part of the medical record,
5710,,It is also a subscription based service,
5711,,It is also necessary to list an ICD10 code in order for the problem to be listed in Continuity of Care Report (CCR) and Continuity of Care Document (CCD),
5712,,It is divided into two sections,
5713,,It is essential that you read through the first four sections to understand the underlying principles,
5714,,It is far easier and intuitive to make major changes and reorganize the data on the spreadsheet before you start entering the data in openEMR,
5715,,It is important to realize that this manages the MFA for the logged in user,
5716,,It is important to understand the function of these two icons as all subsequent steps needed to properly set up the hierarchy will depend on the correct use of these two icons,
5717,,It is intended to include only the information that is critical to effectively continue care,
5718,,It is issued to health care providers in the United States by the Centers for Medicare and Medicaid Services (CMS),
5719,,"It is not necessary for local lab, instead you can use any arbitrary unique number",
5720,,It is not necessary to fill default Diagnosis Codes as ICD10 codes can be entered at the time of the actual ordering of the test,
5721,,It is not submitted with the claim,
5722,,"It is not uncommon to order several blood tests together, grouping them as a panel of tests facilitates this process",
5723,,It is prudent to follow up with provider if not contacted.,
5724,,"It is the basic paper claim form prescribed by many payers for claims submitted by individual doctors & practices, nurses, and professionals, including therapists, chiropractors, and out-patient clinics, and in some cases, for ambulance services",
5725,,It is used to link problems with encounters and is also used to see which encounters are associated to a particular issue,
5726,,It is useful to practice on a trial site to become familiar with the process before doing so on the production openEMR application,
5727,,It lets you search by ICD 9 and ICD 10 diagnostic codes and CPT4 and HCPCS service/procedure codes,
5728,,"It lets you send messages and dated reminders to staff members, add patient to the recall list and send SMS text messages to patients",
5729,,"It serves as a necessary bridge to a different environment, often with new clinicians who know nothing about the patient, enabling next provider to easily",
5730,,It should be UTF-8 encoded with comma separated values.,
5731,,It therefore stands to reason that you cannot create a Counter-Referral by itself,
5732,,It uses an open standard and therefore available from various manufactures,
5733,,It uses the HMAC-SHA256 hash function to generate a unique private key for the account,
5734,,It uses this private key to sign the challenge and sends the response back to the application,
5735,,It will be displayed in the visit summary,
5736,,It will bring up the Enter Details pop-up form,
5737,,It will bring up the Multi patient finder  popup,
5738,,It will display the justify display pop-up. It has a search box that wil let you search for a ICD code.  It will also display the 10 most commonly used ICD codes. You can select any or all codes by checking the J (justify) checkbox and pressing update,
5739,,It will have a value of 2 in the Tier column indicating it is a successor or child on the first line above having a Tier value of 1 which in this case is Serum Chemistry,
5740,,It will have two sections - the Issues Section and the Encounters Section,
5741,,It will help later in troubleshooting problems that may arise with your configuration of the Procedure Orders module,
5742,,It will open the Create New Message section,
5743,,It will take you to the MedEx sign-up page,
5744,,It will then appear in the Allergies widget on the Patient Dashboard as well as under allergies in the Issues page,
5745,,It will then appear in the Medications widget on the Patient Dashboard as well as under Medications in the Issues page,
5746,123223,Italian,إيطالي
5747,123224,Item,بند
5748,123225,item,بند
5749,,Item added,
5750,,Item Adjustment,
5751,,Item deleted,
5752,,Item Details,
5753,123226,items,بنود
5754,123227,Items load failed,تعثر تحميل البنود
5755,123228,IU/L,وحدة دولية لكل ليتر
5756,123229,IUD,الجهاز الواقي داخل الرحم
5757,123230,IV,العلاج عن طريق الوريد
5758,,IVE Client List,
5759,,IV{{patient suffix}},
5760,,Jaeger,
5761,,Jaeger{{Near Acuity Type Jaeger}},
5762,123231,Jan,يناير/كانون الثاني
5763,123232,January,يناير/كانون الثاني
5764,123233,Japanese,ياباني
5765,123234,Jaundice,شعور الإشمئزاز
5766,,Javanese,
5767,123235,Job Description,وصف الوظيفة
5768,123236,Job ID,رقم الوظيفة
5769,123237,Joint dislocations,خلع المفصل
5770,123238,Joint Pain,ألم المفصل
5771,123239,Joint sprains,خلع ناقص للمفصل
5772,,Jr,
5773,,Jr.,
5774,,JSON Web Key Set,
5775,,JSON Web Key Set (Note a hosted web URI is preferred and this feature may be removed in future SMART versions),
5776,,JSON Web Key Set URI,
5777,123240,Jul,يوليو/تموز
5778,123241,July,يوليو/تموز
5779,,Jump to Next Row,
5780,123242,Jun,يونيو/حزيران
5781,123243,June,يونيو/حزيران
5782,123244,"Just below the check information is a blue area where you put in your search parameters.  You can search by patient name, chart number, encounter number or date of service, or any combination of these.  You may also select whether you want to see all invoices, open invoices, or only invoices that are due (by the patient).  Click the Search button to perform the search.","أدخل كلمات البحث فى المنطقة الزرقاء ادناه. يمكنك البحث بإسم المريض, تاريخ الزيارة, رقم الإيصال او رقم المخطط"
5783,123245,Just Mine,خاص بي فقط
5784,123246,Justification Entries,مبررات الإدخالات
5785,123247,Justify,يبرر
5786,,Justify Dx,
5787,,Justify each CPT code with one or more justifications using the dropdown box. These will reflect the diagnosis codes that was previously selected in 'Select Codes',
5788,123248,Justify/Save,برر/إحفظ
5789,,JWT not found in system,
5790,123249,J{{Justify Header}},J{{Justify Header}}
5791,123250,"k, here's the rest ",حسناَ اليك البقية
5792,,K1{{Keratometry 1}},
5793,,K2{{Keratometry 2}},
5794,,"Kalaallisut, Greenlandic",
5795,,Kannada,
5796,,Kanuri,
5797,,Kashmiri,
5798,,Kazakh,
5799,,key,
5800,123251,Key,مفتاح
5801,,Key access failed with error,
5802,,Key for multiple database credentials encryption,
5803,,Key Name,
5804,123252,Keywords,مفردات الكلمات
5805,123253,kg,كجم
5806,123254,kg/m^2,كجم لكل متر مربع
5807,,Khmer,
5808,123255,Kidney Cancer,سرطان الكلية
5809,123256,Kidney Failure,فشل كلوي
5810,123257,Kidney Infections,إلتهاب كلوي
5811,123258,Kidney Stones,حصوات الكلى
5812,123259,Kidney Transplant,زرع الكلى
5813,,"Kikuyu, Gikuyu",
5814,,"Kindle Fire HDX, Laptop MDPI, WXGA",
5815,,Kinyarwanda,
5816,,Kiosk,
5817,,Kirundi,
5818,123260,Knee,ركبة
5819,123261,Knee Problems,مشاكل الركبة
5820,123262,Knee Replacement,إستبدال الركبة
5821,,Komi,
5822,,Kongo,
5823,123263,Korean,كوري
5824,,Kurdish,
5825,,"Kwanyama, Kuanyama",
5826,,Kyrgyz,
5827,,l/min,
5828,123264,Lab,مختبر
5829,,Lab Configuration,
5830,,Lab Documents,
5831,123265,Lab Exchange Site Address,عنوان موقع تبادل المعمل
5832,123266,Lab Exchange Site ID,رقم هوية موقع تبادل المعمل
5833,123267,Lab Exchange Token ID,عنوان علامة تبادل المعمل
5834,,Lab Order,
5835,,Lab overview,
5836,,Lab Overview,
5837,123268,Lab Query Status,حالة إستعلام المختبر
5838,,Lab Reference ID,
5839,123269,Lab Report,تقرير المختبر
5840,123270,Lab Result,نتيجة المختبر
5841,123271,Lab Results,نتائج المختبر
5842,,"Lab Results (write,addonly optional)",
5843,,Lab Results Category Name,
5844,123272,Lab Results Report,تقرير نتائج المختبر
5845,123273,Lab Service,خدمات المختبر
5846,123274,Lab Test Results,نتائج التحليل
5847,,Lab/File,
5848,123275,Label,ملصق
5849,123276,Label cannot be blank,الملصق لا يمكن أن يكون فارغاً
5850,123277,Label Cols,عمدان الملصقات
5851,123278,Label for this type,ملصق لهذا النوع
5852,,Label printed by,
5853,123279,LabelCols must be a number between 1 and 999,عمدان الملصقات يجب أن تكون مابين 1 الي 999
5854,123280,Labels,ملصقات
5855,,Labels can be printed either for one patient or for all the selected patients,
5856,,Laboratory Information,
5857,,Laboratory Test,
5858,123281,Labs,مختبرات
5859,123282,Laceration / skin condition,تمزق/ حالة جلدية
5860,123283,Laceration/abrasion,تمزق/كشط
5861,,LAC{{left anterior chamber}},
5862,,LADate,
5863,,LAD{{left adnexa}},
5864,,Laminas Module,
5865,,Landscape,
5866,123284,Language,لغة
5867,123285,Language Code,رقم اللغة
5868,123286,Language definition added,تم إضافه تعريف اللغة
5869,123287,Language Interface Tool,أداة واجهة اللغة
5870,,Language Interface Tool (language),
5871,123288,"Language List (write,addonly optional)","قائمة اللغات (اكتب,الزيادة اختيارية)"
5872,,"Language List (write,addonly optional) (language)",
5873,123289,Language Name,أسم اللغة
5874,123290,Language:,اللغة:
5875,,Lao,
5876,123291,Laotian,لاوس
5877,,"Laptop HiDPI, WXGA+",
5878,,Laser Interferometry,
5879,,Laser Interferometry Acuity,
5880,123292,Last,آخر
5881,,Last Action,
5882,123293,Last Activity Date,تاريخ أخر نشاط
5883,,Last Appendectomy,
5884,,Last Bill Date,
5885,123294,Last Bill Date:,تاريخ اخر فاتورة:
5886,,Last Breast Exam,
5887,123295,Last Calendar Year,تقويم السنة الماضية
5888,,Last Cataract Surgery,
5889,,Last Cholecystestomy,
5890,,last date of this event,
5891,123296,Last Encounter,اخر زيارة
5892,,Last Gyn. Exam,
5893,,Last Heart Surgery,
5894,,Last Hernia Repair,
5895,,Last Hip Replacement,
5896,,Last Hysterectomy,
5897,,Last Knee Replacement,
5898,123297,Last Level Billed,المستوي الإخير الذى تم اصدار فاتورة له
5899,,Last Mammogram,
5900,,Last Menstrual Period,
5901,,Last Modified,
5902,123298,Last Month,الشهر الماضي
5903,123299,Last Name,اللقب
5904,123300,Last name,اللقب
5905,,Last Name Missing,
5906,,"Last name, First name",
5907,,"Last name, first name",
5908,,"Last name, first name (title)",
5909,,"Last name, first name (title: comments)",
5910,123301,Last Name:,اللقب:
5911,,Last Physical Exam,
5912,,Last Prostate Exam,
5913,,Last Rectal Exam,
5914,123302,Last Reviewed,اخر مراجعة
5915,123303,Last Run Started At,أخر تشغيلة بدأت من
5916,123304,Last Saved,اخر حفظ
5917,,Last Sigmoid/Colonoscopy,
5918,,Last Stmt,
5919,,Last Tonsillectomy,
5920,,Last Tx Date,
5921,,Last update,
5922,,Last Update,
5923,123305,Last update by,اخر تحديث بواسطة
5924,123306,Last Verified On,اخر تحقق في
5925,123307,Last Visit,اخر زيارة
5926,,Last X-ray,
5927,,Lastly is the view to show templates assigned to patients.,
5928,,Last{{Name}},
5929,123308,Late Recurrence (2-12 Mo),اخر تجدد حدوث العرض (شهرين الى 12 شهر)
5930,123309,Lateral Malleolus,الكعب الوحشي
5931,123310,Lateral malleolus:,الكعب الوحشي :
5932,123311,Laterality,التجانب
5933,123312,"Laterality of this procedure, if applicable","تجانب هذة العملية, لو قابل للتطبيق"
5934,123313,laterally displaced PMI:,تغير نقطة اقصي ضربات القلب
5935,,Latest Health Alerts,
5936,,Latest Medical Records,
5937,,Latest Results Only,
5938,,Latest Visit or Consultation,
5939,,Latin,
5940,,Latvian,
5941,,lat{{lateral}},
5942,,Launch,
5943,,Launch URI,
5944,,Law Firm,
5945,,Lawyer,
5946,,Layout,
5947,,Layout (need to logout/login after change this setting),
5948,123314,Layout Based,معتمد علي التخطيط
5949,,Layout Columns,
5950,123315,Layout Editor,محرر التخطيط
5951,123316,Layout groups,مجموعات التخطيط
5952,,Layout ID,
5953,,Layout ID is required,
5954,,Layout Properties,
5955,123317,Layout Style,اسلوب التخطيط
5956,,Layout-Based Transaction Forms,
5957,123318,Layout-Based Visit Forms,طلبات الزيارة المعتمدة على التخطيط
5958,123319,Layouts,المخططات
5959,123320,lb,رطل
5960,,LBF Encounter Form Preview,
5961,,LBF_Validations,
5962,123321,lbs,ارطال
5963,,LB{{left brow}},
5964,,LCMT{{left Central Macular Thickness}},
5965,,LCUP{{left cup}},
5966,,LC{{left conjunctiva}},
5967,,LDAP - Distinguished Name of User,
5968,,LDAP - Login Exclusions,
5969,,LDAP - Server Name or URI,
5970,123322,LDL,الكلستيرول قليل الكثافة
5971,,LD{{left disc}},
5972,123323,leave blank if still active,اتركه فارغا لو كان نشطا
5973,123324,Leave Blank To Keep Original Filename,اتركه فارغا لإستبقاء الإسم الأصلي
5974,123325,Leave blank to keep password unchanged.,اتركه فارغا لإستبقاء كلمة السر الأصلية
5975,,Leave Coding Blank,
5976,,Leave coding blank as currently you can only enter ICD10 codes,
5977,,Leave Destination blank,
5978,,Leave it blank if the problem is still active,
5979,123326,Leave Message With,اترك رسالة مع
5980,,Leave the Followup Services blank and click Save,
5981,123327,Leave The Form,اترك النموذج
5982,123328,Leaving the pass phrase blank will not encrypt the document,ترك عبارة السر فارغة لن يشفر الوثيقة
5983,,Ledger,
5984,,"Ledger - Summarizes and tabulates all the charges, payments, adjustments and balances for all encounters pertaining to the patient",
5985,123329,Left,يسار
5986,,Left Arm,
5987,,Left Deltoid,
5988,123330,Left Ear,الأذن اليسرى
5989,123331,left ear,الأذن اليسرى
5990,,Left Gluteus Medius,
5991,,Left Lens,
5992,,Left Lower Forearm,
5993,,Left Margin (mm),
5994,,Left Thigh,
5995,,Left Vastus Lateralis,
5996,,Left w/o visit,
5997,,Left-Form Layout,
5998,123332,Left:,يسار:
5999,123333,Left: ,يسار:
6000,123334,Leg Pain/Cramping,ألم بالساق / تشنج
6001,123335,Legal,قانوني
6002,,Legal Authenticator,
6003,123336,Legal Paper Size,حجم الورقة القانوني
6004,123337,Legend:,علامة فارقة:
6005,123338,Length,طول
6006,123339,"Length of modifier, 0 if none","طول المُعدل, 0 لو لا يوجد"
6007,123340,Lens,عدسه
6008,123341,Lens Material,نوع العدسه
6009,123342,Lens Material Options,خيارات نوع العدسه
6010,123343,Lens Thickness,سمك العدسه
6011,,Lens Treatments,
6012,123344,Less Than,أقل من
6013,123345,Less Than or Equal To,أقل من أو يساوي
6014,123346,"Less-private information (write,addonly optional)","معلومات قليلة الخصوصية (اكتب, الإضافه إختيارية)"
6015,,"Less-private information (write,addonly optional) (relaxed)",
6016,,Lets you delete a line or row. Hit 'Refresh' and the line will have a strikethrough across it,
6017,,Lets you filter the results as per the chosen criteria,
6018,,Lets you send messages to staff members about patient related matters,
6019,123347,Letter,رسالة
6020,123348,Letter Generator,مكون الرسالة
6021,123349,Letter Paper Size,حجم ورقة الرسالة
6022,123350,Letterhead that doctor signs,الرسالة التي يوقعها الطبيب
6023,123351,Letterhead that patient signs,الرسالة التي يوقعها المريض
6024,,Lev Fn{{levator function}},
6025,,Levator Function,
6026,123352,Level of urgency,مستوي العجلة
6027,,LF{{levator function}},
6028,,LH{{left hertel measurement}},
6029,123353,Liability,مسئولية
6030,123354,Liability Medical,مسئولية طبية
6031,,Library,
6032,123355,License/ID,الرخصة/الهوية
6033,,Licensed Prescriber,
6034,,Licensed Prescriber First Name,
6035,,Licensed Prescriber Last Name,
6036,,Licensed Prescriber NPI,
6037,,Licensed Prescriber Title (Prefix),
6038,123356,LicensedPrescriber Last name,الإسم الأخير للطبيب المرخص
6039,123357,LicensedPrescriber NPI,رقم الترخيص للطبيب المرخص
6040,123358,LicensedPrescriber UPIN,رقم الترخيص العالمي للطبيب المرخص
6041,,Life partner,
6042,,Life threatening severity,
6043,123359,Lifestyle,اسلوب الحياة
6044,,"Lifestyle - lists the patient's use of Tobacco, Coffee, Alcohol, Recreational Drugs etc",
6045,123360,Lifestyle status,حالة اسلوب الحياة
6046,123361,Ligament tear or sprain,تمزق او تهتك الرباط
6047,123362,Light tobacco smoker,مدخن خفيف
6048,,Likewise Laterality is not relevant in this context and can be left Unassigned,
6049,,"Limburgish, Limburgan, Limburger",
6050,123363,Limit Of Events,حدود الأحداث
6051,,Limit service provider selection according to the facility of the logged-in user.,
6052,,Limited Exam,
6053,,Limited HPI,
6054,123364,Limits,حدود
6055,,Line,
6056,,Line Items Only,
6057,,Lingala,
6058,123365,Link,وصلة
6059,123366,Link To Patient,وصلة للمريض
6060,,Link to Referential CDS,
6061,,Link/Add Issues (Injuries/Medical/Allergy) to Current Visit,
6062,123367,Linked,تم التوصيل
6063,123368,Linked document,وثيقة موصولة
6064,123369,Linked procedure order,طلب إجراء موصول
6065,123370,linked to document,تم التوصيل للوثيقة
6066,123371,linked to procedure order,تم التوصيل لطلب الإجراء
6067,123372,List,قائمة
6068,123373,List box,صندوق قائمة
6069,123374,list box,صندوق قائمة
6070,123375,list box w/ add,صندوق قائمة مع الزيادة
6071,123376,List box w/add,صندوق قائمة مع الزيادة
6072,,List box w/comment,
6073,,List box w/search,
6074,123377,List Editor,محرر القائمة
6075,123378,List encounters,زيارات القائمة
6076,,List Forms,
6077,123379,List groups,مجموعات القائمة
6078,123380,List Insurance Companies,قائمة شركات التأمين
6079,,List item ID,
6080,123381,List items can not start with a number.,قائمة البنود لا يمكن أن تبدأ برقم
6081,123382,List items contains illegal character(s).,قائمة البنود تحتوي علي احرف غير قانونية
6082,,List layout items,
6083,123383,List lists,قائمة القوائم
6084,,"List modifiers, up to 4 can be listed, each separated by a space or a colon",
6085,123384,List Name,قائمة الإسم
6086,123385,List names cannot start with numbers.,لا يمكن أن تبدأ برقم
6087,,List of ,
6088,,List of health care practitioners,
6089,,List of previous refractions,
6090,,List of previously dispensed Spectacle and Contact Lens Rxs,
6091,123386,List Prescriptions,قائمة الوصفات
6092,123387,List used by above Country Data Type option.,اختيار قائمة بيانات الدولة المستخدمة أعلاه
6093,123388,List used by above State Data Type option.,اختيار قائمة بيانات الولاية المستخدمة أعلاه
6094,123389,Listening port of the RFC 5425 TLS syslog server.,يتم الإستماع الى المنفذ RFC 5425 TLS
6095,,Listing an ICD10 code will let you search for educational material for that particular code ,
6096,123390,Lists,قوائم
6097,,Lists (lists),
6098,123391,Lithuanian,لثواني
6099,123392,Living Will,حب الحياة
6100,,LI{{Laser Interferometry Acuity}},
6101,,LI{{Laser Interferometry}},
6102,,LI{{left iris}},
6103,,LK{{left cornea}},
6104,123393,LLL:,LLL:
6105,,LLL{{left lower eyelid}},
6106,,LL{{left iris}},
6107,,LL{{left lens}},
6108,,LMAC{{left macula}},
6109,,LMC{{left medial chathus}},
6110,123394,LMP,اخر دورة شهرية
6111,123395,Load Compendium,حمّل الخلاصة
6112,123396,Load Definitions,حمّل التعريفات
6113,,Load from CSV,
6114,,Load Lab Compendium,
6115,123397,Load Lab Configuration,حمّل إعدادات المختير
6116,123398,Load OE Question Options,حمّل إختيارات الأسئلة OE
6117,123399,Load Order Definitions,حمّل تعريفات الأوامر
6118,123400,Load Order Entry Questions,حمّل أسئلة ترتيب الإدخال
6119,,LOAD SUCCESSFUL. Codes inserted,
6120,,Loading,
6121,123401,LOADING,جاري التحميل
6122,,Loading data,
6123,,Loading more results,
6124,,Loading prior image,
6125,123402,Loading the files into the database. This will take some time...,جاري تحميل الملفات الي قاعدة البيانات. سيأخذ هذا بعض الوقت...
6126,,Loading... Please wait,
6127,,LOBI Insurers Report,
6128,123403,LOC,الموقع
6129,123404,Local,محلي
6130,,Local Content,
6131,,Local Filesystem,
6132,,Local Filesystem will store the order as a HL7v2.3 message in a predefined location in the local server hosting openEMR,
6133,123405,Locale,موضع
6134,123406,Locality,بيئة
6135,123407,Location,الموقع
6136,123408,"location of the openemr machine and may contain sensitive data, so it is recommended to manually delete the files after its use",موقع حاسوب البرنامج و يمكن أن تحتوي علي معلومات حساسة و لذلك ينصح بحذفها يدوياَ بعد الإستخدام
6137,123409,Location of this lot,موقع هذة البضاعة
6138,123410,Location unspecified,لم يتم تحيدي الموقع
6139,123411,Location where Hylafax stores faxes.,موقع تخزين Hylafax للفاكس
6140,123412,Location where scans are stored.,موقع تخزين المسح الضوئي
6141,123413,Location:,الموقع:
6142,123414,Lock,قفل
6143,,Lock an e-signed form individually,
6144,,Lock e-signed encounters and their forms,
6145,,Lock?,
6146,,Locked,
6147,,Locked Payment Pending,
6148,,Log all NewCrop eRx Requests and / or Responses.,
6149,,Log entire document,
6150,123415,Log In,تسجيل الدخول
6151,123416,Log in,تسجيل الدخول
6152,,Log In Name is unavailable. Try again!,
6153,,Log is cleared. Please close window.,
6154,123417,Log Out,تسجيل خروج
6155,,Log Types,
6156,,Log was already empty. Please close window.,
6157,123418,Logged in,تم الدخول
6158,123419,Logged in as,تسجيل الدخول كـ
6159,123420,Logged in as: ,تسجيل الدخول كــ :
6160,,"Logged in User if provider, otherwise Current Provider",
6161,123421,Logged out.,تم الخروج
6162,123422,Logging,يتم الدخول
6163,123423,Login,الولوج
6164,123424,login,الولوج
6165,,Login - details are only required if you are connecting to a facility using the SFTP protocol ,
6166,,Login Into Facility,
6167,,Login name of WordPress user for portal access,
6168,,Login Page Layout,
6169,,Login Page Tagline,
6170,123425,Login to remote host,الولوج الي المستضيف القاصي
6171,123426,Login to this remote host failed,فشل الولوج الي المستضيف القاصي
6172,,Login Trusted Email,
6173,,Login User Name,
6174,,Login with your user id and password and it will automatically authenticate you,
6175,123427,Logout,الخروج
6176,123428,logout,الخروج
6177,123429,Logs,السجلات
6178,123430,Logs Viewer,متصفح السجلات
6179,,LOINC,
6180,,LOINC Code,
6181,,"LOINC, rhymes with oink, is a database and universal standard for identifying medical laboratory observations",
6182,,Look back one drawing,
6183,123431,Look Up,البحث عن
6184,123432,Lot,بضاعة بالجملة
6185,123433,Lot ID missing!,رقم هوية بضاعة بالجملة مفقود
6186,123434,Lot Number,رقم بضاعة بالجملة
6187,,Lots,
6188,123435,Low,منخفض
6189,123436,Low Priority,ذا اهمية منخفضة
6190,123437,Lower leg,الرجل السفلي
6191,,Lower Lids,
6192,123438,Lowest Priority,اقل أهمية
6193,,Low{{Priority}},
6194,,LP{{left peripheral retina}},
6195,,LT{{lens thickness}},
6196,,Luba-Katanga,
6197,,Luhn,
6198,,LUL{{left upper eyelid}},
6199,123439,Lumbar spine,الفقرات القطنية
6200,123440,LUNCH,وجبة الغداء
6201,123441,Lunch,وجبة الغداء
6202,123442,Lung Cancer,سرطان الرئة
6203,123443,Lung Cancer Surgery,جراحة لسرطان الرئة
6204,123444,LUNGS:,الرئتين:
6205,123445,Lungs:,الرئتين:
6206,123446,Lupus,الذئبة
6207,,"Luxembourgish, Letzeburgesch",
6208,,LVIT{{left vitreous}},
6209,,LV{{left vessels}},
6210,,L{{left side}},
6211,,L{{left}},
6212,123447,M,م
6213,123448,MA Category,تصنيف الإجهاض الطبي
6214,123449,MA Client Accepting Abortion,عميل الإجهاض الطبي يقبل الإجهاض
6215,,MA statistical reports.,
6216,,MA Statistics Reporting,
6217,123450,MA Stats,معطيات الإجهاض الطبي
6218,,Macedonian,
6219,,Macula,
6220,,Mail,
6221,,Mail Order,
6222,123451,Mail Sent,تم إرسال البريد
6223,,Mailing Address,
6224,123452,Main,رئيسي
6225,123453,Main Address,العنوان الرئيسي
6226,,Main and API,
6227,,Main Counselors,
6228,,Main Log,
6229,,Main Menu Role,
6230,,Main Provider,
6231,123454,Main Top Pane Screen,النافذة العلوية الرئيسية من الشاشة
6232,,Main Top Pane Screen(Or Default First Tab),
6233,,Mainly Authorize.Net uses two keys,
6234,123455,Maintain active medication allergy list.,أبق على قائمة أدوية الحساسية قيد الإستعمال
6235,123456,Maintain active medication list.,أبق على الأدوية قيد الإستعمال
6236,123457,Maintain an up-to-date problem list of current and active diagnoses.,أبق على قائمة المشاكل للتشخيص الحالي النشط
6237,123458,Make modifications to current categories.,اضافة تعديلات على القوائم الحالية
6238,123459,Make new appointment for,إجراء موعد جديد ل
6239,,Make Payment,
6240,,"Make subsequent fields in the same row, Label = 0 Data = 0 and ensure enough columns are available from previous items to allow space for this new item. Otherwise result could be unpredictable",
6241,123460,"Make sure """,كن متأكداَ
6242,123461,Making batch text files for uploading to Clearing House and will mark as billed,جارى تكوين مجموعة ملفات نصية للرفع الي شركة التأمين و سيتم تصنيفها كمفوترة
6243,,Malagasy,
6244,123462,Malaise:,وعكة-شعور بالضيق
6245,,Malay,
6246,,Malayalam,
6247,123463,Male,ذكر
6248,123464,Male Condoms,واقي ذكري
6249,123465,Male VSC,عقم جراحي اختياري للذكور
6250,,Maltese,
6251,123466,Mammogram,صورة شعاعية للثدي
6252,123467,Manage,أدار
6253,,Manage Hooks,
6254,,Manage Lists,
6255,,Manage Modules,
6256,,Manage modules,
6257,,Manage modules (manage_modules),
6258,,Manage Multi Factor Authentication,
6259,,Manage Templates,
6260,123468,Manage Translations,ادارة الترجمة
6261,123469,Management,أدارة
6262,,Manager,
6263,,Mandatory,
6264,123470,Mandatory and specified fields,اجباري وحقول محددة
6265,123471,"Mandatory or specified fields only, dup check, no search","اجباري او حقول محددة, اعادة تأكد بدون بحث"
6266,123472,"Mandatory or specified fields only, search and dup check","اجباري او حقول محددة, بحث و اعادة تأكيد"
6267,,"Mandatory or specified fields only, use patient validation Zend module",
6268,,Manifest (Dry) Refraction,
6269,123473,Manual,دليل الإستخدام
6270,,Manual eREQ,
6271,123474,Manual Posting,إرسال يدوي
6272,,Manual Processing Required,
6273,,Manually retrieve description on Fee Sheet,
6274,,Manually type into the New DX box above.,
6275,123475,Manufacturer,مُصنّع
6276,,Manufacturing Date,
6277,,Manx,
6278,,Many code items have a lookup/hint.,
6279,,Many companies block operations with USB ports on corporate computers,
6280,,Many of the LOINC codes can be used for both tests and their results,
6281,,Maori,
6282,123476,Mar,مارس/اذار
6283,,Marathi,
6284,,Marathi (Marathi),
6285,,Marathi (Marāṭhī),
6286,123477,March,مارس/اذار
6287,,Marginal Reflex Distance,
6288,,Marital,
6289,123478,Marital Status,الحالة الشخصية
6290,,Mark all as read,
6291,,Mark as Billed,
6292,123479,Mark as billed but skip billing,ضع علامة الفوترة لكن لا تفوتر
6293,123480,Mark as Cleared,ضع علامة كخالص
6294,123481,Mark as not billed,ضع علامة كعدم مفوتر
6295,,Mark as Unique,
6296,,Mark Message as Completed,
6297,,Mark Note as Completed,
6298,123482,Mark these reports as reviewed,ضع علامة كمقروء على التقارير
6299,123483,Marked as cleared,ضع علامة كخالص
6300,123484,Married,متزوج
6301,,Marshallese,
6302,123485,Mask,أخفي
6303,123486,Mask for Invoice Numbers,أخفي أرقام الإيصال
6304,123487,Mask for Patient IDs,أخفي رقم هوية المريض
6305,123488,Mask for Product IDs,أخفي رقم هوية المنتج
6306,,Mass Immunization Center,
6307,123489,Match,وفق
6308,123490,Match case,وفق الحالة
6309,123491,Match Found,وجدت الحاله
6310,,Match Patient,
6311,,Matched Patient,
6312,,Matching for Patient,
6313,,MaternalAunt,
6314,,MaternalCousin,
6315,,MaternalGrandparent,
6316,,MaternalGreatgrandparent,
6317,,MaternalUncle,
6318,,Matrix,
6319,,max,
6320,123492,Max,الأقصي
6321,,Max 255 characters,
6322,,max file count reached,
6323,123493,max file count reached - reload names below,تم التوصل الي أقصي حد للملفات - قم بإعادة الأسماء ادناه
6324,,Max number of results to process at a time per Lab,
6325,,Max Size,
6326,123494,Maxillary Right:,الفَكِّ العُلْوِيِّ‎ الأيمن
6327,123495,Maximum Age,الحد الأقصى للعمر
6328,123496,Maximum characters,الحد الأقصى للرموز
6329,,Maximum Failed Login Attempts,
6330,,Maximum Failed Login Attempts (0 for no maximum).,
6331,,Maximum idle time in seconds before logout. Default is 1800 (30 minutes).,
6332,123497,Maximum idle time in seconds before logout. Default is 7200 (2 hours).,وقت الخمول الأقصي المسموح به قبل الخروج.الحد الافتراضي هو 7200 (ساعتين)
6333,,Maximum length of password (Recommend using the default value of 72 unless you know what you are doing).,
6334,,Maximum number of times a Patient can be tested in a year,
6335,,Maximum number of times a Patient can be tested in a year. Zero is no limit.,
6336,,Maximum Password Length,
6337,123498,"Maximum reasonable inventory, 0 if not applicable","الحد الأقصي للجرد, 0 لو قابل للتطبيق"
6338,123499,Maximum Size,المقاس الأقصى المسموح به
6339,123500,Maximum Size (entering 0 will allow any size),المقاس الأقصى المسموح به (إدخال صفر سيسمح بأي مقاس)
6340,,Maximum size of thumbnail file,
6341,123501,May,مايو/أيار
6342,,MBO ,
6343,123502,MC,ميكرو
6344,123503,mcg,ميكروجرام
6345,,MDM Document Category Name,
6346,123504,Means none of last three passwords are allowed when changing a password.,يعني ان أياَ من كلمات السر الثلاثة السابقة غير مسموح بها
6347,,Measure Blood Pressure,
6348,123505,Measure Group Code,قياس رمز المجموعة
6349,,Measure INR,
6350,123506,Measurement,قياسات
6351,,Measurement Units,
6352,,"MedEx automates Appointment Reminders and Recalls using phone calls, text messages and e-mails",
6353,,MedEx Communication Service,
6354,,MedEx needs a valid mobile number to send SMS messages...,
6355,,MedEx Setup,
6356,,Medial Canthi,
6357,123507,Medial malleolus:,الكَعْبُ الإِنْسِيّ
6358,123508,Medicaid,ميديكايد
6359,,Medicaid Original Reference No.,
6360,123509,Medical,طبي
6361,123510,Medical Abortion,إجهاض الطبي
6362,123511,Medical Administration,الأدارة الطبية
6363,,Medical Dashboard,
6364,,Medical Dashboard Help,
6365,123512,Medical History,التاريخ الطبي
6366,123513,Medical Issue,مشكلة طبية
6367,123514,Medical issue,مشكلة طبية
6368,,Medical Issues,
6369,,Medical prescription,
6370,123515,Medical Problem,المشكلة المرضية
6371,123516,Medical problem,المشكلة المرضية
6372,123517,Medical Problem Issue List,قائمة المشاكل الطبية
6373,123518,Medical Problems,المشاكل الطبية
6374,,"Medical Problems - will show the patient's medical issues, Issues > Medical Problems",
6375,123519,Medical Record,الملف الطبي
6376,123520,Medical Record #,رقم الملف الطبي
6377,,Medical Record Dashboard,
6378,123521,Medical Records,الملفات الطبية
6379,,"Medical Records and History (write,addonly optional) (med)",
6380,123522,Medical Records Sent,تم إرسال الملفات الطبية
6381,,Medical Specialty,
6382,123523,Medical Summary Given,تم إعطاء ملخص عن الحالة الطبية
6383,123524,Medical System,النظام الطبي
6384,123525,Medical Type,النوع الطبي
6385,123526,"Medical/History (write,addonly optional)",التاريخ/الطبي (اكتب، اﻹضافه اختيارية)
6386,,"Medical/History (write,addonly optional) (med)",
6387,123527,Medicare Part B,ميديكير الجزء الثانى
6388,123528,Medicare Referrer Is Renderer,المحول لميديكير هو المخلص
6389,123529,Medication,الأدوية
6390,123530,Medication Allergy List,قائمة الحساسية من الأدوية
6391,,Medication Dosage Instructions,
6392,123531,Medication Issue List,قائمة المشاكل من الأدوية
6393,123532,Medication List,قائمة الأدوية
6394,123533,Medication Reconciliation Performed?,مراجعة الأدوية مع الأوامر العلاجية والمريض
6395,,Medication Request Intent,
6396,,Medication Usage,
6397,123534,Medications,الأدوية
6398,,Medications - lists the medications under Issues > Medications. If eRx is enabled the medication list has to be entered on the eRx page,
6399,,Medications Allergy List,
6400,123535,Medications:,الأدوية:
6401,123536,Medicine Units,وحدات الدواء
6402,123537,Medium,متوسط
6403,,Medium{{Priority}},
6404,,MedlinePlus Connect,
6405,,med{{medial}},
6406,123538,Member Association Statistics Report,تقرير إحصائى عن متعلقات العضو
6407,,Member Id,
6408,123539,Memory Problems,مشكلة في الذاكرة
6409,123540,Men,رجال
6410,123541,Men and Women,رجال ونساء
6411,123542,Men Only,رجال فقط
6412,123543,Menarche,بَدْءُ الإِحَاضَة‎
6413,123544,Menopause,إنقطاع الطمث
6414,123545,Menstrual Flow,الدورة الشهرية
6415,123546,Menstrual Frequency,تكرار الطمث
6416,123547,Mental Illness,اضْطِرابٌ نَفْسِي‎
6417,,Mental Status,
6418,,Menu,
6419,,Menu (menu),
6420,,Menu Text,
6421,,Menus,
6422,,Menus (menus),
6423,123548,Merge,دمج
6424,,Merge and Discard,
6425,,Merge and Keep,
6426,123549,Merge complete.,إكتمال الدمج
6427,123550,Merge Patients,دمج المرضى
6428,,Merge to any patient,
6429,123551,Message,رسالة-خطاب
6430,123552,Message and Reminder Center,مركز الرسائل والتنبيهات
6431,,Message Center,
6432,,Message Center Help,
6433,123553,Message content is not plain text so it has been stored as a document.,محتويات الرسالة ليست خطيه بسيطة و لذلك تم تخزينها كوثيقة
6434,,Message from patient,
6435,,Message List,
6436,,Message Log,
6437,123554,Message Sent,تم إرسال الرسالة
6438,123555,Message Status,حالة الرسالة
6439,,Message Title,
6440,,Message to patient,
6441,,Message to Reviewer,
6442,123556,Message type,نوعية الرسالة
6443,123557,MESSAGE:,الرسالة:
6444,123558,Messages,الرسائل
6445,,Messages - due date,
6446,,Messages Screen,
6447,123559,Messages You have sent Today,الرسائل المرسلة اليوم
6448,,"Messages, Reminders",
6449,,"Messages, Reminders, Recalls",
6450,,Messaging,
6451,123560,Method,الطريقة
6452,123561,Method and Specific Product,الطريقة ومنتج معين
6453,,Method Change at this Clinic,
6454,123562,Method for sending outgoing email.,طريقة إرسال ايميل
6455,123563,Method of Destruction,طريقة اﻻتلاف
6456,123564,Mexican/MexAmer/Chicano,مكسيكي/ميكسيكي امريكى
6457,,Mexico,
6458,,MFA,
6459,,MFA Authorization,
6460,,MFA Manaagement,
6461,,MFA Management,
6462,,MFA Verification,
6463,123565,mg,ملى جرام
6464,123566,mg/1cc,ملى جرام لكل 1 سى سى
6465,123567,mg/2cc,ملى جرام لكل 2 سى سى
6466,123568,mg/3cc,ملى جرام لكل 3 سى سى
6467,123569,mg/4cc,ملى جرام لكل 4 سى سى
6468,123570,mg/5cc,ملى جرام لكل 5 سى سى
6469,123571,MG/DL,ملى جرام/ ديسى ليتر
6470,,mid,
6471,123572,Middle,أوسط
6472,123573,Middle Name,الأسم الأوسط
6473,123574,Middle name,الأسم الأوسط
6474,,Middle{{Name}},
6475,,Midlevel Prescriber,
6476,123575,Midlevel Prescriber DEA,واصف دوائي مخدر متوسط المستوي
6477,123576,Midlevel Prescriber First name,الإسم الأول للواصف الدوائي متوسط المستوي
6478,123577,Midlevel Prescriber Last name,الإسم الأخير للواصف الدوائي متوسط المستوي
6479,,Midlevel Prescriber NPI,
6480,123578,Midlevel Prescriber Prefix,بادئة الواصف الدوائي متوسط المستوي
6481,123579,Midlevel Prescriber UPIN,رقم ممارسه المهنة العالمي للواصف الدوائي متوسط المستوي
6482,,Mid{{Middle Distance Add}},
6483,,Mid{{middle Rx strength}},
6484,,Mid{{Middle segment in a trifocal glasses prescription}},
6485,,mid{{middle}},
6486,123580,Mien,المظهر
6487,123581,Migrant or seasonal worker?,مهاجر او عامل موسمى؟
6488,,Migrant Seasonal,
6489,123582,Migrant/Seasonal,مهاجر / موسمى
6490,123583,Mil/CU.MM,مليون لكل مم مربع
6491,,Mild,
6492,,Mild anxiety disorder,
6493,,Mild to moderate,
6494,,Military Treatment Facility,
6495,,MIME Type,
6496,123584,MimeType,MimeType
6497,123585,Min,اﻻقل
6498,123586,min,اﻻقل
6499,,"Min length is 8 with upper,lowercase,numbers mix",
6500,,Min/Max Inventory as Months,
6501,,Min/max inventory is expressed as months of supply instead of units,
6502,,Mini,
6503,,Minimal Logging,
6504,,Minimize this panel,
6505,123587,Minimum Age,أقل سن
6506,,Minimum length of password.,
6507,,Minimum Password Length,
6508,123588,Minor joint strain +/- synovitis,اجهاد مفصل طفيف +/- التهاب زﻻلي
6509,,minute,
6510,123589,Minute,دقيقة
6511,123590,Minutes,دقائق
6512,123591,minutes,دقائق
6513,,Mirth IP,
6514,123592,Misc,متنوع
6515,123593,Misc Billing Options,إختيارات فوترة متنوعة
6516,123594,Misc Billing Options for HCFA-1500,إختيارات فوترة متنوعة HCFA-1500
6517,123595,Misc Billing Options HCFA,إختيارات فوترة متنوعة HCFA
6518,123596,Miscellaneous,متنوع
6519,,Miscellaneous Billing Options for HCFA-1500,
6520,123597,Missed,لم يتم إدراكه
6521,123598,missing,مفقود
6522,123599,Missing a required field,حقل مطلوب ناقص
6523,,Missing a required field and will be highlighted,
6524,,Missing email config record,
6525,123600,Missing Fee,مصروفات مفقودة
6526,,Missing Identifying Code,
6527,,"Missing information, so aborting credit/void.",
6528,,Missing Insurance Payer Id,
6529,123601,Missing Mods Only,مفقودى الإداريين فقط
6530,123602,Missing or Invalid,مفقود او غير صالح
6531,,Missing Patient ID,
6532,123603,Missing PID.,رقم الهوية الشخصية مفقود
6533,123604,Missing report date,تاريخ التقرير مفقود
6534,123605,Missing slash after payer in source for code ,رمز الشرطه مفقود بعد الدافع فى الكود الأصلي
6535,,Missing SMS config record,
6536,,Missing Subscriber Policy Number or DOB,
6537,,Missing Title,
6538,,Missing user credentials,
6539,,Missing/invalid notification id,
6540,123606,Mixed,مخلط
6541,,mL,
6542,123607,ml,مل
6543,123608,MM/DD/YYYY,شهر/يوم/سنة
6544,123609,mm/hg,مم من الزئبق
6545,123610,mmHg,مم زئبقي
6546,123611,MMR 1,"تطعيم الحصبة, الحصبة الألمانية و النكاف 1"
6547,123612,MMR 2,"تطعيم الحصبة, الحصبة الألمانية و النكاف 2"
6548,,mm{{millimeters}},
6549,123613,Mobile,متحرك
6550,123614,Mobile Phone,هاتف نقال
6551,,Mobile phones,
6552,,Mobile phones are ubiquitous and are generally easily accessible by any user,
6553,,Mobile Unit,
6554,123615,Mod,مدير
6555,,Mod Date,
6556,,Mode - Do Not Show SQL Queries,
6557,,Moderate,
6558,123616,Moderate Priority,أهمية متوسطة
6559,,Moderate to severe,
6560,123617,Moderate/Low Priority,أهمية متوسطة الي قليلة
6561,,Modern/images,
6562,123618,Modifier,محّور
6563,,"Modifier 22: Increased Procedural Services: When the work required to provide a service is substantially greater than typically required, it may be identified by adding modifier 22 to the usual procedure code.",
6564,,Modifier 24: Unrelated Evaluation and Management Service by the Same Physician During a Postoperative Period,
6565,,"Modifier 25: Significant, separately identifiable evaluation and management (E/M) service by the same physician on the day of a procedure or other service",
6566,,Modifier 57: Indicates an Evaluation and Management (E/M) service resulted in the initial decision to perform surgery either the day before a major surgery (90 day global) or the day of a major surgery.,
6567,,Modifier(s),
6568,123619,Modifiers,محّورات
6569,123620,Modify,يحّور
6570,,Modify Date,
6571,,Modify Patient Form,
6572,123621,Modify Payments,يحّور المدفوعات
6573,,Modifying,
6574,123622,ModLength,ModLength
6575,,Module,
6576,,Module Directory not found,
6577,,Module Installer,
6578,,Module Name,
6579,,Module name already exist,
6580,,Modules,
6581,,Modules (modle),
6582,123623,Mon,الأثنين
6583,123624,Mon thru Fri,الأثنين الي الجمعه
6584,123625,"Mon, Wed &amp; Fri",الأثنين الأربعاء و الجمعه
6585,123626,Monday,الأثنين
6586,123627,Mongolian,منغولي
6587,,Monocular Pupillary Diameter - Distance,
6588,,Monocular Pupillary Diameter - Near,
6589,123628,month,شهر
6590,123629,Month,شهر
6591,123630,Month View,رؤية الشهر
6592,123631,Month(s),الأشهر
6593,123632,Monthly Income,الدخل الشهري
6594,,months,
6595,123633,Months,اشهر
6596,,months ago,
6597,,Mood/Affect Nml{{Mood and affect normal}},
6598,,More Actions,
6599,,More appointments may exist,
6600,,More information about Clinical Decision Rule can be found here,
6601,,More information about Issues can be found here,
6602,,More information about what phiMail is and how to set it up is available here,
6603,,More information available at the openEMR MedEx wiki page,
6604,,More information on how to edit this form and other such forms can be found here,
6605,,More information on the use of phiMail messages is available here,
6606,,More options,
6607,,More than,
6608,123634,More than 100 records found. Please narrow your search criteria.,تم العثور على اكثر من 100 ملف. الرجاء تحديد خصائص البحث اكثر
6609,,More than 1000 records found. Please narrow your search criteria.,
6610,123635,"More than 50 results, please make your search more specific.",تم العثور على اكثر من 50 ملف. الرجاء تحديد خصائص البحث اكثر
6611,,More than half of days,
6612,,More than half the days,
6613,,More than one appointment was found,
6614,,Moreover there is a recurring cost incurred in sending the text messages,
6615,,Most activities in relation to a patient are based on an encounter,
6616,123636,Most column headers can be clicked to change sort order,معظم رؤوس الأعمدة يمكنك الظغط عليها لتغيير ترتيب العرض
6617,,Most often this is due to a Username/Password mismatch,
6618,123637,Most recent from,الأحدث من
6619,,Most recent lab data:,
6620,,Most recent visit,
6621,123638,Most recent vitals from:,اخر تحديث للعلامات الحيوية من:
6622,,Mother,
6623,123639,Mother's Name,أسم الأم
6624,,Mothers History,
6625,,Mothers Name,
6626,,Motility,
6627,123640,Mouth,فم
6628,123641,Move,أنقل
6629,123642,Move Document to Category:,نقل الوثيقة الى القائمة
6630,123643,Move Down,أنقل الى الأسفل
6631,123644,Move failed!,فشل النقل
6632,,Move the individual items from 'Active' to 'Inactive' or vice-versa by selecting the items and pressing the relevant button with the double chevron.,
6633,123645,Move to Patient,أنقل الى المريض
6634,,Move to Patient PID,
6635,123646,Move to...,أنقل الى
6636,123647,Move Up,أنقل الى اعلى
6637,123648,Moving,يتم النقل
6638,,Mo{{Monday}},
6639,,MPD-D{{abbreviation for Monocular Pupillary Diameter - Distance}},
6640,,MPD-N{{abbreviation for Monocular Pupillary Diameter - Near}},
6641,,MR (Dry),
6642,123649,Mr.,السيد
6643,,MRD{{marginal reflex distance}},
6644,,MRI Safety Status,
6645,123650,MRN (pid),رقم السجّل الصحي
6646,,MRN Reference,
6647,,MRNear{{Manifest Near Acuity}},
6648,,MRNear{{manifest refraction near}},
6649,123651,Mrs.,السيدة
6650,,MR{{Manifest Refraction}},
6651,123652,Ms.,اﻻنسة
6652,123653,MSH-11,علوم الإدارة الصحية 11
6653,123654,MSH-3.1,علوم الإدارة الصحية 3.1
6654,123655,MSH-4.1,علوم الإدارة الصحية 4.1
6655,123656,MSH-5.1,علوم الإدارة الصحية 5.1
6656,123657,MSH-6.1,علوم الإدارة الصحية 6.1
6657,,MSH.8 message type is not supported,
6658,,MSH.8 message type is not valid,
6659,,MSI (requires LBFmsivd form),
6660,,MSP,
6661,123658,MSP Code,رمز خطة الرعاية الصحّية
6662,123659,MSP Remit Codes,رمز إسترجاع تأمين خطة الرعاية الصحّية
6663,,Multi Factor Authorization - MFA has been increasingly used to authenticate a user without making the process of authentication too onerous,
6664,,Multi Factor Authorization Help,
6665,123660,Multi Language Tool,أداة متعددة اللغات
6666,,Multi Select Patients or All Patients using toolbar Location,
6667,,Multi-select desired DX(s) and click the,
6668,,Multi-Select Facilties,
6669,,Multi-Select Provider,
6670,123661,Multiple areas,عدة مناطق
6671,,Multiple DataBase,
6672,123662,Multiple files can be uploaded at one time by selecting them using CTRL+Click or SHIFT+Click.,بإمكان ترفيع عدة ملفات بنفس الوقت وذلك بإختارهم مستخدما CTRL+Click او SHIFT+Click.
6673,123663,Multiple Lots,بضاعة جمله متعددة
6674,123664,"Multiple modifiers can be separated by colons or spaces, maximum of 4 (M1:M2:M3:M4)","بإمكانك الفصل بين أدوات التحوير بفواصل او مسافات, اربع علي اﻷكثر (M1:M2:M3:M4)"
6675,,Multiple Select List,
6676,,Multipledb,
6677,,Multipledb (multipledb),
6678,123665,Multiracial,متعدد الأعراق
6679,123666,Murmur:,نَفْخَة:
6680,123667,Musc Ache,ألم العضلة
6681,123668,Musc Aches,ألام عضلية
6682,123669,Musc Redness,احمرار العضلة
6683,123670,Musc Stiffness,تصلب العضلة
6684,123671,Musc Swelling,تورم العضلة
6685,123672,Musc Warm,سخونه العضلة
6686,123673,Muscle,عضلة
6687,123674,Muscle injury,إصابة عضلية
6688,123675,Musculoskeletal,عضلي هيكلي
6689,,Musculo{{musculoskeletal}},
6690,,Must be 12 to 80 characters,
6691,,Must be current email address on file.,
6692,123676,Must be empty if SMTP authentication is not used.,يجب ان يكون خاليا اذا لم تستخدم التأكد من SMTP
6693,,Must be future date,
6694,,Must choose at least one day!,
6695,,Must have an encounter to take credit card payment.,
6696,123677,Mutually Defined,معّرف بالإجماع
6697,123678,MVA,اﻹجهاض بالشفط اليدوي
6698,,MVX Code,
6699,,My Appointments,
6700,,My Dashboard,
6701,,My default facility,
6702,,My Default Values,
6703,,My Documents,
6704,,My Health,
6705,,My Messages,
6706,,My Profile,
6707,,My Signature,
6708,,My Term,
6709,123679,Myself,أنا
6710,,M{{Monday}},
6711,,Māori,
6712,,N.B.{{Nota bene}},
6713,123680,N/A,غير متاح
6714,123681,n/a,غير متاح
6715,,N/A{{not applicable}},
6716,123682,Name,الأسم
6717,,NAME,
6718,123683,Name (click for more),الأسم ( اضغط لرؤية المزيد )
6719,,Name (GMDN PT Name),
6720,,Name - Select a provider name from the drop-down list,
6721,123684,Name 1,الأسم 1
6722,123685,Name 2,الأسم 2
6723,123686,Name and Title of Immunization Administrator,اسم و توصيف مدير التطعيمات
6724,,"Name for this Category, Procedure or Result",
6725,,Name in EMR,
6726,,"Name must be like codetype_code_language.pdf, for example icd9_274.11_en.pdf",
6727,123687,Name of Events,أسماء الأحداث
6728,123688,Name of insurance company,أسم شركة التأمين
6729,123689,Name of Provider,أسم مقدم الخدمة
6730,123690,Name of the sender for patient reminders.,أسم مرسل التنبيهات للمريض
6731,,Name of the Surgeon,
6732,,Name of zend template for html print,
6733,,"Name of zend template for html print, possible to add custom template in the PrescriptionTemplate module",
6734,,Name of zend template for pdf export,
6735,,"Name of zend template for pdf export, possible to add custom template in the PrescriptionTemplate module",
6736,,Name on Card,
6737,123691,Name Translation,ترجمة الأسم
6738,,Name/Username,
6739,123692,Name/Value,الأسم-القيمة
6740,123693,Name:,الأسم :
6741,,Names,
6742,,Namespace,
6743,,Narcotic drugs imported,
6744,123694,NARES:,فتحة اﻷنف:
6745,123695,NARES: Normal Right,فتحة اﻷنف: اليمني طبيعية
6746,,Narrative,
6747,,nasal,
6748,123696,"Nasal mucosa pink, septum midline",الغشاء المخاطي للأنف وردي اللون و الحاجز فى المنتصف
6749,123697,Nation Notes,ملاحظات اﻷمة
6750,,Nation Notes (nationnotes),
6751,,Nation Notes (nn_configure),
6752,123698,Nation Notes Configure,تهيئة ملاحظات اﻷمة
6753,123699,Nation Notes Replace Buttons,إبدال أزرار ملاحظات اﻷمة
6754,123700,Nationality,الجنسية
6755,123701,NationNotes,ملاحظات اﻷمة
6756,,Native Data Loads,
6757,123702,Native Hawaiian or Other Pacific Islander,من هاواي او من سكان جزر المحيط الهادئ
6758,,Natural Child,
6759,,Natural child,
6760,,Natural Parent,
6761,,Natural Sibling,
6762,,Nauru,
6763,123703,Nausea,إشمئزاز
6764,,Nav Bar,
6765,,"Navajo, Navaho",
6766,123704,Navigation,إبحار
6767,123705,Navigation area includes encounter forms,منطقة الإبحار تشمل طلبات الزيارة
6768,123706,Navigation area uses full height of frameset,منطقة الإبحار تستخدم الطول الكامل لهيكل الإطار
6769,123707,Navigation Area Visit Forms,منطقة إبحار طلبات الزيارة
6770,123708,Navigation Area Width,عرض منطقة الإبحار
6771,,Navigation Area Width for Frames,
6772,123709,Navigation menu consists of pairs of radio buttons,قائمة الإبحار تتكون من ازواج لأزرار الراديو
6773,123710,Navigation menu is a tree view,قائمة الإبحار هي منظر شجري
6774,123711,Navigation uses a sliding menu,الإبحار يستخدم قائمة منزلقة
6775,,NCI CONCEPT ID,
6776,,NCOM{{Neuro comments}},
6777,,NCPDP,
6778,123712,NDC,رمز الدواء الوطني
6779,123713,NDC Data,بيانات رمز الدواء الوطني
6780,123714,NDC Number,رقم رمز الدواء الوطني
6781,,Ndonga,
6782,,Near,
6783,,Near Acuity AutoRefraction,
6784,,Near Acuity Manifest Refraction,
6785,,Near Acuity with Autorefraction,
6786,,Near Acuity with Correction,
6787,,Near Acuity with Manifest (Dry) refraction,
6788,,Near Acuity without Correction,
6789,,Near Point of Accomodation,
6790,,Near Point of Convergence,
6791,,Nearly every day,
6792,,Necessary Medical Equipment,
6793,123715,Neck,رقبة
6794,123716,Neck Problems,مشاكل الرقبة
6795,123717,Neck supple,ليونة الرقبة
6796,,Need more than one drug.,
6797,123718,Need to enter a description,تحتاج لإدخال وصف
6798,123719,Need to enter a Return Value,تحتاج لإدخال قيمة رجعية
6799,123720,Need to enter identifier,تحتاج لإدخال معرّف
6800,123721,Need to enter title,تحتاج لإدخال عنوان
6801,,need to logout/login after changing these settings,
6802,,Needs a Smartphone,
6803,123722,Needs Auth,تحتاج لتصريح
6804,123723,Needs Justify,تحتاج لتعديل الحواف
6805,123724,Needs secondary billing,تحتاج لفوترة ثانوية
6806,,Neg/Nrml,
6807,123725,Negative,سلبي
6808,,Negative payments not accepted,
6809,123726,Negatives,سلبيات
6810,,Neg{{negative}},
6811,,Neighbor,
6812,,Neo 10%,
6813,,Neo 2.5%,
6814,,Nepali,
6815,123727,Nerve injury,إصابة عصب
6816,,NetSuite Reports,
6817,,Network Indicator,
6818,123728,Neural condition / nerve damage,حالة عصبية / تلف عصبي
6819,,Neuro,
6820,123729,Neuro Numbness,تخدر الأعصاب
6821,123730,Neuro Weakness,وهن عصبي
6822,,Neuro-physiology,
6823,,Neuro/Phys Exam Default Values,
6824,123731,Neurologic,عصبي
6825,,Neurology,
6826,,Neuro{{neurologic}},
6827,,NEURO{{Neurology}},
6828,123732,Never,ابدا
6829,123733,Never Alcohol,لم يشرب الكحول أبداٌ
6830,123734,Never smoker,لم يدخن ابدا
6831,123735,New,جديد
6832,123736,New =>,جديد =>
6833,,New Acceptor Policy,
6834,123737,New Acceptors,مستقبلين جدد
6835,,New Alerts,
6836,123738,New Allergy,حساسية جديدة
6837,,New amendment request,
6838,123739,New Appointment,موعد جديد
6839,123740,New Categories,اصناف جديدة
6840,123741,New Category,صنف جديد
6841,123742,New Clients,عملاء جدد
6842,123743,New Consultation,إستشارة جديدة
6843,123744,New Crop,حصاد جديد
6844,123745,New Definition set added,تمت إضافة مجموعة تعريف جديدة
6845,123746,New Document,ملف جديد
6846,123747,New Documents,ملفات جدد
6847,,New Due Clinical Reminders,
6848,,New Dx{{new diagnosis}},
6849,123748,New Encounter,زيارة جديدة
6850,123749,New encounter created with id,تم تكوين زيارة جديدة برقم الهوية
6851,123750,New Encounter Form,استمارة زيارة جديدة
6852,123751,New encounters not authorized,الزيارات الجديدة لم تعتمد
6853,123752,New Enctr,زيارة جديدة
6854,123753,New Facility Information,معلومات منشأة جديدة
6855,123754,New file,ملف جديد
6856,123755,New Files,ملفات جدد
6857,,New form validation,
6858,123756,New Group,مجموعة جديدة
6859,,New group encounter created with id,
6860,,New Group Encounter Form,
6861,123757,New Group Information,معلومات مجموعة جديدة
6862,,New group was saved successfully,
6863,,New Immunization Record,
6864,,New in ACL Ver 4,
6865,,New in ACL Ver 5,
6866,,New in ACL Ver 6,
6867,,New in ACL Ver 7,
6868,,New in ACL Ver 8,
6869,,New in openEMR ver 5.0.2 ,
6870,123758,New Inj/Status,إصابة جديدة
6871,,New Items (see above for details),
6872,,New Layout,
6873,123759,New Limit of Events,الحّد الجديد للأحداث
6874,123760,New List,قائمة جديدة
6875,,New Message,
6876,,new messages,
6877,,new method in contraception form does not match the contraception service,
6878,,New Note,
6879,,New or Current Password,
6880,,New or Current Username,
6881,123761,New Orders,أومر جديدة
6882,123762,New Paragraph,فقرة جديدة
6883,123763,New Password,كلمة سر جديدة
6884,123764,New Patient,مريض جديد
6885,123765,NEW PATIENT,مريض جديد
6886,123766,New Patient Encounter,زيارة مريض جديدة
6887,123767,New Patient Form,نموذج جديد للمريض
6888,123768,New Patient ID,رقم مريض جديد
6889,,New patient registration received from patient portal. Reminder to check for possible new appointment,
6890,,New Patients,
6891,123769,New Payment,دفعة جديدة
6892,,New payment,
6893,,New Portal Login,
6894,,New Procedure Order,
6895,123770,New Pt,مريض جديد
6896,,New Recall,
6897,123771,New results from Lab Exchange,نتائج جديدة من شبكة المختبرات لتبادل النتائج
6898,123772,New Search,بحث جديد
6899,123773,New Submissions,تسليمات جديدة
6900,,New to openEMR 5.0.2,
6901,123774,New User,مستخدم جديد
6902,,New Value,
6903,123775,New Visit,زيارة جديدة
6904,123776,New/Search,جديد/ بحث
6905,123777,NewCrop Account Status,حالة حساب NewCrop
6906,123778,NewCrop Admin,مدير NewCrop
6907,123779,NewCrop call failed,فشل استدعاء NewCrop
6908,123780,NewCrop Doctor,طبيب NewCrop
6909,,NewCrop eRx Account Id,
6910,,NewCrop eRx Account Name,
6911,,NewCrop eRx Debug Setting,
6912,,NewCrop eRx Default Patient Country,
6913,123781,NewCrop eRx Name,اسم NewCrop eRx
6914,123782,NewCrop eRx Partner Name,اسم زميل NewCrop eRx
6915,123783,NewCrop eRx Password,كلمة سر NewCrop eRx
6916,123784,NewCrop eRX Role,دور NewCrop eRx
6917,123785,NewCrop eRx Role,دور NewCrop eRx
6918,123786,NewCrop eRx Site Address,عنوان موقع NewCrop eRx
6919,,NewCrop eRx SOAP Request Time-To-Live for Allergies,
6920,,NewCrop eRx SOAP Request Time-To-Live for Medications,
6921,,NewCrop eRx User Role,
6922,,NewCrop eRx User Role * invalid selection *,
6923,123787,NewCrop eRx Web Service Address,عنوان مساعدة الانترنت NewCrop eRx
6924,123788,NewCrop Manager,مدير NewCrop
6925,123789,NewCrop MedEntry,مدخل طبي NewCrop
6926,123790,NewCrop Midlevel Prescriber,واصف متوسط المستوي NewCrop
6927,123791,NewCrop Nurse,ممرضة NewCrop
6928,123792,NewCrop Supervising Doctor,طبيب مشرف NewCrop
6929,,Newer,
6930,,NewRx,
6931,123793,Newspaper,صحيفة
6932,123794,Next,التالي
6933,,Next Appointment Date,
6934,123795,Next Day,اليوم التالي
6935,,Next Due,
6936,123796,Next Month,الشهر القادم
6937,123797,Next month (hold for menu),الشهر القادم (انتظر للقائمة)
6938,,Next of Kin Relationship,
6939,123798,Next Scheduled Run,التشغيل المؤقت التالي
6940,,Next Visit,
6941,,Next Visit Orders,
6942,123799,Next Week,الأسبوع القادم
6943,123800,Next year (hold for menu),العام القادم (انتظر للقائمة)
6944,,Nick Name,
6945,123801,Nickname,أسم الدلع
6946,,Niece/Nephew,
6947,123802,Night Sweats,تعرق ليلي
6948,,NKDA{{No known drug allergies}},
6949,123803,"Nl ext genitalia, vag mucosa, cervix","ضمن الحدود الطبيعية: الأعضاء التناسلية الخارجية, غشاء المهبل و عنق الرحم"
6950,123804,No,لا
6951,123805,NO,لا
6952,,no,
6953,123806,No access,ممنوع الدخول
6954,,No active access tokens found,
6955,123807,No active patient reminders.,لا يوجد تذكيرات نشطة للمريض
6956,,No active refresh tokens found,
6957,123808,No adenopathy (2 areas required),لا تضخم للغدد (مطلوب منطقتين)
6958,123809,No adjustment reason type found for,لا يوجد سبب للتعديل
6959,123810,No adnexal tenderness/masses,لا الم او كتل متعلق بالمُلْحَقَات
6960,,No alert,
6961,,No amendment requests available,
6962,,No anxiety disorder,
6963,123811,No Appointments,لا يوجد موعد
6964,,No archive files present,
6965,,No Archives,
6966,,No Assessment to Display.,
6967,,No audit log tampering detected in the selected date range.,
6968,,No authorized users found for this client,
6969,,No automatic refresh,
6970,,No available readers.,
6971,123812,No billing system is currently active,لا يوجد نظام فوترة نشط
6972,123813,No Bills Found to Include in OFX Export,لا توجد فواتير لتشمل فى تصدير OFX
6973,123814,No Bills Found to Include in OFX Export<br>,لا توجد فواتير لتشمل فى تصدير OFX
6974,,No Changes Detected,
6975,123815,No code was specified!,لم يتم تعيين رمز!
6976,,No Configuration Defined for this Module,
6977,,No data available in table,
6978,,No Data to Process,
6979,123816,No Diagnosis,لا يوجد تشخيص
6980,,no diagnosis was auto-generated from the clinical findings.,
6981,,No directory for X12 partner ,
6982,,No Documents,
6983,123817,No Documents Found,لم يتم العثور علي الوثائق
6984,123818,No Encounter could be created,لم نستطع إنشاء زيارة جديدة
6985,,No encounter...,
6986,123819,No end date,لا يوجد تاريخ إنتهاء
6987,123820,"No entries found, use the form below to add an entry.","لم يتم العثور علي الإدخالات, إستخدم الطلب أدناة لإضافة إدخال"
6988,123821,No errors found,لم يتم العثور على خطأ
6989,123822,No Events,لا أحداث
6990,,No Fax Number Saved For The Selected Organization,
6991,,No file specified,
6992,123823,No files staged for installation,لا توجد ملفات للتثبيت
6993,,No form selected to order!,
6994,123824,No group was selected,لم يتم إختيار المجموعة
6995,123825,No hernia,لا يوجد فتاق
6996,,No history recorded,
6997,,No Hooks Available in this Module,
6998,,No Hooks enabled for this Module,
6999,123826,No injury/illness,لا يوجد إصابة /مرض
7000,123827,No Insurance Companies Found,لم يتم العثور عى شركة التأمين
7001,,No interactions found,
7002,,No invoices were checked.,
7003,123828,No Issues,لا يوجد مشاكل
7004,123829,No issues in this encounter.,لا يوجد مشاكل في هذه الزياة
7005,123830,No items under selected category,لا بنود تحت التصنيف المختار
7006,123831,No items were selected!,لم يتم اختيار بنود!
7007,,No Known Allergies,
7008,,No Known Clinical Instructions,
7009,,No Known Encounters,
7010,,No Known Immunizations,
7011,,No Known Lab Results,
7012,,No Known Medications,
7013,,No Known Plan of Care,
7014,,No Known Problems,
7015,,No Known Procedures,
7016,,No Known Referrals,
7017,,No Known Social Functional Status,
7018,,No Known Social History,
7019,,No Known Vitals,
7020,,No lab data documented.,
7021,,No Language ID specified,
7022,123832,No log file exist for the selected date,لم يتم العثور عل ملف تسجيل لليوم المختار
7023,,No logging,
7024,,No logs older than 7 days,
7025,123833,"No masses, tenderness",لا تكتلات او اﻻم
7026,123834,No match Patient record found for the given Re Idenitification code,لم يتم العثور علي مريض متطابق لرمز اعادة التعريف
7027,,No matches for,
7028,123835,No matches found. Try search again.,"لم يتم العثور على تطايق,اعد البحث مرة اخرى"
7029,123836,No matches were found.,لم يتم العثور علي نتائج متطابقة
7030,123837,No matches were found. Create the new patient now?,لم يتم العثور علي نتائج متطابقة. كوّن مريض جديد الان؟
7031,123838,No matching records found,لم يتم العثور علي سجلات متطابقة
7032,,No Maximum,
7033,,No member fields found for,
7034,,No method enabled,
7035,,No Minimum,
7036,,No Name,
7037,,No new messages on,
7038,123839,No new results found,لم يتم العثور على نتائج جديدة
7039,123840,No notes,لا ملاحظات
7040,123841,No ogrganomegoly,لا تضخم للأحشاء او الأعضاء الداخلية
7041,123842,No openings were found for this period.,لا فرص مفتوحة لهذة الفترة.
7042,,"No Order found, please enter procedure order first",
7043,,No organomegaly,
7044,123843,No other phone numbers listed,لا يوجد ارقام هاتف اخري مدرجه
7045,,No parameters selected,
7046,123844,No Partners Found,لم يتم العثور علي زملاء
7047,123845,No Patient record found for given Selection criteria,لم يتم العثور علي سجل للمريض للمعطيات المختارة
7048,123846,No Patient record found for the given Re Identification code,لم يتم العثور علي مريض لرمز اعادة التعريف
7049,,No patients to select,
7050,,No patients without scores were found.,
7051,123847,No peripheral edema,لا يوجد اِستِسقاء فى الأطراف
7052,123848,No Pharmacies Found,لم يتم العثور على صيدليات
7053,123849,No Prescriptions Found,لم يتم العثور على وصفات
7054,,No prescriptions selected,
7055,123850,No presenting illness/injury,لا يوجد مرض حالي / إصابة
7056,123851,No previous entries.,لا يوجد مدخلات سابقة
7057,123852,No Primary Business Entity selected in facility list,لم يتم إختيار منشأة العمل الرئيسية فى قائمة المنشأت
7058,123853,No prior encounters.,لا يوجد زيارة سابقة
7059,123854,No procedures in this encounter.,لا يوجد عمليات في هذه الزيارة
7060,,No provider was matched,
7061,123855,No Providers Found,لم يتم العثور على مزودين
7062,123856,No rash or abnormal lesions,لا يوجد طفح جلدي
7063,,No Recall,
7064,,No records available,
7065,123857,No records found,لك يتم العثور على الملف
7066,,No records found.,
7067,123858,No records found. Please expand your search criteria.,لك يتم العثور على الملف. الرجاء توسيع متطلبات البحث
7068,,No registered SMART apps in the system,
7069,,No reminder/recall,
7070,123859,No Reminders,لا يوجد تذكيرات
7071,123860,"No Result Found, for the above search criteria.",لم يتم العثور على نتائج لمتطلبات البحث أعلاة
7072,123861,No Results,لا توجد نتائج
7073,123862,No results found,لم يتم العثور على نتائج
7074,,No results found for,
7075,123863,No Results Found For Search,لم يتم العثور على نتائج للبحث
7076,123864,"No results found, please try again.","لا يتم العثور على نتائج, الرجاء المحاولة مرة آخرى"
7077,123865,"No results, please tray again.","لا يوجد نتائج, الرجاء المحاولة مرة آخرى"
7078,123866,"No results, please try again.","لا يوجد نتائج, الرجاء المحاولة مرة آخرى"
7079,,No scopes,
7080,,No Settings avaliable in this module,
7081,123867,No Show,لم يحضر المريض للزيارة
7082,,No show,
7083,,no signature in document,
7084,,No signatures on file,
7085,123868,No Sinus Tenderness:,لا إيلامٌ فى الجيوب:
7086,123869,No skin dimpling or breast nodules,لا تكّور فى الجلد او عقد فى الثدي
7087,123870,NO SUCH CONTEXT NAME,لا يوجد مثل سياق الإسم هذا
7088,123871,No table selected! Select a table.,لم يتم أختيار جدول ! يرجى أختيار جدول.
7089,123872,"No testicular tenderness, masses",لا يوجد إيلام او تكتلات بالخصية
7090,,No Thanks,
7091,123873,No thrills or heaves,لا توجد دبيبة او اهتزازات قلبية
7092,,No track selected,
7093,,No tracks have been documented.,
7094,,No translations!,
7095,,No version of Internet Explorer supports U2F,
7096,123874,No visit,لا توجد زيارة
7097,123875,No vitals have been documented.,لم يتم تسجيل اي مؤشرات حيوية
7098,,No X-12 partner assigned for claim ,
7099,123876,"No, Cancel","لا, الغ العملية"
7100,123877,No-fault Insurance including Auto is Primary,لا - خطأ تأميني متضمن اوتو هو الأولي
7101,123878,No:,لا:
7102,123879,Nocturia,سلس ليلي
7103,123880,Non Paid,غير مدفوع
7104,,Non Provider,
7105,123881,Non Reported Report,تقرير غير مقرر
7106,123882,Non specific injury,الإصابة غير محددة
7107,,Non-Consumable Only,
7108,123883,Non-electronic,غير الكتروني
7109,123884,Non-Insulin Dependent Diabetes,النوع الثاني من السكري غير المعتمد علي الإنسولين
7110,123885,Non-Insured,غير مؤمن
7111,,Non-residential Substance Abuse Treatment Facility,
7112,123886,Non-SRH Medical,طبي ولكن غير صحي تناسلي او جنسي
7113,123887,Non-SRH Non-Medical,غير طبي و غير صحي تناسلي او جنسي
7114,123888,None,ولا واحِد
7115,123889,none,ولا واحِد
7116,123890,None defined,ولا واحِد معرّف
7117,,None documented,
7118,123891,None have been documented,ولا واحِد موثق
7119,123892,None of the above,ولا واحِد مما سبق
7120,123893,None of the Top Distribution Row Can be Completly Blank.,ولا واحِد من أسطر التوزيع العلويين يمكن أن يكون فارغا
7121,,None required,
7122,,None Selected,
7123,,None{{Advanced_Directives}},
7124,,None{{Amendment}},
7125,,None{{Appointment}},
7126,,None{{Authorization}},
7127,,None{{Category}},
7128,,none{{Code}},
7129,,None{{Diagnosis}},
7130,,None{{Disclosure}},
7131,,None{{Encounter}},
7132,,None{{Group}},
7133,,None{{Immunizations}},
7134,,None{{Insurance}},
7135,,None{{Issues}},
7136,,None{{Issue}},
7137,,None{{Note}},
7138,,None{{Partner}},
7139,,None{{Patient}},
7140,,None{{Prescriptions}},
7141,,None{{Recipients}},
7142,,None{{Result}},
7143,,None{{Sales}},
7144,,None{{Sensitivity}},
7145,,None{{Side}},
7146,,none{{Symptoms}},
7147,,none{{Template}},
7148,,None{{Therapy Group}},
7149,,None{{Transaction}},
7150,123894,Noninsulin Dependent Diabetes,النوع الثاني من السكري غير المعتمد علي الإنسولين
7151,123895,Nor,و لا حتي
7152,123896,Normal,طبيعي
7153,,Normal (normal),
7154,123897,Normal BL,طبيعي للجهتين
7155,123898,Normal Cardiac Exam:,فحص قلبي طبيعي:
7156,123899,Normal Cardiac Exam: ,فحص قلبي طبيعي:
7157,123900,Normal Lung Exam:,فحص رئوي طبيعي:
7158,123901,Normal Lung Exam: ,فحص رئوي طبيعي:
7159,123902,Normal Office Visit,زيارة عيادة طبيعية:
7160,123903,Normal Oropharynx:,فم و حنجرة طبيعيين:
7161,123904,Normal Right,طبيعي يمينا
7162,123905,Normal Right:,طبيعي يمينا:
7163,123906,Normal View,منظر طبيعي
7164,123907,normal:,طبيعي:
7165,123908,Normally this should be checked. Not related to access control.,من الطبيعي ان يفحص هذا. غير متعلق بتحكم الوصول.
7166,,North Ndebele,
7167,,Northern Sami,
7168,123909,Norwegian,نرويجي
7169,,Norwegian Bokmal,
7170,,Norwegian Bokmål,
7171,,Norwegian Nynorsk,
7172,123910,Nose,أنف
7173,123911,Nosebleed,رُعاف
7174,123912,not a letter or number,ليس حرفا او رقما
7175,,Not active,
7176,,Not Administered,
7177,123913,Not all fields are required for all codes or code types.,ليست كل الحقول مطلوبة لكل الرموز او انواعها
7178,,"Not all old browsers support U2F. Using the latest versions of modern browsers - Chrome, Firefox, Safari, Edge and Opera should suffice",
7179,123914,Not Allowed,غير مسموح
7180,123915,Not allowed to delete the Administrators group,غير مسموح بحذف مجموعة المدراء
7181,123916,Not Allowed to Edit,التعديل غير مسموح
7182,123917,Not allowed to inactivate all security objects,غير مسموح بتعطيل كل متعلقات الحماية
7183,123918,Not allowed to inactivate anything from the Administrators ACL,غير مسموح بتعطيل اي شئ من ACL المدراء
7184,123919,Not allowed to remove the admin user from the Administrators group,غير مسموح بحذف المستخدم المدير من مجموعة المدراء
7185,123920,Not allowed to remove this user from the Administrators group,غير مسموح بحذف هذا المستخدم من مجموعة المدراء
7186,,not answered,
7187,,Not applicable,
7188,123921,Not Applicable,غير قابل للتطبيق
7189,,Not at all,
7190,123922,Not authorised to access PostCalendar module,غير مسموح بالعبور الي PostCalendar module
7191,123923,Not Authorized,غير مصّرح
7192,123924,Not authorized,غير مصّرح
7193,123925,Not authorized for this squad!,غير مصّرح لهذه الفرقة!
7194,123926,Not authorized for this squad.,غير مصّرح لهذه الفرقة.
7195,123927,Not authorized to manage users!,غير مصّرح بالتحكم فى المستخدمين!
7196,123928,Not authorized to sign results,غير مصّرح بالتوقيع علي النتائج
7197,,Not authorized to view this encounter,
7198,,Not authorized!,
7199,123929,Not Available,غير متوفر
7200,,Not being able to stop or control worrying,
7201,,Not Billed,
7202,123930,Not billed,غير مفوتر
7203,123931,Not Checked,غير مدقق
7204,123932,Not checked out,غير مخرج
7205,123933,Not Coded,غير مرمّز
7206,,Not controlling worry,
7207,,Not documented,
7208,123934,Not Due,غير مستحق
7209,,Not Esigned,
7210,123935,Not Examined,لم يفحص بعد
7211,123936,Not Examined:,لم يفحص بعد:
7212,123937,Not Examined: ,لم يفحص بعد:
7213,,Not For Diagnostic Use,
7214,123938,not found,تعذر العثور
7215,,Not Found,
7216,123939,not found!,تعذر العثور!
7217,123940,Not Hispanic or Latino,غير أسباني او لاتيني
7218,123941,Not installed,غير مثبّت
7219,,Not Installed,
7220,,Not Possible,
7221,,Not Required,
7222,,Not required.,
7223,,Not required. This password is for generated admin.p12,
7224,123942,Not seen since,لم يُر منذ
7225,123943,Not sent,لم يتم إرسالة
7226,123944,Not Sent Yet,لم يتم إرسالة بعد
7227,,Not signed.,
7228,123945,Not Specified,غير محدّد
7229,123946,Not Specified.,غير محدّد
7230,,Not VFC eligible,
7231,,Not yet implemented.,
7232,123947,Note,ملاحظة
7233,,NOTE,
7234,,Note Category,
7235,123948,Note Codes,رموز الملاحظات
7236,,Note Details,
7237,,Note it is recommended to avoid approving SMART apps that do not register as a confidential client. These apps are less secure and should be highly restricted in the OAUTH2 scopes you allow them to access.,
7238,123949,Note it will take 5-10 minutes to fully process after you click Install,لاحظ انها سوف تستغرق 5-10 دقائق للتشغيل بعد ان تعطي الامر بالتثبيت
7239,123950,Note it will take 5-10 minutes to fully process after you click Upgrade,لاحظ انها سوف تستغرق 5-10 دقائق للتشغيل بعد ان تعطي الامر بالتثبيت
7240,123951,Note that Audit Logging needs to be enabled above,لاحظ ان ولوج التدقيق يجب ان يكون مفعلا اعلاه
7241,,Note that the Eventlog Backup is currently set to save in the following folder,
7242,,Note that the pop-up form heading will now read Enter Details for Custom Favorite Group,
7243,,Note that the pop-up form heading will now read Enter Details for Discrete Results,
7244,,Note that the pop-up form heading will now read Enter Details for Individual Procedures,
7245,,Note there is no 'Save' button.,
7246,,Note this refers to the Continuity of Care Record (CCR) or Continuity of Care Document (CCD) as the case may be,
7247,123952,Note Type,نوع الملاحظة
7248,123953,"Note: 12:00 noon is PM, not AM",ملاحظة: 12:00 ظهرا هي PM و ليست AM
7249,123954,"NOTE: Importing external data can take more than an hour depending on your hardware configuration. For example, one of the RxNorm data tables contain in excess of 6 million rows.",ملاحظة: إستيراد البيانات الخارجية قد يستغرق وقتا يفوق الساعة علي حسب قوة جهازك. بعض بيانات RxNorm يحتوي علي أكثر من 6 ملايين سطر.
7250,123955,NOTE: Only the Biannual International Snomed Release is currently supported,ملاحظة: إصدار Snomed النصف سنوي هو الوحيد المدعّم حاليا
7251,,NOTE: Only the Biannual International Snomed Releases and the US Snomed Releases are currently supported,
7252,123956,NOTE: Only the full monthly RxNorm release is currently supported,ملاحظة: إصدار RxNorm الشهري الكامل هو الوحيد المدعّم حاليا
7253,,NOTE: Only the XML formats and Eligible Professionals valuesets supported,
7254,,NOTE: The import can take up to several hours,
7255,,Note: This code has not been authorized.,
7256,123957,"Note: This code was not entered by an authorized user. Only authorized codes may be uploaded to the Open Medical Billing Network for processing. If you wish to upload these codes, please select an authorized user here.",ملاحظة: هذا الرمز لم يتم ادخالة بواسطة مستخدم مصرح له. الرموز المصرح لها هي الوحيدة المفعّلة. اذا اردت استخدامها فإختر مستخدما مصرح له
7257,,Note: This copay was entered against billing that has not been authorized. Please review status.,
7258,,Note: this is not an email address,
7259,123958,"NOTE: Uploading files with duplicate names will cause the files to be automatically renamed (for example, file.jpg will become file.1.jpg). Filenames are considered unique per patient, not per category.",ملاحظة: ترفيع ملفات بأسماء مكررة سيؤدي الي حذفها تلقائيا. أسماء الوثائق تعتبر فريدة لكل مريض و ليس لك مجموعة
7260,123959,"NOTE: Uploading files with duplicate names will cause the files to be automatically renamed. For example '<i>file.jpg</i>' will become '<i>file.jpg.1</i>'. Filenames are considered unique per patient, not per category. ",ملاحظة: ترفيع ملفات بأسماء مكررة سيؤدي الي حذفها تلقائيا. أسماء الوثائق تعتبر فريدة لكل مريض و ليس لك مجموعة
7261,123960,Notes,ملاحظات
7262,,NOTES,
7263,,Notes - A short description that will show up as a tooltip,
7264,123961,"Notes - any encounters (write,addonly optional)","ملاحظات - اي زيارة (اكتب, الإضافة إختيارية)"
7265,,"Notes - any encounters (write,addonly optional) (notes_a)",
7266,123962,"Notes - my encounters (write,addonly optional)","ملاحظات - زياراتي (اكتب, الإضافة إختيارية)"
7267,,"Notes - my encounters (write,addonly optional) (notes)",
7268,,Notes by,
7269,123963,Notes not authorized,الملاحظات غير مصرح لها
7270,,Nothing found - sorry,
7271,,Nothing Pending for Approval,
7272,123964,Nothing Recorded,لم يتم تسجيل اي شيئ
7273,,Nothing returned to report,
7274,,Nothing to display,
7275,123965,Nothing to import for Allergy,لم يتم استيراد اي شيئ للحساسية
7276,123966,Nothing to import for Prescription,لم يتم استيراد اي شيئ للوصفة
7277,,Nothing to Post! Please review entries or use Cancel to exit transaction,
7278,,Nothing To Report,
7279,123967,Nothing to show,لا شيئ ليعرض
7280,,Nothing to show for current actions.,
7281,123968,Nothing was selected,لم يتم إختيار اي شيئ
7282,,Notice,
7283,,Notice how the Top Group entry that was initially created called Serum Chemistry now has a blue + sign before its name indicating the presence of descendants or children to this entry,
7284,,Notice Received,
7285,123969,NOTICE:: PostCalendar Submission/Modification,مذكرّة:: ايداع/ تعديل PostCalendar
7286,123970,Notification,إشْعار
7287,123971,Notification Email Address,إيميل إلاشْعار
7288,,Notification FAILED,
7289,,Notification FAILED: Not Portal Authorized,
7290,,Notification sent to,
7291,,Notification Settings,
7292,123972,Notifications,إشْعارات
7293,123973,Notify Admin About Event Submission/Modification?,أشعر المدير بخصوص ايداع/ تعديل؟
7294,,Notify Patient,
7295,,Notify Patients Portal,
7296,,Notify via Patient Portal,
7297,123974,Nov,نوفمبر/تشرين الثاني
7298,123975,November,نوفمبر/تشرين الثاني
7299,,"Now is the time to check and adjust the settings in openEMR for default units, sites, etc., refer to the help file in Procedures > Providers",
7300,,Now posting for,
7301,123976,Now posting for:,الان يتم الاعلام ل:
7302,123977,Now printing,تتم الطباعة اﻵن
7303,123978,Now printing $stmt_count statements and updating encounters.,تتم الطباعة اﻵن $stmt_count statements and updating encounters.
7304,123979,Now printing $stmt_count statements and updating invoices.,تتم الطباعة اﻵن $stmt_count statements and updating invoices.
7305,123980,Now printing $stmt_count statements; encounters will not be updated.,تتم الطباعة اﻵن $stmt_count statements; encounters will not be updated.
7306,123981,Now printing $stmt_count statements; invoices will not be updated.,تتم الطباعة اﻵن $stmt_count statements; invoices will not be updated.
7307,,Now when you bring up the Select Codes pop-up you will see all the ICD10 codes listed,
7308,,Now when you bring up the Select Diagnosis Codes pop-up you will see all the ICD10 codes listed,
7309,,NPA{{near point of accomodation}},
7310,,NPC{{near point of convergence}},
7311,123982,NPI,رقم المزوّد الوطني
7312,,NPI - Enter the Provider's unique 10-digit National Provider Identifier or NPI identification number,
7313,123983,NQF,هيكل النوعية الوطنية
7314,123984,Number,عدد
7315,123985,Number labs,عدد المختبرات
7316,,Number of Appointments on Statement,
7317,,Number of Appointments to display in the Group Summary,
7318,,Number of Appointments to display in the Onsite Patient Portal,
7319,,Number of Appointments to display in the Patient Summary,
7320,123986,Number of columns in year view.,عدد اﻷعمدة في منظر السنة
7321,,Number of days before showing fifth account message,
7322,,Number of days before showing first account message,
7323,,Number of days before showing first account message.,
7324,,Number of days before showing fourth account message,
7325,,Number of days before showing second account message,
7326,,Number of days before showing third account message,
7327,123987,Number of days that the client certificate is valid.,عدد اﻷيام لصلاحية شهادة العميل
7328,,Number of days to search from the start date,
7329,123988,"Number of digits after decimal point for currency, usually 0 or 2.","عدد اﻷرقام بعد الفاصلة العشرية, عادة 0 او 2"
7330,123989,Number of encounters to display per page.,عدد الزيارات المعروضة لكل صفحة
7331,,Number of Excluded Appointments to display in the Tooltip,
7332,123990,"Number of games or events missed, if any",عدد المباريات او الحداث المفقودة لو وجدت
7333,123991,Number of hours in advance to send email notifications.,عدد الساعات لإرسال تنبيهات اﻹيميل مقدما
7334,123992,Number of hours in advance to send Phone notification.,عدد الساعات لإرسال تنبيهات الهاتف مقدما
7335,123993,Number of hours in advance to send SMS notifications.,عدد الساعات لإرسال تنبيهات الرسائل النصية القصيرة مقدما
7336,,Number of Messages Displayed in Patient Summary,
7337,,Number of Minutes to display completed checkouts,
7338,,Number of Minutes to display completed checkouts. Zero is continuous display,
7339,123994,Number of past history columns,عدد اعمدة التاريخ المرضي
7340,123995,Number of patients to display per page in the patient list.,عدد عرض المرضي لكل صفحة فى قائمة المرضي
7341,123996,Numbness,خذل
7342,123997,Numerator,بسط الكسر
7343,123998,Numeric display order,ترتيب العرض العددي
7344,,Nuosu,
7345,,Nursing Facility,
7346,123999,Nutrition,تغذية
7347,,Nutritional,
7348,124000,O.A.F.V.,O.A.F.V.
7349,124001,O2 Sat,نسبة تشبع اﻷوكسجين
7350,,OAuth2 using SMART-on-FHIR profile (see http://docs.smarthealthit.org),
7351,124002,Obesity I,البدانة 1
7352,124003,Obesity II,البدانة 2
7353,124004,Obesity III,البدانة 3
7354,124005,Objective,موضوعي
7355,,Obligatory participation,
7356,,Observation,
7357,124006,Observation Criteria,نوع الملاحظه
7358,,Observation Criteria Value,
7359,,Observation Form,
7360,,Observation Results,
7361,,Observation Results in Immunization,
7362,,Occitan,
7363,124007,Occupation,المهنة
7364,,Occupational physician,
7365,,occurred while uploading file named,
7366,124008,Occurrence,الحدوث
7367,124009,Oct,اكتوبر/تشرين اﻷول
7368,124010,October,اكتوبر/تشرين اﻷول
7369,124011,OD,العين اليمني
7370,,OD{{right eye}},
7371,,oeFHIR,
7372,124012,of,ل
7373,124013,of quantity,للكمية
7374,124014,of tablets,للحبوب
7375,124015,of the month every,للشهر كل
7376,124016,Ofc Notes,ملاحظات العيادة
7377,124017,Off,مغلق
7378,,Off (Recommended setting),
7379,,Off Campus-Outpatient Hospital,
7380,,Off: No Service.,
7381,124018,Office,مكتب
7382,,Office Announcements,
7383,,Office Note,
7384,124019,Office Notes,ملاحظات العيادة
7385,124020,Office Visit,زيارة العيادة
7386,124021,Official Clinical Quality Measures (CQM) Measure Groups,مجموعات قياس مقاييس النوعية الطبية الرسمية (CQM)
7387,,Offline access end date,
7388,,offline_access,
7389,124022,Offsite Https link for the Patient Portal.,رابط تصفح بوابة المرضي خارج الموقع
7390,124023,Offsite Https link for the Patient Portal.(Patient Link),رابط تصفح بوابة المرضي خارج الموقع (رابط المريض)
7391,124024,Offsite Patient Portal Password,كلمة سر بوابة المرضي خارج الموقع
7392,124025,Offsite Patient Portal Password(Put Blank If not Registered).,كلمة سر بوابة المرضي خارج الموقع (أبق فارغا لو المريض غير مسجل)
7393,124026,Offsite Patient Portal Provider ID,رقم هوية مزود بوابة المرضي خارج الموقع
7394,124027,Offsite Patient Portal Provider ID(Put Blank If not Registered).,رقم هوية مزود بوابة المرضي خارج الموقع (أبق فارغا لو غير مسجل)
7395,124028,Offsite Patient Portal Site Address,عنوان موقع بوابة المرضي خارج الموقع
7396,124029,Offsite Patient Portal Site Address (Patient Link),عنوان موقع بوابة المرضي خارج الموقع (رابط المريض)
7397,124030,Offsite Patient Portal Username,إسم المستخدم لبوابة المرضي خارج الموقع
7398,124031,Offsite Patient Portal Username(Put Blank If not Registered).,إسم المستخدم لبوابة المرضي خارج الموقع (أبق فارغا لو غير مسجل)
7399,,Offsite Portal web Service Failed,
7400,124032,Offspring,ذرّية
7401,,Offspring History,
7402,,Oh Snap!,
7403,,OID,
7404,124033,ointment,مرهم
7405,,"Ojibwe, Ojibwa",
7406,124034,OK,موافق
7407,,Ok,
7408,,OK to close this other popup window?,
7409,124035,OK to link the GCAC issue dated,موافق لربط موضوع مؤرخ GCAC
7410,124036,Old,قديم
7411,,"Old Church Slavonic, Church Slavonic, Old Bulgarian",
7412,124037,Old Clients,عملاء قدامى
7413,124038,Old fracture non / malunion,كسر قديم غير / التحام خاطئ
7414,,Old Medication,
7415,124039,Old style layout with no left menu,اسلوب ترتيب قديم بدون قائمة يسري
7416,124040,Old-style static form without search or duplication check,اسلوب قديم لطلب بدون قائمة بحث أو تصحيح المتكرارت
7417,,Older,
7418,,Older than,
7419,,Oldest drawing,
7420,124041,Omit,إحذف
7421,124042,Omit circumferences,إحذف المحيطات
7422,124043,Omit employer information in patient demographics,إحذف معلومات أرباب العمل في ديموجرافيا المريض
7423,124044,Omit Employers,إحذف أرباب العمل
7424,124045,"Omit form, route and interval which then become part of dosage","إحذف الهيئة, طريق الإعطاء و الفاصل الزمني لتصبح جزءا من الجرعة"
7425,124046,Omit insurance and some other things from the demographics form,إحذف التأمين و بعض اﻷشياء أﻷخري من طلب الديموجرافيا
7426,124047,Omit internal users?,إحذف المستخدمين الداخليين؟
7427,124048,Omit method of payment from the co-pay panel,إحذف طريقة الدفع من واجهة الدفع المشترك
7428,124049,omit to autoassign,إحذف الي الولوج التلقائي
7429,124050,On,عند
7430,124051,on,عند
7431,,on file email,
7432,,On first page,
7433,,On for Both Roles,
7434,,On for Patient Role,
7435,,On for Users Role,
7436,124052,On Hand,حاضر
7437,,On mobile devices tap once on the label to reveal the help icon and tap on the icon to show the help section,
7438,,"On opening, all dx code rows that match the new procedure from procedure order form will be marked and then will scroll to the first match.",
7439,124053,On Order,عند الطلب
7440,124054,On Site,فى الموقع
7441,,On the other hand if you click register but do not capture the QR code with the authenticator app you will not be able to login,
7442,,On these lines the Code column will be blank,
7443,,"On this date there is a holiday, use it anyway?",
7444,,On-line,
7445,,On: HAPI FHIR.,
7446,,On: Smart on FHIR.,
7447,,Once a rule is setup it can be enabled for a particular patient,
7448,,"Once a template is uploaded, you may change the category at anytime from the repository view.",
7449,,Once a template or available profile have been selected the Send button will show in the Scope toolbar. Click it to perform the action. A confirmation popup will then show on success or an error message otherwise.,
7450,,Once a Transaction is saved it will appear on the Transaction page,
7451,,Once an appointment is scheduled the name automatically drops off the recall board,
7452,,Once an appointment is scheduled the recall will drop off the Recall Board,
7453,,"Once completed, view and store this encounter as a PDF file",
7454,,"Once finished editing, click Save. The procedure forms current procedure diagnoses will fill exactly as built in this dialog.",
7455,,Once saved the entity for a Custom Favorite Group cannot be changed. If you need to change the entity you have to delete this entry and create a new one,
7456,,Once the app captures the QR code it will show the OpenEMR user name in the app,
7457,,"Once the Primary Business Facility is set, changing the facility id will affect NewCrop ePrescription.",
7458,124055,"Once the Primary Business Facility is set, it should not be changed. Changing the facility will affect the working in NewCrop ePrescription.",تعيين منشأة التأمين أﻷولي يجب ان لا يتغير لانه مرتبط بخدمة الوصفة الإكترونية من NewCrop ePrescription
7459,,Once this feature is enabled you will be required to type in the 6 digit key at each login,
7460,,Once this is done the shared secret key that is unique for each user should only exist in OpenEMR and on the user's authenticator app,
7461,,Once this step is completed you can proceed to next step - to configure the tests that can be ordered from the system,
7462,124056,"Once you change your password, you will have to re-login.",ما أن تقوم بتغيير كلمة سرك يجب عليك إعادة الولوج
7463,,Once you select a justification code for the first CPT line all subsequent CPT code lines will have the same justification. Can be manually altered later if so desired,
7464,,Oncology: Medical and Radiation – Pain Intensity Quantified (CQM),
7465,,One Day Ago,
7466,,One Day Ahead,
7467,,One Encounter Per Day,
7468,,One Month Ago,
7469,,One Month Ahead,
7470,,One or more transactions failed,
7471,,One such lab uses 905 for Uric Acid and in our example we will enter that number in the box,
7472,,One time,
7473,,One Time PIN,
7474,,One Time verification PIN,
7475,,One Week Ahead,
7476,,One Year Ago,
7477,,One Year Ahead,
7478,,One-time password or OTP is a commonly used strategy used to provide a unique code for each login,
7479,,Online,
7480,124057,Online Support,الدعم على الإنترنت
7481,124058,Online Support Link,رابط الدعم على الإنترنت
7482,,Online Users,
7483,124059,Only Active,نشط فقط
7484,124060,Only applicable if a provider or collated list was chosen above. PRIMARY only selects patients that the provider is the primary provider. ENCOUNTER selects all patients that the provider has seen.,مطبق فقط لو المزود مختار بالأعلي. اﻷولي سيختار المرضي الذين يزودهم المزود اﻷولي
7485,,Only entries with a Code are billable,
7486,,Only for comparisons,
7487,,Only for HTML5 compatible browsers.,
7488,124061,only if billing location,فقط لو مكان الفوترة
7489,,Only images files are accepted,
7490,124062,Only Inactive,خامل فقط
7491,,Only Include E-Signed Forms On Report,
7492,124063,Only Mine,تابع لي فقط
7493,,"Only need to set this if the server is not providing the correct host for OAuth2, FHIR or CCDA. Example is",
7494,,Only one TOTP Key can be set up per user,
7495,,"Only recall to provider, no reminder",
7496,,"Only reminder to provider, no recall",
7497,,Only Show Active Codes ,
7498,124064,Only Show Diagnosis Reporting Codes,اضهر رموز التشخيص فقط
7499,124065,Only Show Service Code Finance Reporting Codes,اضهر رموز الخدمة لقرير المالية فقط
7500,124066,Only upload active prescriptions,رفّع الوصفات النشطة فقط
7501,,Only upload active prescriptions to NewCrop eRx.,
7502,,Onset,
7503,,Onset of Current Symptoms or Illness,
7504,124067,Onset of Illness:,بداية المرض:
7505,124068,Onset of Ilness: ,بداية المرض:
7506,124069,Onset of Swelling:,بداية التورم:
7507,,Onset/Hosp Date for Encounters,
7508,,Onset/hosp. date,
7509,,Onset/hosp. date - is used for billing hospital encounters,
7510,124070,Onset/hosp. date:,تاريخ إدخال المستشفي:
7511,,Onsite Activity Views,
7512,,Onsite Patient Activities,
7513,,Onsite Patient Portal,
7514,124071,Onsite Patient Portal Site Address,عنوان موقع بوباة المريض علي الإنترنت
7515,,Onsite Portal,
7516,,Onsite Portal Activities,
7517,,Onsite Portal Reviewed,
7518,124072,Oops!,عفوا!
7519,124073,Open,فتح
7520,,"Open a spreadsheet and type in the various groups, procedure orders and discrete results, arrange according to need",
7521,,Open a spreadsheet in openoffice/LibreOffice create 5 columns - three for E/M / CPT codes and two for the ICD code categories,
7522,,Open all expandable forms in expanded state,
7523,,Open and review the message content and any attachments,
7524,,Open Demographics in New Window from Patient Flow Board,
7525,,Open Encounter,
7526,,Open Fee Sheet,
7527,,Open Forms Module,
7528,124074,Open in New Window,إفتح في نافذة جديدة
7529,,Open invoice (will refresh page),
7530,,"Open Med Practice and its suppliers use their commercially reasonable efforts to provide the most current and complete data available to them concerning prescription histories, drug interactions and formularies, patient allergies and other factors, but by your use of this service you acknowledge that (1) the completeness and accuracy of such data depends upon the completeness and accuracy with which it is entered into connected electronic databases by physicians, physician’s offices, pharmaceutical benefits managers, electronic medical records firms, and other network participants, (2) such data is subject to error or omission in input, storage or retrieval, transmission and display, technical disruption, power or service outages, or other interruptions in electronic communication, any or all of which may be beyond the control of Open Med Practice and its suppliers, and (3) some information may be unavailable due to regulatory, contractual, privacy or other legal restrictions. You are responsible to use your clinical judgment at all times in rendering medical service and advice.",
7531,,Open Patient,
7532,,Open Patient in New Window,
7533,,Open the Quick Pick panels,
7534,,Open the Shorthand Window and display Shorthand Codes,
7535,124075,Open Today`s Visit,فتح زيارة اليوم
7536,,Open/Close Ant Seg panels,
7537,,Open/Close External Exam panels,
7538,,Open/Close Imp/Plan panels,
7539,,Open/Close Neuro panels,
7540,,Open/Close Post Seg panels,
7541,,Open/Close the Anterior Segment drawing panel,
7542,,Open/Close the Anterior Segment Exam Quick Picks panel,
7543,,Open/Close the detailed HPI panel,
7544,,Open/Close the External drawing panel,
7545,,Open/Close the External Exam Quick Picks panel,
7546,,Open/Close the HPI Canvas,
7547,,Open/Close the Imp/Plan drawing panel,
7548,,Open/Close the Impression/Plan Builder panel,
7549,,Open/Close the Neuro drawing panel,
7550,,Open/Close the Neuro Exam Quick Picks panel,
7551,,Open/Close the PMH draw panel,
7552,,Open/Close the PMSFH panel,
7553,,Open/Close the PMSFH summary panel,
7554,,Open/Close the Retina drawing panel,
7555,,Open/Close the Retinal Exam Quick Picks panel,
7556,,Open/Close the Shorthand Window and Codes,
7557,,Open/Close the Shorthand Window and display Shorthand Codes,
7558,,Open/Close the Shorthand Window and display Shorthand Codes next to each field,
7559,,Open/Close the Shorthand Window and display Shorthand Codes.,
7560,,OpenEMR,
7561,,OpenEMR allows one TOTP but multiple U2F methods per user,
7562,124076,OpenEMR already has a Certificate Authority configured.,إعدادات شهادة السلطه للبرنامج مهيئة أصلا
7563,,OpenEMR App Registration,
7564,,OpenEMR Application,
7565,124077,OpenEMR Application Category,مجموعة تطبيقات البرنامج
7566,,OpenEMR Authorization,
7567,124078,OpenEMR Database Upgrade,ترقية قاعدة بيانات البرنامج
7568,124079,OpenEMR Database Upgrade for De-identification,ترقية قاعدة بيانات البرنامج لمسح الهوية
7569,124080,OpenEMR does not recognize the incoming file in the contrib directory. This is most likely because you need to configure the release in the supported_external_dataloads table in the MySQL database.,البرنامج لم يتعرّف علي الملف القادم فى مجلد contrib. This is most likely because you need to configure the release in the supported_external_dataloads table in the MySQL database.
7570,,OpenEMR Login,
7571,124081,OpenEMR must be configured to use certificates before it can create client certificates.,يجب علي البرنامج ان يهيئ لإستخدام الشهادات قبل ان يتمكن من اصدار شهادات للعميل
7572,,OpenEMR offers 2 methods of 2FA,
7573,,OpenEMR Portal,
7574,,OpenEMR Product Registration,
7575,124082,OpenEMR requires Javascript to perform user authentication.,البرنامج يحتاج اليJavascript ليقوم بالتأكد من المستخدم
7576,124083,OpenEMR Users,مستخدمي البرنامج
7577,124084,Openings,افتتاحيات
7578,,Opens in Bottom frame,
7579,,Opens in Top frame,
7580,,Operation Failed,
7581,,Operative Note - 2009,
7582,,Operator,
7583,124085,Opthalmic,عيون
7584,,Optic Discs,
7585,,Optic Nerve Analysis,
7586,124086,Option,خيار
7587,,"Option one, apply the changes to only the Current event. Option two, apply to this event and all Future occurrences or lastly, apply to All event occurrences?",
7588,124087,Option to save method of document storage.,خيار لطريقة حفظ تخزين الوثيقة
7589,124088,Option to support inventory and sales of products,خيار لدعم المخزون و مبيعات المنتجات
7590,124089,Optional,إختياري
7591,124090,Optional category name for an ID Card image that can be viewed from the patient summary page.,إسم المجموعة الإختيارية لبطاقة هوية المريض التي يمكن رؤيتها من صفحة ملخّص المريض
7592,124091,Optional category name for photo images that can be viewed from the patient summary page.,إسم المجموعة الإختيارية للصور التي يمكن رؤيتها من صفحة ملخّص المريض
7593,124092,Optional category name of a document to link to from the patient summary page. Lets you click on a patient name to see their ID card.,إسم المجموعة الإختيارية للوثيقة التي يمكن ربطها من صفحة ملخّص المريض
7594,124093,Optional default range for manual entry of results,المجال الإفتراضي الإختياري للإدخال اليدوي للنتائج
7595,124094,Optional default units for manual entry of results,الوحدات الإفتراضية الإختيارية للإدخال اليدوي للنتائج
7596,124095,Optional Destination Name,إسم الوصول الإختياري
7597,,Optional Destination or Dicom Study Name,
7598,124096,"Optional drug name, use % as a wildcard","إسم الدواء الإختياري, إستخدم % كرمز مبهم للبحث"
7599,,Optional end date,
7600,,Optional end date mm/dd/yyyy,
7601,,"Optional immunization name or code, use % as a wildcard",
7602,124097,Optional information about this event,معلومات اختيارية عن هذا الحدث
7603,124098,"Optional lot number, use % as a wildcard","إسم الجملة الإختياري, إستخدم % كرمز مبهم للبحث"
7604,124099,Optional numeric patient ID,رقم هوية المريض الإختياري
7605,124100,Optional procedure code,رمز العملية الإختياري
7606,124101,Optional procedure/service code,رمز العملية /الخدمة الإختياري
7607,124102,Options,خيارات
7608,124103,OR,أو
7609,124104,Or,أو
7610,124105,or choose,أو أختار
7611,124106,or click and drag for faster selection.,أو اضغط وأسحب لإختيار أسرع
7612,,Or create this new field ID,
7613,124107,Or Out To,أو أخرج الي
7614,,or select from inventory,
7615,124108,or Shift-click to decrease it,إضغط مع Shift للتصغير
7616,124109,Or upload ERA file:,أو رفّع ملف ERA:
7617,,or utilize the Impression/Plan Builder,
7618,124110,Oral,فموي
7619,124111,"Oral mucosa pink, throat clear",عشاء الفم وردي و البلعوم صافي
7620,124112,Order,طلب
7621,,Order - The order in which the item will be displayed - incrementing by 10 will allow for up to 9 values to be inserted in between if so desired at a later date,
7622,124113,Order and Result Types,نوع الطلب والنتيجة
7623,124114,Order Catalog,دليل الطلب
7624,124115,Order Date,تاريخ الطلب
7625,,Order Descriptions,
7626,,Order Documents,
7627,,Order Documents and Logs,
7628,,Order for,
7629,,Order Form,
7630,124116,Order From,إستمارة الطلب
7631,,Order HL7 Content,
7632,124117,Order ID,رقم الطلب
7633,,Order Log,
7634,124118,Order must be a number between 1 and 999,رقم الطلب يجب ان يكون من 1 الي 999
7635,,Order must be a number between 1 and 9999,
7636,124119,Order Name,أسم الطلب
7637,,Order Notes,
7638,124120,Order Priorities,أولوية الطلب
7639,124121,Order Processor,معالج الطلب
7640,,Order Questions,
7641,124122,Order Results,نتائج الطلب
7642,124123,Order Status,حالة الطلب
7643,124124,Order Statuses,حالة الطلب
7644,,Order Successfully Sent,
7645,124125,Order Summary,ملخص الطلب
7646,,Order Test Type,
7647,,Order Tracks,
7648,124126,Order Type,نوع الطلب
7649,,Order Types,
7650,124127,Order/Result Type,نوع الطلب /النتيجة
7651,124128,Ordered,تم الطلب
7652,124129,Ordered By,طلب بواسطة
7653,124130,Ordered Procedure,عملية تم طلبها
7654,,Ordering,
7655,,Ordering a recognized panel of tests,
7656,,Ordering Physician,
7657,124131,Ordering Provider,المزود الطالب
7658,,Ordering Provider is required but not selected!,
7659,,Ordering tests individually can be tedious and there are two ways of ordering multiple tests together,
7660,,Orders,
7661,,"Orders and Results are setup in an hierarchical manner, there are four tiers in this hierarchy",
7662,124132,Orders Path,ممر الطلبات
7663,,Orders Path - is only required if you are submitting an electronic order to an external facility,
7664,,Order{{Sequence}},
7665,124133,Organ injury,إصابة عضوية
7666,124134,Organization,منظمة
7667,124135,Organization Name,أسم المنظمة
7668,124136,Organizational Unit Name,أسموحدة المنظمة
7669,124137,Organizations,المنظمات
7670,124138,Orientated x 3,تم التعريف في 3
7671,,Oriented TPP{{oriented to person and place}},
7672,,Origin,
7673,,Origin Description,
7674,124139,Original,اﻷصلي
7675,,Original Checksum,
7676,,Original file,
7677,,Original file deletion error,
7678,,Oriya,
7679,,Oromo,
7680,124140,OROPHARYNX: ,الفم و الحنجرة
7681,,Ortho,
7682,,Orthophoric,
7683,124141,Orthopnea,ضيق النفس الإضطجاعي
7684,,ORTHO{{Orthopedics}},
7685,,Ortho{{orthophoric}},
7686,,"OR{{as in AND/OR, ie. not an abbreviation}}",
7687,124142,OS,اليسري
7688,124143,Osetoarthritis,التهاب العظام و المفاصل
7689,,"Ossetian, Ossetic",
7690,,Osteopathy,
7691,,OS{{left eye}},
7692,124144,Other,اﻵخر
7693,124145,other,اﻵخر
7694,,OTHER,
7695,124146,Other (specify),اﻵخر (حدّد)
7696,,Other - lists items not covered in the above sections,
7697,124147,Other - Specified,اﻵخر (محدّد)
7698,,Other adult,
7699,,Other Documents,
7700,124148,Other Federal Program,برامج فيدرالية آخرى
7701,124149,Other HCFA,اﻵخر HCFA
7702,124150,Other injury not elsewhere specified,الإصابه غير المحدّدة في مكان اخر
7703,124151,Other Liability Insurance is Primary,التزام التأمين اﻵخر هو اﻷولي
7704,,Other Logs,
7705,124152,other month,شهر آخر
7706,124153,Other Non-Federal Programs,برامج آخرى غير فيدرالية
7707,124154,Other Notes,ملاحظات اخري
7708,124155,Other Pertinent Symptoms,أعراض اخري متعلقة
7709,124156,Other Pertinent Symptoms:,أعراض اخري متعلقة:
7710,,Other Place of Service,
7711,,Other Provider,
7712,124157,Other pt resp,اخري تنفسية
7713,,Other Registry,
7714,124158,Other stress/Over use injury,إرهاق/زيادة استعمال اخري
7715,124159,Other Surgical,جراحية اخري
7716,124160,Other/Generic Abortion-Related,اخري/ متعلقة بالإجهاض
7717,,Other/Miscellaneous,
7718,124161,Others,اخري
7719,,Otherwise known as Dated Reminders are short messages of up to 160 characters,
7720,124162,otherwise you will destroy references to/from existing data.,و إلا ستفسد المراجع من و الي البيانات الحالية
7721,,OTP can be delivered by various methods,
7722,,OTP can be generated either using time synchronization where the current time is combined with a secret key and hashed to generate the OTP or using mathematical algorithms were an initial seed (a random number) is combined with the previously used password to generate the OTP,
7723,124163,Ottawa Ankle Rules,قواعد اتاوا لتصوير الكعب
7724,124164,OU,كلتا العينين
7725,,Our Out To,
7726,124165,OUT,خارجا
7727,124166,Out Of Office,خارج المكتب
7728,,Out Time,
7729,124167,Outbound Referral,تحويل متجه الى الخارج
7730,124168,Outcome,نتيجة
7731,,Outline Data Col,
7732,,Outline Entire Row,
7733,124169,Outlook,وُجهَة نَظَر
7734,,Outpatient Hospital,
7735,,Output Type,
7736,,OU{{both eyes}},
7737,,Over,
7738,124170,Overall Status Of Discharge,حالة التسريح العامة
7739,124171,OVERDUE,متأخر
7740,,Overlay CMS 1500 on the Preprinted form,
7741,,Override (if necessary) the appointment display limit to allow all appointments to be displayed for the last set,
7742,,Override HIPAA choice,
7743,124172,Overuse,زيادة استخدام
7744,124173,Overview,نظرة عامة
7745,124174,Overweight,وزن زائد (سمنة)
7746,124175,Overwrite HIPAA choice,اكتب فوق اختيار
7747,,Owner,
7748,124176,Oxygen Saturation,تشبع بالأكسجين
7749,124177,oz,أونصة
7750,,P,
7751,124178,p.c.,بعد الوجبات
7752,124179,p.m.,مساءاً
7753,124180,p.r.n.,عند اللزوم
7754,,Pachymetry,
7755,,Pachymetry: Central Corneal Thickness,
7756,,Pachy{{Pachymetry}},
7757,124181,Pacific Islander,ساكن جزر المحيط الهادي
7758,124182,Paedeatric,الطفولة
7759,124183,Page,صفحة
7760,,Page not found,
7761,,Page Validation,
7762,124184,Pages,صفحات
7763,124185,Paid,تم الدفع
7764,124186,Paid amount that you will allocate,المبلغ المدفوع الذي حددتة
7765,124187,Paid Amt,المبلغ المدفوع
7766,124188,Paid Via,دفع بواسطة
7767,124189,Pain,ألم
7768,,Pali,
7769,,Palliative care physician,
7770,124190,Palpitation,خفقان
7771,,PAM{{Potential Acuity Meter}},
7772,,Pan,
7773,,Panama,
7774,,"Panjabi, Punjabi",
7775,124191,Pap Smear,مسحة عنق الرحم
7776,124192,Paper,ورق
7777,124193,Paper Size,حجم الورق
7778,124194,Paralysis,شلل
7779,,Parent,
7780,,parent in-law,
7781,,Parent Recall,
7782,,Parent Written Record,
7783,,Parental decision,
7784,124195,Parse HL7,تحليل HL7
7785,,Parse Token,
7786,,Partially Administered,
7787,,Participant's name,
7788,,participants,
7789,,Participants ,
7790,124196,Partner,شريك
7791,124197,Partner Name,أسم الشريك
7792,,Partner Name issued for NewCrop eRx service.,
7793,,Partner not configured,
7794,,"Pashto, Pushto",
7795,124198,Pass Phrase,جملة السر
7796,124199,Pass phrase to decrypt document,جملة السر لفك تشفير الوثيقة
7797,124200,Passed Patients,المرضي المتوفيين
7798,124201,Passive Alert,تنبيه سلبي
7799,,Passive Alert - that will be displayed in the Clinical Reminders widget section,
7800,124202,Passive Alert Rules,قواعد التنبيه السلبي
7801,,password,
7802,124203,Password,كلمة السر
7803,124204,Password Change,تغيير كلمة السر
7804,124205,Password change successful,تم تغيير كلمة السر بنجاح
7805,124206,Password change successful.,تم تغيير كلمة السر بنجاح.
7806,,"Password does not meet minimum requirements and should contain at least each of the following items: A number, a lowercase letter, an uppercase letter, a special character (not a letter or number).",
7807,124207,"Password does not meet minimum requirements and should contain at least three of the four following items: A number, a lowercase letter, an uppercase letter, a special character (Not a leter or number).",كلمة السر لا ترقي للحد اﻹدني و يجب ان تحتوي علي علي اﻷقل علي حرف كبير و اخر صغير و رقم و اي رمز خاص
7808,,Password Expiration,
7809,124208,Password Expiration Grace Period,فترة السماح لكلمة السر المنتهية الصلاحية
7810,,Password for Phone Gateway.,
7811,124209,Password for Phone Gateway. Automated VOIP service provided by Maviq. Please visit http://signup.maviq.com for more information.,كلمة السر لبوابة الهاتف. خدمة VOIP المقدمة من http://signup.maviq.com
7812,124210,Password for SMS Gateway,كلمة السر لممر الرسائل النصية القصيرة
7813,124211,Password for SMS Gateway.,كلمة السر لممر الرسائل النصية القصيرة
7814,,Password for the above user,
7815,124212,Password security has recently been upgraded.,نظام اﻷمان لكلمة السر تم ترقيته
7816,124213,Password to connect to CouchDB,كلمة السر لالإتصال ب CouchDB
7817,,Password too long. Maximum characters allowed,
7818,124214,Password too short. Minimum 8 characters required.,كلمة السر قصيرة جداَ. مطلوب اكثر من 8 رموز.
7819,,Password too short. Minimum characters required,
7820,,Password update error!,
7821,124215,Password:,كلمة السر:
7822,,Passwords do not match,
7823,,Passwords do not match.,
7824,124216,Passwords Don't match!,كلمات السر غير متطابقة !
7825,,"Passwords must be 8-12 characters long and include one capital letter, one lower case letter and one special character",
7826,124217,Past Appoinments,المواعيد السابقة
7827,124218,Past Appointment Display Widget,أداة عرض المواعيد السابقة
7828,,Past Appointments,
7829,,Past Appointments - will show all past appointments,
7830,,Past Date,
7831,124219,Past due,مضى تاريخ استحقاقها
7832,124220,Past Due,مضى تاريخ استحقاقها
7833,124221,Past Due Interval (Clinical Reminders),فاصل مضى تاريخ اﻹستحقاق (تنبيهات طبية)
7834,124222,Past Due Interval (Patient Reminders),فاصل مضى تاريخ اﻹستحقاق (تنبيهات المريض)
7835,124223,Past Encounter List,قائمة الزيارات الآخيرة
7836,124224,Past Encounters,الزيارة السابقة
7837,124225,Past Encounters and Documents,الزيارة السابقة والملفات
7838,124226,Past Encounters for,الزيارات السابقة ل
7839,,Past Medical History,
7840,,Past meetings,
7841,,Past Ocular History,
7842,,Past Ocular Surgery,
7843,,Past Surgical History,
7844,,Past Therapy Group Encounters,
7845,,Past Year,
7846,124227,Paste HL7 Data,الصق بيانات HL7
7847,124228,Paste the data to import into the text area below:,الصق البيانات لتستورد فى مكان النص ادناه
7848,124229,Pat,مريض
7849,,Pat Ledger,
7850,124230,Patch,رقعة
7851,,"Patch was also installed, updating version patch indicator",
7852,,PaternalAunt,
7853,,PaternalCousin,
7854,,PaternalGrandparent,
7855,,PaternalGreatgrandparent,
7856,,PaternalUncle,
7857,124231,Path for Event Log Backup,طريق لاحتياط تسجيل الحدث
7858,124232,Path to CA Certificate File,طريق لملف شهادة ال CA
7859,124233,Path to CA Key File,طريق لمفتاح شهادة ال CA
7860,124234,Path to MySQL Binaries,طريق لثنائيات MySQL
7861,124235,Path to Perl Binaries,طريق لثنائيات Perl
7862,124236,Path to Temporary Files,طريق للملفات المؤقتة
7863,124237,Patient,مريض
7864,124238,PATIENT,مريض
7865,124239,patient,مريض
7866,,Patient Access,
7867,124240,Patient Address,عنوان المريض
7868,124241,Patient Address is missing,عنوان المريض مفقود
7869,,Patient Adj,
7870,,Patient Adjustment,
7871,124242,Patient allergies,حساسيات المريض
7872,124243,Patient Allergies,حساسيات المريض
7873,,Patient already in form,
7874,,Patient and Insured Informatiom - Boxes 1 - 13 and Physician or Supplier Information - Boxes 14 - 33,
7875,124244,Patient Appointment,موعد المريض
7876,,Patient Assigned Templates,
7877,124245,Patient Balance,باقي حساب المريض
7878,124246,Patient Balance Due,حساب المريض مستحق الدفع
7879,,Patient Billing Note,
7880,,Patient birthday alert requires turning off,
7881,,Patient Characteristics,
7882,124247,Patient chart ID,رقم هوية ملف المريض
7883,,Patient Chat,
7884,124248,Patient Checkout,إنهاء اجراءات المريض
7885,124249,Patient Checkout for ,إنهاء اجراءات المريض ل
7886,124250,Patient City,مدينة المريضة
7887,124251,Patient City is missing,مدينة المريض مفقودة
7888,,Patient city missing,
7889,124252,Patient Communication sent,تم إرسال مراسلات المريض
7890,124253,Patient Comunication Sent,تم إرسال مراسلات المريض
7891,124254,Patient Country,بلد المريض
7892,124255,Patient Country is missing. Also you have not set default Patient Country in Global Settings,بلد المريض مفقودة. كم انك لم تعين بلد افتراضي فى الإعدادات العامة
7893,124256,Patient Coverage,تغطية المريض التأمينية
7894,,Patient Credentials Reset,
7895,,Patient Credit,
7896,,Patient Dashboard,
7897,124257,Patient Data,بيانات المريض
7898,,Patient Date Of Birth,
7899,124258,Patient Date Of Birth is missing,تاريخ ميلاد المريض مفقود
7900,,Patient decision,
7901,,Patient Default,
7902,,Patient Demographics,
7903,,Patient details,
7904,124259,Patient Details,تفاصيل المريض
7905,124260,Patient DOB,تاريخ ميلاد المريض
7906,,Patient DOB missing,
7907,124261,Patient Document,وثيقة المريض
7908,,Patient Document Template Forms,
7909,,Patient Document Template Maintenance,
7910,,Patient Document Template Upload,
7911,,Patient Document Templates,
7912,,Patient Documents,
7913,124262,Patient Education,تعليم المريض
7914,124263,Patient Education Materials,وسائل تعليمية للمريض
7915,124264,Patient Encounter,زيارة المريض
7916,124265,Patient Encounter Form,طلب زيارة المريض
7917,124266,Patient Encounters,زيارة المرضي
7918,124267,Patient Finder,الباحث عن المريض
7919,,Patient Finder Screen,
7920,124268,Patient First name,أسم المريض الأول
7921,,Patient First Name,
7922,124269,Patient First name is missing,أسم المريض الأول مفقود
7923,,Patient Flow Board,
7924,,Patient Flow Board Report,
7925,,Patient Flow Board Rooms,
7926,,Patient Flow Board Timer Interval,
7927,124270,Patient Gender,جنس المريض
7928,124271,Patient Gender is missing,جنس المريض مفقود
7929,,Patient Groups,
7930,124272,Patient has not authorized the Patient Portal.,المريض لم يصرح لبوابة المريض
7931,,Patient Height Vital is required under age 19,
7932,124273,Patient History,التاريخ الطبي للمريض
7933,124274,Patient History / Lifestyle,التاريخ الطبي / اسلوب حياة المريض
7934,124275,Patient Home phone,رقم تلفون منزل المريض
7935,124276,Patient ID,رقم هوية المريض
7936,124277,Patient Id,رقم هوية المريض
7937,124278,Patient ID card,بطاقة رقم هوية المريض
7938,124279,Patient ID Category Name,إسم مجموعة رقم هوية المريض
7939,,Patient identifying information,
7940,,Patient Images,
7941,124280,Patient Immunization,تطعيمات المريض
7942,124281,Patient Information,معلومات المريض
7943,,Patient Information (patients),
7944,124282,Patient Instructions,تعليمات المريض
7945,124283,Patient Insurance Distribution,توزيع تأمين المريض
7946,124284,Patient Insurance Distribution Report,تقرير عن توزيع تأمين المريض
7947,,Patient insurance/financial information,
7948,,Patient is required to enter their contact e-mail if present in Demographics Contact.,
7949,124285,Patient Issues,مشاكل المريض
7950,,Patient Label Type,
7951,124286,Patient Last name,لقب المريض
7952,,Patient Last Name,
7953,124287,Patient Last name is missing,لقب المريض مفقود
7954,,Patient Ledger,
7955,,Patient Ledger by Date,
7956,,Patient Ledger Help,
7957,,Patient Level Billing Note (Collections),
7958,124288,Patient List,قائمة المريض
7959,124289,Patient List Columns,أعمدة قائمة المريض
7960,,Patient List Creation,
7961,124290,Patient List New Window,نافذة جديدة لقائمة المريض
7962,124291,Patient List Page Size,حجم صفحة قائمة المريض
7963,,Patient Login,
7964,124292,Patient Lookup Errors,أخطاء فى البحث عن المريض
7965,,Patient Mail,
7966,,Patient may change their logon from portal login dialog.,
7967,124293,Patient Medical Problems,مشاكل المريض الصحية
7968,124294,Patient Medications,أدوية المريض
7969,,Patient Menu Role,
7970,,Patient Message,
7971,,Patient Messages,
7972,,Patient Messaging,
7973,,Patient must be set manually,
7974,124295,Patient Name,أسم المريض
7975,,Patient name,
7976,124296,Patient Name & Address,أسم المريض وعنوانه
7977,,Patient Name and ID,
7978,,Patient Name and Invoice,
7979,,Patient Name Display,
7980,124297,Patient Name Required,أسم المريض مطلوب
7981,,Patient Name/ID,
7982,124298,Patient Note,مذكرة المريض
7983,124299,Patient Note Types,انواع مذكرة المريض
7984,124300,Patient Notes,مذكرات المريض
7985,124301,"Patient Notes (write,addonly optional)","مذكرات المريض (اكتب, اﻹضافة اختيارية)"
7986,,"Patient Notes (write,addonly optional) (notes)",
7987,124302,Patient Number,رقم المريض
7988,124303,Patient Payment,مدفوعات المريض
7989,,Patient Payments,
7990,124304,Patient Photo Category Name,إسم مجموعة صورة المريض
7991,,PATIENT PORTAL,
7992,124305,Patient Portal,بوابة المريض
7993,,Patient Portal (patientportal),
7994,,Patient Portal (portal),
7995,,Patient Portal connectivity issue,
7996,,Patient Portal Documents,
7997,124306,Patient Portal is turned off,بوابة المريض مغلقة
7998,124307,Patient Portal Login,الولوج الي بوابة المريض
7999,,Patient Portal Secure,
8000,,Patient Portal Site Address,
8001,124308,Patient Portal Web Address,عنوان بوابة المريض على الإنترنت
8002,,Patient previous names history. Ensure to add the date the name was last used if known.,
8003,124309,Patient Printed Report,تقرير المريض المطبوع
8004,,Patient Recalls,
8005,124310,Patient Record Report,تقرير سجل المريض
8006,124311,Patient Record Request,طلب تقرير المريض
8007,124312,Patient Records Request,طلب سجل المريض
8008,,Patient Religion,
8009,124313,Patient Reminder,تنبيه المريض
8010,,Patient Reminder - that is used to communicate relevant information pertaining to that particular Clinical Decision Rule and is shown in the Patient Reminders widget as Well as under Administration > Patient Reminders,
8011,124314,Patient Reminder Batch Job,عمل دفعات لتنبية المريض
8012,124315,Patient Reminder Creation Processing Priority,اولوية إنشاء تنبيه المريض
8013,124316,Patient Reminder Rules,قواعد تنبيه المريض
8014,124317,Patient Reminder Sender Email,ايميل مرسل تنبيه المريض
8015,124318,Patient Reminder Sender Name,اسم مرسل تنبيه المريض
8016,124319,Patient Reminders,تنبيهات المريض
8017,,"Patient Reminders (write,addonly optional)",
8018,,"Patient Reminders (write,addonly optional) (reminder)",
8019,,"Patient Reminders - a list reminders for preventive or follow-up care according to patient preferences based on demographic data, specific conditions, and/or medication list as well as the status of the notification",
8020,124320,Patient Report,تقرير المريض
8021,,Patient Reported Outcomes,
8022,,Patient Reports,
8023,,Patient Reports Help,
8024,124321,Patient Request,طلب المريض
8025,124322,Patient Requested Medical Records,السجلات الطبية المطلوبة بواسطة المريض
8026,,Patient Resource,
8027,124323,Patient Results,نتائج المريض
8028,,Patient Search,
8029,,Patient Search Not Available,
8030,,Patient search or select.,
8031,124324,Patient Search Results Style,تصميم البحث عن نتائج المريض
8032,124325,Patient Search/Add Screen,البحث عن المريض/شاشة الإضافة
8033,,Patient Secure Mail,
8034,,Patient Selection,
8035,124326,Patient Setting,إعدادات المريض
8036,,Patient sex missing,
8037,,Patient Signature,
8038,,Patient Signed,
8039,,Patient Signed Date,
8040,124327,Patient State,ولاية المريض
8041,,Patient state missing,
8042,,Patient Statement Bill,
8043,,Patient statements can be generated as plain text or with a modern graphical appearance.,
8044,,Patient Street Address,
8045,,Patient street missing,
8046,124328,Patient Summary,ملخص المريض
8047,,Patient Surveys,
8048,,Patient Template,
8049,124329,Patient Transactions,تعاملات المريض المادية
8050,,Patient Transactions Help,
8051,,Patient validation,
8052,,Patient Weight Vital is required under age 19,
8053,124330,Patient Zip,رمز المريض البريدي
8054,,Patient Zip Code missing,
8055,,Patient's number,
8056,124331,patient(s) in the database that match the demographic information you have entered.,المرضي في قاعدة البيانات الذي تطابق معلوماتهم السكانية معايير بحثك
8057,124332,Patient/Client,المريض/العميل
8058,124333,Patient:,المريض :
8059,,patient_id,
8060,124334,PatientID,رقم هوية المريض
8061,124335,Patients,المرضي
8062,,Patients (patients),
8063,124336,Patients Processed,المرضي المعالجين
8064,,Patients with debt,
8065,,Patient’s health status,
8066,,Paused status checks.,
8067,124337,Pay,دفع
8068,124338,"Pay attention to the ""Done with"" checkboxes.  After the insurances are marked complete then we will start asking the patient to pay the remaining balance; if you fail to mark all of the insurances complete then the remaining amount will not be collected!  Also if there is a balance that the patient should pay, then set the due date appropriately, as this will affect the language that appears on patient statements.","اعط اهتماما لخانة تأشير المعلمة ب ""تم مع"". كل الدفعات التأمينية المتبقية علي المريض لن تحّصل اذا تم تجاهل هذا اﻹختيار."
8069,,"Pay attention to the 'Done with' checkboxes. After the insurances are marked complete then we will start asking the patient to pay the remaining balance; if you fail to mark all of the insurances complete then the remaining amount will not be collected! Also if there is a balance that the patient should pay, then set the due date appropriately, as this will affect the language that appears on patient statements.",
8070,,Pay Date,
8071,124339,Pay Date:,تاريخ الدفع :
8072,,Pay Invoice,
8073,,Pay Now,
8074,,Pay Previous Balance,
8075,124340,Pay Status,حالة الدفع
8076,124341,Payee Name,اسم المدفوع له
8077,124342,Payer,الدافع
8078,,Payer ID,
8079,,Payer Id For Eligibility,
8080,,Payer ID For Encounter Claims,
8081,,Payer Name,
8082,124343,Payer Type,نوع الدافع
8083,124344,Paying,جاري الدفع
8084,,Paying Amount,
8085,124345,Paying Entity,كيان دافع
8086,124346,Payment,مدفوعة
8087,124347,payment,مدفوعة
8088,124348,Payment Adjustment Code,رمز تعديل المدفوعة
8089,124349,Payment against,المدفوع لأجل
8090,124350,Payment Amount,المبلغ المدفوع
8091,124351,Payment Amount must be Numeric,المبلغ المدفوع يجب ان يكون رقماَ
8092,124352,Payment Category,صنف الدفع
8093,,Payment date,
8094,124353,Payment Date,تاريخ الدفع
8095,124354,payment entered on,تم إدخال الدفع بتاريخ
8096,124355,Payment From,تم الدفع من
8097,124356,Payment Gateways,ممرات الدفع
8098,,Payment Information,
8099,124357,Payment Ins,دفع التأمين
8100,124358,Payment List,قائمة الدفع
8101,124359,Payment Method,طريقة الدفع
8102,,Payment note,
8103,,Payment Processing,
8104,124360,Payment Sort By,إفرز الدفع بواسطة
8105,124361,Payment Status,حالة الدفع
8106,,"Payment successfully sent for authorization. You will be notified when payment is posted. Until payment is accepted and you are notified, you may resubmit this payment at anytime with new amounts or different credit card. Thank you",
8107,,Payment successfully sent for review and posting to your account.,
8108,,Payment Tracking Id,
8109,124362,Payment Type,نوع الدفع
8110,,Payment Validated: Save?,
8111,,Payment value for code,
8112,124363,Payment value for code ,قيمة الدفع بالرمز
8113,,Payment was successfully authorized and charged. Thank You.,
8114,,Payment was successfully authorized and your card is charged.,
8115,124364,Payments,مدفوعات
8116,,Payor,
8117,,Payor ID,
8118,,Payor/Carrier Code,
8119,124365,PCP,طبيب الرعاية الأولية
8120,124366,Pct (%) of rows,نسبة الصفوص
8121,,PD-D{{abbreviation for Binocular Pupillary Diameter - Distance}},
8122,,PD-N{{abbreviation for Binocular Pupillary Diameter - Near}},
8123,124367,PDF,ملف PDF
8124,,"PDF buttons will save, mark claim reviewed and download claim",
8125,,PDF Document,
8126,,PDF Document Parse Error and not included. Check if included in archive.,
8127,,PDF Download Selected,
8128,124368,PDF Download Selected Statements,نزل البيانات المختارة بصيغة PDF
8129,,PDF Language,
8130,,Pdf With Form,
8131,,Pdf Without Form,
8132,,PD{{Inter-pupillary distance}},
8133,,PD{{pupillary distance}},
8134,,Pediatric BMI Percentile,
8135,,Pediatric Head Circumference Percentile,
8136,,Pediatric Height Weight Percentile,
8137,124369,Pelvis and buttock,الحوض و المؤخرة
8138,124370,Pemphigus,شبيه الفقاع
8139,,Pencil,
8140,,pend,
8141,124371,Pending,معلق
8142,,Pending Action,
8143,,Pending Approval,
8144,,Pending Auth since,
8145,,Pending Documents,
8146,124372,Pending F/U,متابعة معلقة
8147,124373,Pending followup,متابعة معلقة
8148,124374,Pending Followup from Results,متابعة معلقة من النتائج
8149,,Pending investigation,
8150,124375,Pending Orders,أوامر معلقة
8151,124376,Pending Res,حجز معلّق
8152,124377,Pending Review,مراجعة معلقة
8153,124378,Pending Rx Count,تعداد الوصفة معلق
8154,,Pending since,
8155,,Penicillin Allergy,
8156,124379,Pennington Firm OpenEMR  v,شركة بنينجتون
8157,124380,Peptic Ulcer Disease,قرحه المعدة
8158,124381,Per Encounter,لكل زيارة
8159,124382,per min,لكل دقيقة
8160,124383,Per Nostril,لكل فتحة انف
8161,124384,per nostril,لكل فتحة انف
8162,124385,Per Oris,عن طريق الفم
8163,124386,per oris,عن طريق الفم
8164,124387,Per Rectum,عن طريق الشرج
8165,124388,per rectum,عن طريق الشرج
8166,124389,Percent,نسبة
8167,,Percentage,
8168,,Percentage of Patients to Drug Test,
8169,,Percentage of Patients to select for Random Drug Testing.,
8170,124390,Percentile,نسبوي
8171,124391,Perforated Right:,مثقوب يمينا:
8172,124392,Perform Search,أجر البحث
8173,124393,Perform this action,أجر هذا الفعل
8174,124394,Performance Percentage,نسبة الأداء
8175,,performed,
8176,,Performer,
8177,124395,Performing Laboratory Facility,منشأة المعمل المؤدي
8178,,Performing organization,
8179,124396,Period,فتره زمنية
8180,124397,Period in days where a user may login with an expired password.,المدة (باليوم) المسموح للمستخدم الدخول بكلمة سر منتهية الصلاحية
8181,124398,Perioperative Care,العناية المتعلقة بالجراحة
8182,,Periph,
8183,124399,Peripheral,طرفي
8184,,Periph{{peripheral retina}},
8185,,Periph{{periphery}},
8186,124400,Permit unsalted passwords,اسمح لكلمات السر السهلة
8187,124401,Persian,فارسي
8188,,Persian (Farsi),
8189,,Persist Login,
8190,124402,Person,شخص
8191,124403,Personalize,حسب الطلب
8192,,"Persons needing a recall, no appt scheduled yet",
8193,,"Persons needing a recall, no appt scheduled yet.",
8194,124404,PG,ما بعد التخرّج
8195,124405,Pharm,دوائي
8196,124406,Pharm Com Count,تعداد أدوية الصيدلية
8197,124407,Pharmacies,صيدليات
8198,,Pharmacies Imported,
8199,124408,Pharmacy,صيدلية
8200,124409,Pharmacy Dispensary,صيدلية بائعة للدواء
8201,,Pharmacy Dispensary (drugs),
8202,,Pharmacy Id,
8203,,Pharmacy Import / Update,
8204,,Pharmacy Import not authorized,
8205,,Pharmacy missing NCPDP ID or less than 7 digits,
8206,,Pharmacy missing NPI  or less than 10 digits,
8207,,Pharmacy not assigned to the patient,
8208,124410,Pheumothorax,الاسترواح الصدري
8209,,phiMail Allow CCD Send,
8210,,phiMail Allow CCR Send,
8211,124411,phiMail Message Check Interval (minutes),phiMail فاصل زمني بين جلب الرسائل
8212,124412,phiMail notification user,phiMail مستخدم التنبيهات
8213,124413,phiMail Password,phiMail كلمة السر ل
8214,124414,phiMail Server Address,phiMail عنوان الخادم
8215,124415,phiMail Username,phiMail اسم المستخدم
8216,,PHIN Questions,
8217,124416,Phone,هاتف
8218,,Phone Biz,
8219,124417,Phone call list,قائمة اتصال الهاتف
8220,,Phone Call List,
8221,124418,Phone Call List report,تقرير قائمة اتصال الهاتف
8222,,Phone call made by,
8223,,Phone Cell,
8224,,Phone Contact,
8225,124419,Phone Gateway Password,كلمة سر ممر الهاتف
8226,124420,Phone Gateway URL,عنوان ممر الهاتف
8227,124421,Phone Gateway Username,إسم مستخدم ممر الهاتف
8228,,Phone Home,
8229,124422,Phone Notification Hour,ساعة إعلام الهاتف
8230,,Phone number,
8231,124423,Phone Number,رقم الهاتف
8232,,Phone number for billing inquiries,
8233,,Phone Number for Vendor Support that Appears on the About Page.,
8234,,Phone(W),
8235,124424,Photophobia,رهاب الضوء
8236,124425,Photos,صور
8237,124426,PHP compressed,PHP مضغوط
8238,124427,PHP CURL module should be enabled in your server.,PHP CURL يجب ان يكون مفعلا فى خادمك
8239,,PHP Default,
8240,124428,PHP extracted,PHP تم فك الضغط عنه
8241,124429,php-GACL access controls are turned off,php-GACL تحكمات وسيلة الوصول مغلقة
8242,124430,PHP-gacl is not installed,PHP-gacl غير مثبّت
8243,124431,Physical Exam,فحص جسدي
8244,,Physician,
8245,124432,Physician Request,طلب الطبيب
8246,124433,Physician Signature,توقيع الطبيب
8247,,Physician Type,
8248,,Physician's UPIN,
8249,124434,Physicians,أطباء
8250,,PH{{pinhole acuity}},
8251,,PH{{Pinhole Vision}},
8252,,PH{{Pinhole}},
8253,124435,pick,إنتقي
8254,124436,Pick,إنتقي
8255,124437,Pick a CSS theme.,إنتقي تصميم ال CSS
8256,,Pick a general theme (need to logout/login after change this setting).,
8257,,Pick a general theme (need to logout/login after changing this setting).,
8258,124438,PID,مَرَضٌ الْتِهابِيٌّ حَوضِيّ
8259,,Pid,
8260,124439,PID (Pelvic Inflammatory Disease),مَرَضٌ الْتِهابِيٌّ حَوضِيّ
8261,124440,Pill Size,حجم حبة الدواء
8262,124441,Pills,حبوب الدواء
8263,,Pinhole Vision,
8264,,Place of Employment-Worksite,
8265,124442,Place the database zip file in the following directory if want the option to install,ضع ملف قاعدة البيانات المضغوط فى المجلد التالي اذا كنت تريد إختيار التثبيت
8266,124443,Place the downloaded ICD 10 database zip files into the following directory,ضع الملف المنزّل قاعدة بيانات ICD 10 المضغوط فى المجلد التالي
8267,124444,Place the downloaded ICD 9 database zip file into the following directory,ضع الملف المنزّل قاعدة بيانات ICD 9 المضغوط فى المجلد التالي
8268,124445,Place the downloaded RxNorm database zip file into the following directory,ضع الملف المنزّل قاعدة بيانات RxNorm المضغوط فى المجلد التالي
8269,124446,Place the downloaded Snomed database zip file into the following directory,ضع الملف المنزّل قاعدة بيانات Snomed المضغوط فى المجلد التالي
8270,,Place the downloaded VALUESET database zip file into the following directory,
8271,,Place your logo in sites/default/images and type the filename including gif extension here.,
8272,124447,Placeholder,ماسك المكان
8273,124448,Placeholder (Maintains empty ACLs),ماسك المكان (يعتني بACLs فارغة)
8274,,Placeholder (Maintains empty ACLs) (filler),
8275,,Placeholder (placeholder),
8276,124449,Plain Text,نص صِرف
8277,124450,Plan,خطة
8278,,Plan Added Successfully,
8279,,Plan Already in list_options,
8280,,Plan copay if known,
8281,,Plan Description,
8282,124451,Plan Name,إسم الخطة
8283,,Plan Name Already Exists,
8284,,Plan Name Already Taken,
8285,,Plan Name Missing,
8286,,Plan of Care,
8287,,Plan of Care Type,
8288,124452,Plan Set,مخططات
8289,,Plan Status Changed,
8290,,Plan Status Failed to Change,
8291,,Plan Type,
8292,,Plan Updated Successfully,
8293,124453,Plan:,خطة:
8294,,Planned Activity,
8295,,Planned Date,
8296,124454,Plans,خطط
8297,,Plans Configuration,
8298,124455,Player,لاعب
8299,124456,Playing Position,موقع اللعب
8300,,Please answer all of the questions,
8301,124457,Please call if any of the above information is incorrect,الرحاء اﻹتصال اذا كانت المعلومات أعلاه غير صحيحة
8302,,Please call if any of the above information is incorrect.,
8303,,Please call or message if any of the above information is incorrect.,
8304,,Please call our office to schedule,
8305,124458,Please change your password.,الرجاء تغيير كلمة السر
8306,124459,Please Choose a file,الرجاء إختر ملف
8307,124460,Please choose a patient,الرجاء إختر مريض
8308,124461,Please choose a valid selection from the list.,الرجاء إختر مختارات مقبولة من القائمة
8309,124462,Please choose a valid selection.,الرجاء إختر مختارات مقبولة
8310,124463,Please choose a value for,الرجاء إختر قيمة ل
8311,124464,"Please choose date range criteria above, and click Refresh to view results.",الرجاء إختر مجال التاريخ أعلاه ثم اضغط على التنشيط لمشاهدة النتائج
8312,124465,Please choose the proper formatted EDI-271 file,الرجاء إختر ملف EDI-271 معالج جيداَ
8313,124466,Please Click download button to download the De Identified data,اضغط زر التنزيل لتنزيل البيانات ممسوحة الهوية
8314,124467,Please Click download button to download the Re Identified data,اضغط زر التنزيل لتنزيل البيانات معاده تعريف الهوية
8315,,Please click on Openings to select a time.,
8316,124468,Please close this window.,الرجاء إغلاق هذة النافذة.
8317,124469,Please compare the new name,الرجاء مقارنة اﻹسم الجديد
8318,,Please Confirm,
8319,,Please consider sending in a donation to,
8320,,Please contact your provider.,
8321,,Please contact your providers office with the following account information,
8322,,"Please contact your systems administrator, the following component(s) are required but are missing.",
8323,,Please correct the value(s) before proceeding!,
8324,124470,Please create the following directory before proceeding,الرجاء إنشاء الملف التالي قبل المضي قدماَ
8325,,Please delete characters,
8326,124471,Please do not accept this prescription unless it was received via facimile.,الرجاء عدم قبول هذة الوصفة الا فى حال استلامها بالفاكس
8327,124472,Please do not accept this prescription unless it was received via facsimile.,الرجاء عدم قبول هذة الوصفة الا فى حال استلامها بالفاكس
8328,124473,"Please do NOT use your browsers stop or reload button while this page is running unless more than 10 minutes have elapsed, this will not cause the process to  stop on the server and will consume uneccesary resources.",الرجاء عدم إستخدام زر الإيقاف او إعادة التحميل بمتصفحك الا فى حالة التوقف أكثر من 10 دقائق
8329,124474,PLEASE ENABLE CURL EXTENSION,الرجاء تمكين إضافة CURL
8330,124475,PLEASE ENABLE OPENSSL EXTENSION,الرجاء تمكين إضافة OPENSSL
8331,124476,PLEASE ENABLE SOAP EXTENSION,الرجاء تمكين إضافة SOAP
8332,124477,PLEASE ENABLE XML EXTENSION,الرجاء تمكين إضافة XML
8333,,"Please ensure that there is only one image file - jpeg, png or bmp in the Patient Photograph folder",
8334,124478,Please enter a date for Last Reviewed.,الرجاء إدخال تاريخ لاخر مراجعة
8335,124479,Please enter a date.,الرجاء ادخال التاريخ
8336,,Please enter a dollar amount using only numbers and a decimal point.,
8337,124480,Please enter a due date,الرجاء ادخال التاريخ المتوقع
8338,,Please enter a enter valid range,
8339,124481,Please enter a message,الرجاء ادخال الرسالة
8340,124482,Please enter a monetary amount using only numbers and a decimal point.,الرجاء ادخال القيمة المادية بإستخدام اﻷرقام و الفواصل فقط
8341,,Please enter a name for this key.,
8342,124483,Please Enter a New Password,الرجاء ادخال كلمة سر جديدة
8343,,Please enter a payment amount,
8344,124484,Please enter a title!,الرجاء ادخال العنوان!
8345,,Please enter a username of 12 to 80 characters. Recommended to include symbols and numbers but not required.,
8346,124485,Please enter a valid Direct Address above.,الرجاء ادخال عنواناَ صالحاَ أعلاه
8347,,Please enter at least the item's name,
8348,,Please enter at least the track's name,
8349,,Please enter card comfirmation authorization,
8350,124486,Please enter correct Re Identification code,الرجاء ادخال رمزاَ صالحاَ ﻹعادة التعريف
8351,,Please Enter End Date greater than Begin Date!,
8352,,Please enter more characters,
8353,,Please Enter New Credentials,
8354,124487,Please enter new search string,الرجاء ادخال طلب بحث جديد
8355,124488,Please enter the correct Re Identification code,الرجاء ادخال رمزاَ صالحاَ ﻹعادة التعريف
8356,124489,Please enter the password,الرجاء ادخال كلمة السر
8357,,Please fill in credit information and send for review.,
8358,,Please fill out facility city properly,
8359,,Please fill out facility fax properly,
8360,,Please fill out facility name properly,
8361,,Please fill out facility phone properly,
8362,,Please fill out facility postal code properly,
8363,,Please fill out facility state properly,
8364,,Please fill out facility street properly,
8365,124490,Please Fill the Check Number,الرجاء إكمال رقم الشيك
8366,,Please Fill the Check or Reference Number,
8367,124491,Please Fill the Check/Ref Number,الرجاء إكمال رقم الشيك/المرجع
8368,124492,Please Fill the Date,الرجاء إكمال التاريخ
8369,124493,Please Fill the Payment Amount,الرجاء إكمال مبلغ الدفع
8370,124494,Please Fill the Payment Category,الرجاء إكمال مجموعة الدفع
8371,124495,Please Fill the Payment From,الرجاء إكمال طلب الدفع
8372,124496,Please Fill the Post To Date,الرجاء إكمال احجز ليوم
8373,124497,Please fill them in before continuing.,الرجاء الإكمال قيل المضي قدماَ
8374,,Please follow up.,
8375,,Please give this key a name,
8376,,Please ignore this email if you did not make this request,
8377,,Please ignore this email if you did not make this request.,
8378,124498,Please indicate visit reason,الرجاء إضافة سبب الزيارة
8379,124499,"Please input search criteria above, and click Submit to start report.",الرجاء إضافة معايير البحث أعلاه ثم اضغط إرسال لبدء التقرير
8380,124500,"Please input search criteria above, and click Submit to view results.",الرجاء إضافة معايير البحث أعلاه ثم اضغط إرسال لرؤية النتائج
8381,124501,"Please input search criteria above, and click Submit to view results. (Results will be displayed in a pop up window)",الرجاء إضافة معايير البحث أعلاه ثم اضغط إرسال لرؤية النتائج (سيتم عرض النتائج في نافذة جديدة)
8382,124502,Please login again.,الرجاء الولوج ثانيا
8383,124503,"Please note that this can take a very long time, up to several minutes, your web browser may not appear very active during this time but generating a bill is a  complicated process and your web browser is merely waiting for more information.",الرجاء الإنتباه إلي ان هذا قد يأخد وقتا طويلا بالدقائق و قد يبدو متصفحك غير مستجيب و لكن إنشاء الفواتير عملية معقدة
8384,,"Please note, this message was received empty and is not an error.",
8385,124504,Please Note: constants are case sensitive and any string is allowed.,الرجاء الإنتباه: الثوابت حساسة لحالة الحرف (مطبق علي الإنجليزية)
8386,124505,Please only use alphabetic characters,الرجاء إستخدام اﻷحرف الكتابية فقط
8387,124506,Please only use alphabetic characters with no spaces,الرجاء إستخدام اﻷحرف الكتابية فقط بدون مسافات
8388,124507,Please pay this amount,الرجاء دفع هذا المبلغ
8389,124508,Please place your install files in following directory,الرجاء ضع ملفات التثبيت في المجلد التالي
8390,,Please provide a valid e-mail address to proceed,
8391,,Please provide a valid email address,
8392,124509,Please refer to,الرجاء حول الي
8393,124510,Please reset the password.,الرجاء تصفير كلمة السر
8394,,Please resolve errors and resubmit order.,
8395,124511,Please restart the apache server before playing with de-identification,الرجاء اعادة تشغيل خادم اﻷباتشي قبل تجربة الغاء الهوية
8396,,Please return this bottom part with your payment,
8397,,Please see forum and wiki,
8398,,Please see forum or wiki,
8399,,Please see http://www.open-emr.org/wiki/index.php/LBV_Forms for more on this topic,
8400,,Please see the attached PDF.,
8401,124512,Please Select,الرجاء إختيار
8402,,Please select a default provider.,
8403,,Please select a format,
8404,124513,Please select a language,الرجاء إختيار اللغة
8405,124514,Please Select a Patient.,الرجاء إختيار المريض
8406,124515,"Please select a Primary Business Entity facility with 'Tax ID' as your facility Tax ID. If you are an individual practitioner, use your tax id. This is used for identifying you in the NewCrop system.",الرجاء إختيار منشأة العمل الرئيسيه مع رقم هويه الضريبة لتعريفها كرمزك الضريبي ولكن ان كنت بمفردك (كعيادة) فإستخدم رقمك الضريبي الخاص
8407,,"Please select a Primary Business Entity facility with 'Tax ID' as your facility Tax ID. If you are an individual practitioner, use your tax id. This is used for identifying you in the NewCrop system.",
8408,,Please select a procedure provider,
8409,124516,Please Select A Recipient,الرجاء إختيار المريض
8410,,Please Select a Recipient for Message.,
8411,124517,Please select a start date and end date,الرجاء إختيار تاريخ البدء و الإنتهاء
8412,124518,Please select a valid recipient,الرجاء إختيار مستفيد قيّم
8413,,Please Select an Active Group,
8414,,Please select an adjustment reason for code,
8415,124519,Please select an adjustment reason for code ,الرجاء إختيار سبب تغيير الرمز
8416,,Please select an answer,
8417,124520,Please select an event,الرجاء إختيار الحدث
8418,,Please select an item that has more data,
8419,124521,Please select any Search Option.,الرجاء إختيار خيار للبحث
8420,,Please select at least one criteria to download,
8421,,Please select at least one patient.,
8422,124522,Please select at least one prescription!,الرجاء إختيار وصفة واحدة علي اﻷقل!
8423,,Please select encounter,
8424,,Please select From date,
8425,,Please select image procedure,
8426,,Please select message(s) to delete,
8427,,Please select procedure,
8428,124523,Please select the desired pages to copy or forward:,الرجاء إختيار الصفحات المختارة للنسخ او التحويل:
8429,124524,Please Select the Payment Method,الرجاء إختيار طريقة الدفع
8430,,Please select the prior release you are converting from,
8431,,Please select To date,
8432,124525,Please Select Type Of Payment.,الرجاء إختيار نوعية الدفع
8433,,Please select visit category,
8434,124526,"Please select X12 partner, required to create the 270 batch","الرجاء إختيار شريك X12, المطلوب لتكوين جمله ال 270"
8435,124527,Please set,الرجاء ضبط
8436,124528,Please set de_identification_config variable back to zero,الرجاء ضبط إعداد إلغاء الهوية الي الصفر ثانيا
8437,,Please set pharmacy in patient's chart!,
8438,,Please Specify at least One Direct Address,
8439,,Please specify Void Notes.,
8440,,Please specify Void Reason.,
8441,124529,Please start new De Identification process,الرجاء البدء بعملية جديدة ﻹلغاء الهوية
8442,,Please supply a heading,
8443,,Please take action to prevent being logged out!,
8444,,Please try again or contact the providers office for further assistance.,
8445,124530,"Please upgrade OpenEMR Database to include De Identification procedures, function, tables",الرجاء ترقية قاعدة بيانات البرنامج لتشمل إجراءات إلغاء الهوية
8446,,Please use valid NPI,
8447,124531,Please view De Identification error log table for more details,الرجاء الإطلاع علي تسجيل جدول الخطأ لإجراءات إلغاء الهوية
8448,124532,Please visit De Identification screen after some time,الرجاء زيارة شاشة إجراءات إلغاء الهوية بعد بعض الوقت
8449,124533,Please visit Re Identification screen after some time,الرجاء زيارة شاشة إجراءات إعادة الهوية بعد بعض الوقت
8450,124534,Please visit the screen after some time,الرجاء زيارة الشاشة بعد بعض الوقت
8451,,Please wait,
8452,,Please wait...,
8453,,Plot item,
8454,,Plot selected Items,
8455,124535,Plural,جمع
8456,,plus 1 year,
8457,,plus 2 years,
8458,,plus 3 years,
8459,124536,PM,مساءً
8460,124537,PM Program,البرنامج المسائي
8461,,PMH,
8462,,PMH Dx,
8463,,PMH{{Past Medical History}},
8464,,PMSFH Panel,
8465,,PMSFH{{Abbreviation for Past medical Surgical Family and Social History}},
8466,124538,Pmt Method,طريقة الدفع
8467,124539,PND,ضيقُ النَّفَسِ اللَّيلِيُّ الانْتِيابِيّ
8468,124540,Pneumococcal Conjugate 1,مترافق المُكَوَّاراتِ الرِّئَوِيَّة 1
8469,124541,Pneumococcal Conjugate 2,مترافق المُكَوَّاراتِ الرِّئَوِيَّة 2
8470,124542,Pneumococcal Conjugate 3,مترافق المُكَوَّاراتِ الرِّئَوِيَّة 3
8471,124543,Pneumococcal Conjugate 4,مترافق المُكَوَّاراتِ الرِّئَوِيَّة 4
8472,124544,Pneumococcal Vaccine,تطعيم المُكَوَّاراتِ الرِّئَوِيَّة
8473,124545,Pneumonia Vaccination,تطعيم ذاتُ الرّئَة
8474,124546,Pneumonia Vaccination Status for Older Adults,حالة تطعيم ذاتُ الرّئَة للبالغين
8475,124547,Pneumonia Vaccination Status for Older Adults (CQM),حالة تطعيم ذاتُ الرّئَة للبالغين (CQM)
8476,124548,Podiatric,طب اﻷقدام
8477,,Podiatry,
8478,,POH{{Past Ocular History}},
8479,124549,Point of Service (POS),نقطة الخدمة
8480,,"Point to a custom user manual. Leave blank for the default, auto-generated URL for specific version of application",
8481,124550,Policy,بوليصة
8482,,Policy Begin Date,
8483,,Policy effective date,
8484,124551,Policy No,رقم البوليصة
8485,124552,Policy Number,رقم البوليصة
8486,124553,Polish,بولندي
8487,124554,Polydypsia,العطاش
8488,,Polygon,
8489,124555,Polyps,سَلاَئِلُ
8490,124556,Polyuria,بُوال
8491,124557,Poor Appetite,ضعف الشهية
8492,124558,Poor Circulation,دورة ضعيفة
8493,124559,Poor Hearing,سمع ضعيف
8494,,Pop Out,
8495,,Pop Out Full Screen.,
8496,124560,Pop ups need to be enabled to see these reports,خاصية النوافذ المنبثقة يجب ان تفعّل لرؤية هذة التقارير
8497,,Populate Fee Sheet,
8498,124561,Populate the year view with events?,إملأ منظر السنة باﻷحداث؟
8499,124562,Popups,النوافذ المنبثقة
8500,,Port,
8501,124563,Portal,بوابة
8502,,Portal Account Name,
8503,124564,Portal Activity,نشاط البوابة
8504,,Portal Alerts,
8505,,Portal Audits,
8506,,Portal Chats,
8507,,Portal Credential Information,
8508,,Portal Dashboard,
8509,,Portal Document Review,
8510,,Portal ID,
8511,,Portal ID does not match request from portal!,
8512,,Portal Idle Session Timeout Seconds,
8513,,Portal Mail,
8514,,Portal Only,
8515,,Portal password is missing,
8516,,Portal Payments,
8517,,Portal Requests,
8518,,Portal Uses Server Base Path (internal),
8519,,Portrait,
8520,124565,Portuguese,برتغالي
8521,,Portuguese (Angolan),
8522,124566,Portuguese (Brazilian),برتغالي (برازيلي)
8523,124567,Portuguese (European),برتغالي (اوروبي)
8524,124568,POS Code,رمز نقطة الخدمة
8525,,POS Payment,
8526,,POS Payments,
8527,,POS Printer,
8528,,Pos/Abn,
8529,,Position,
8530,,Position of Gaze,
8531,124569,Positive,إيجابي
8532,124570,Positives,إيجابيات
8533,,Possible,
8534,,Post Date,
8535,124571,Post For,إعرض بدلا عن
8536,,Post Item,
8537,124572,Post Nasal Drip,تدفق إفرازات الأنف إلى الخلف
8538,,Post Payment,
8539,124573,Post Payments,ما بعد المدفوعات
8540,124574,Post surgical,ما بعد الجراحة
8541,124575,Post to accounting and mark as billed,أرسل الي المحاسبة و صنف كمفوتر
8542,124576,Post To Date,أرسل الي التاريخ
8543,124577,Post To Date Cannot be greater than Today,أرسل الي التاريخ لا يجوز ان يكون ابعد من اليوم
8544,,Post To Date must be greater than the financial close date.,
8545,124578,Post To Date Must be greater than the Financial Close Date.,أرسل الي التاريخ يجب ان يكون أكبر من تاريخ أغلاق المحاسبة
8546,124579,Post-Abortion Care,عناية ما بعد اﻹجهاض
8547,124580,Post-Abortion Contraception,منع حمل ما بعد اﻹجهاض
8548,124581,Post-Abortion Counseling,إرشاد ما بعد اﻹجهاض
8549,124582,Post-Abortion Followup,متابعة ما بعد اﻹجهاض
8550,124583,Postal,بريدي
8551,124584,Postal Code,الرمز البريدي
8552,124585,Postal code,الرمز البريدي
8553,,Postal Code and Box Number,
8554,124586,PostCalendar,PostCalendar
8555,124587,PostCalendar Administration,إدارة PostCalendar
8556,124588,PostCalendar Category Settings,إعدادات تصنييف PostCalendar
8557,124589,PostCalendar Global Settings,إعدادات العامة PostCalendar
8558,,Postcard,
8559,,POSTCARD,
8560,,Postcard printed by,
8561,,Postcards,
8562,124590,Posted on,تم اﻹرسال بتاريخ
8563,,Posterior Segment,
8564,,Posting,
8565,124591,Posting Date,تاريخ اﻹرسال
8566,,post{{posterior}},
8567,,Pos{{Abbreviation for Position}},
8568,,POS{{Past Ocular Surgery}},
8569,,Potential Acuity,
8570,,Potential Acuity Meter,
8571,124592,Powered by,مشغل ب
8572,124593,PPE + Prev Med/Surg Hx,معدات السلامة الشخصية + التاريخ المرضي الطبي و الجراحي
8573,124594,PQRI,مبادرة اﻹبلغ عن كفائة الطبيب
8574,124595,PQRI Registry ID,رقم التسجيل لمبادرة اﻹبلاغ عن كفائة الطبيب
8575,124596,PQRI Registry Name,إسم التسجيل لمبادرة اﻹبلاغ عن كفائة الطبيب
8576,124597,Practice,ممارسة
8577,124598,Practice Default Setting,الإعدادت الإفتراضية للممارسة
8578,124599,Practice Settings,إعدادت الممارسة
8579,,Practice Settings (practice),
8580,124600,Practitioner,ممارس
8581,,Pre Participation Assessment,
8582,124601,Pre Pay,قبل الدفع
8583,124602,Pre Payment,قبل الدفعة
8584,124603,Pre-Abortion Consultation,إستشارة ما قبل اﻹجهاض
8585,124604,Pre-Abortion Counseling,إرشاد ما قبل اﻹجهاض
8586,,Pre-payment Amount,
8587,124605,Pref Cat,المجموعة المفضّلة
8588,,Preference,
8589,124606,Preferences,التفضيلات
8590,,Preferences updated successfully,
8591,124607,Preferred Event Category,تصنيف الحدث المفضل
8592,124608,Preferred Language,اللغة المفضلة
8593,124609,Preferred Pharmacy,الصيدلية المفضلة
8594,124610,Preferred Provider Organization (PPO),المنظمة المزودة المفضلة
8595,124611,Preg Test,إختبار الحمل
8596,124612,Preliminary,مبدئي
8597,124613,Preparing To Run Report,يتم التجهيز لإعداد التقرير
8598,124614,Prepay,مسبق الدفع
8599,,Prepayment,
8600,,Prepend Blank Row,
8601,124615,Prescription,وصفة دوائية
8602,,Prescription - lists the prescriptions of the current patient,
8603,124616,prescription has reached its limit of,الوصفة الدوائية وصلت الي حدود ال
8604,124617,Prescription History,سرد تاريخ الوصفة الدوائية
8605,124618,Prescription History import successfully completed,تم جلب تاريخ الوصفة الدوائية بنجاح
8606,124619,Prescription Label,علامة الوصفة الدوائية
8607,124620,Prescription Report,تقرير الوصفة الدوائية
8608,,Prescription successfully removed.,
8609,,Prescription Transmit Review,
8610,124621,Prescriptions,الوصفات الدوائية
8611,,"Prescriptions (write,addonly optional)",
8612,,"Prescriptions (write,addonly optional) (rx)",
8613,124622,Prescriptions and Dispensations,الوصفات الدوائية و الصرف الدوائي
8614,124623,Prescriptions and other referrals,الوصفات الدوائية و التحويلات اﻷخري
8615,124624,Prescriptions and/or referrals by specialist,الوصفات الدوائية و/او التحويلات بواسطة اﻷخصائي
8616,,Prescriptions may be created from the Fee Sheet.,
8617,124625,Prescriptions Report,تقرير الوصفات الدوائية
8618,,Prescriptions Review Not Authorized,
8619,124626,Prescriptions/Referrals,الوصفات الدوائية / التحويلات
8620,124627,Present,الحاضر
8621,,Present an additional PDF custom receipt after checkout.,
8622,124628,Presenting Complaint,الشكوي الحالية
8623,124629,Presenting Issue(s),المشاكل الحالية
8624,124630,Press Continue to proceed,إضغط أكمل لتتابع
8625,,Press the flashing button on the USB key within 1 minute of inserting it and click on register to register the key with OpenEMR,
8626,,Press this icon to build your Impression/Plan.,
8627,124631,Presumed Diagnosis,التشخيص المفترض
8628,124632,Presumed diagnosis by specialist,التشخيص المفترض بواسطة اﻷخصائي
8629,124633,Prev,السابق
8630,124634,Prev Med/Surg Hx,التاريخ المرضي الطبي و الجراحي السابق
8631,124635,Prev. month (hold for menu),الشهر السابق (إبق ضاغطا للقائمة)
8632,124636,Prev. year (hold for menu),السنة السابقة (إبق ضاغطا للقائمة)
8633,,Prevent Web Browser Refresh,
8634,124637,Preventative Care,الرعاية الوقائية
8635,,Prevention Rehab,
8636,,Preventive Care and Screening: Tobacco Use: Screening and Cessation Intervention (CQM),
8637,,Preview Changes,
8638,124638,Preview Event,إستعرض الحدث
8639,,Preview file,
8640,,Preview not available for this document type,
8641,124639,Preview of,إستعراض ال
8642,124640,Previous,السابق
8643,,Previous Balance,
8644,124641,Previous Consultations,الإستشارات السابقة
8645,124642,Previous Day,اليوم السابق
8646,,Previous Encounter Drawings,
8647,124643,Previous History/Screening,التاريخ الطبي / المعاينة السابقة
8648,124644,Previous Month,الشهر السابق
8649,,Previous name history already exist. Try again or Cancel.,
8650,,Previous Names,
8651,124645,Previous Week,الأسبوع الماضي
8652,124646,Price,السعر
8653,,Price can be manually set or if already set can be altered here,
8654,,Price changed,
8655,124647,Price Discounting,خصم السعر
8656,124648,Price Level,مستوى السعر
8657,,Price level changed,
8658,124649,Price Level:,مستوى السعر:
8659,,Pricelevel,
8660,124650,Prices,السعار
8661,124651,Primary,أولّي
8662,124652,Primary Business Entity,الكيان التجاري الأولي
8663,124653,Primary Business Entity tax id is used as account id for NewCrop ePrescription. Changing the facility will affect the working in NewCrop.,الرقم الضريبي للكيان التجاري الأولي سيستخدم كرقم حساب
8664,,Primary Business Entity tax id is used as the account id for NewCrop ePrescription.,
8665,,Primary Care,
8666,,Primary Care Provider,
8667,,Primary Diagnosis,
8668,,Primary Facility City,
8669,,Primary Facility Country code,
8670,,Primary Facility State,
8671,,Primary Facility Street Address,
8672,,Primary Facility Zip Code,
8673,124654,Primary Ins,تأمين أولّي
8674,124655,Primary Insurance,تأمين أولّي
8675,124656,Primary Insurance Data,بيانات التأمين الأولّي
8676,124657,Primary Insurance Provider,مزوّد التأمين الأولّي
8677,124658,Primary Provider,المزوّد الأولّي
8678,124659,Print,إطبع
8679,124660,Print (HTML),إطبع (HTML)
8680,124661,Print (PDF),إطبع (PDF)
8681,,Print Amendments,
8682,124662,Print Any Encounter,إطبع اي زيارة
8683,124663,Print Blank Referral Form,إطبع طلب تحويل فارغ
8684,,Print Checkout,
8685,124664,Print Command,إطبع اﻷمر
8686,,Print Custom Message,
8687,124665,Print Date,إطبع التاريخ
8688,,Print End of Day Report 1,
8689,,Print End of Day Report 2,
8690,,Print End of Day Report 3,
8691,,Print Entire Listing,
8692,124666,Print Format,إطبع التهيئة
8693,124667,Print Four Panel,إطبع اربع واجهات
8694,,Print Ledger,
8695,,Print locally,
8696,124668,Print message,إطبع الرسالة
8697,124669,Print Multiple,إطبع متعدد
8698,124670,Print Multiple To Fax,إطبع متعدد للفاكس
8699,124671,"Print name, sign and date.","إطبع الإسم, التوقيع و التاريخ"
8700,124672,Print Notes,إطبع الملاحظة
8701,124673,Print Page 1,إطبع الصفحة 1
8702,124674,Print Page 2,إطبع الصفحة 2
8703,,Print Patient Address Label,
8704,,Print Patient Billing Note,
8705,124675,Print Receipts by Provider,إطبع أرصدة المزود
8706,124676,Print Record,إطبع السجل
8707,,Print Record (HTML),
8708,,Print Record (PDF),
8709,,Print remotely,
8710,,Print Report,
8711,,Print Selected,
8712,124677,Print Selected Statements,إطبع البيانات المختارة
8713,124678,Print Shot Record,إطبع سجل التطعيم
8714,,Print the Next Appointment on the Bottom of the Ledger,
8715,124679,Print This Encounter,إطبع هذه الزيارة
8716,,Print this form,
8717,124680,Print this note,إطبع هذه الملاحظة
8718,124681,Print This Note,إطبع هذه الملاحظة
8719,,Print To,
8720,124682,Print To Fax,إطبع للفاكس
8721,124683,Print View,معاينة الطباعة
8722,124684,printable,قابل للطباعة
8723,124685,Printable Version,نسخة قابلة للطباعة
8724,124686,Printed,تم الطبع
8725,,Printed on,
8726,,Printer,
8727,,Printing Log Option,
8728,124687,Printing results:,نتائج الطباعة :
8729,124688,Printing skipped; see test output in,"تم تجاوز الطباعة, انظر نتيجة الإختبار في"
8730,124689,Printing skipped; see test output in ,"تم تجاوز الطباعة, انظر نتيجة الإختبار في"
8731,,Prints the CMS 1500 on the Preprinted form,
8732,124690,Prior Auth,تصريح مسبق
8733,,Prior Authorization,
8734,124691,Prior Authorization Form,طلب تصريح مسبق
8735,,Prior Exam,
8736,,Prior Eye Meds,
8737,,Prior IMP/PLAN,
8738,,Prior Refractions,
8739,,Prior Validations Errors,
8740,124692,Prior Visit,زيارة مسبقة
8741,,Prior Visits,
8742,124693,Priority,أولوية
8743,124694,Priority ,أولوية
8744,,Prism,
8745,,Prism Diopters,
8746,,Prison Correctional Facility,
8747,124695,Private,خاص
8748,124696,Problem,مشكلة
8749,124697,Problem DX,تشخيص المشكلة
8750,124698,Problem List,قائمة المشاكل
8751,,Problem loading.,
8752,,Problems,
8753,,Problems & Diagnoses,
8754,,Problems or Code,
8755,124699,Problems/Issues,مشاكل/إشكاليات
8756,124700,Proc Bat,مجموع العملية
8757,124701,Proc Cat,تصنيف العملية
8758,124702,Proc Load,حمّل العملية
8759,124703,Proc Pending Rev,حجز العملية تحت الطلب
8760,124704,Proc Prov,مزود العملية
8761,124705,Proc Res,حجز العملية
8762,124706,Procedure,عملية
8763,124707,Procedure Body Sites,الأجزاء المجري لها العملية
8764,,"Procedure Body Sites - Arm, Buttock and Other - used for immunization - modify as needed",
8765,124708,Procedure Boolean Results,نتائج بولونية للعملية (ناجحة/فاشلة)
8766,,Procedure Boolean Results - No and Yes,
8767,124709,Procedure Code,رمز العملية
8768,124710,Procedure Codes,رموز العملية
8769,124711,Procedure Lateralities,تجانبات العملية
8770,,"Procedure Lateralities - Left, Right and Bilateral",
8771,124712,Procedure Name,إسم العملية
8772,,Procedure Note - 2010,
8773,124713,Procedure Order,أمر العملية
8774,124714,Procedure order,أمر العملية
8775,,Procedure Order Details,
8776,124715,Procedure Order for,أمر العملية ل
8777,,Procedure order not found,
8778,,procedure order not found in database contact tech support,
8779,124716,Procedure Orders and Reports,أوامر و تقارير العملية
8780,124717,Procedure Picker,مختار العملية
8781,124718,Procedure provider,مزود العملية
8782,124719,Procedure Provider,مزود العملية
8783,,Procedure Provider Help,
8784,124720,Procedure Providers,مزودي العملية
8785,124721,Procedure Report,تقرير العملية
8786,,Procedure Report Abnormal,
8787,,"Procedure Report Abnormal - No, Yes, High, Low Above upper panic limit and Below lower panic limit",
8788,124722,Procedure Report Statuses,حالات تقرير العملية
8789,,"Procedure Report Statuses - Final, Reviewed, Preliminary, Canceled, Error and Corrected",
8790,124723,Procedure Result Abnormal,نتائج العملية غير طبيعية
8791,124724,Procedure Result Statuses,حالات نتائج العملية
8792,,"Procedure Result Statuses - Final, Preliminary, Canceled, Error, Corrected and Incomplete",
8793,124725,Procedure Results,نتائج العملية
8794,124726,Procedure Routes,طرق العملية
8795,,"Procedure Routes - Injection, Oral and Other",
8796,124727,Procedure Specimen Types,أنواع عينة العملية
8797,,"Procedure Specimen Types - Blood, Saliva, Urine and Other",
8798,124728,Procedure Statistics Report,تقرير إحصائات العملية
8799,,Procedure Test,
8800,,Procedure Tier,
8801,124729,Procedure Type,نوع العملية
8802,124730,Procedure Types,أنواع العملية
8803,,"Procedure Types - Group, Procedure Order, Discrete Result, Recommendation, Custom Favorite Group and Custom Favorite Item. Used in the next step - Configure the lab test structure",
8804,124731,Procedure Units,وحدات العملية
8805,,"Procedure Units - various units needed to define result values - may need to add to this list depending on the tests that are included, will vary according to need",
8806,124732,Procedure/Service,عمليات/خدمات
8807,124733,Procedures,عمليات
8808,,Proceed,
8809,,Proceeding to Preferences,
8810,124734,Process,شغّل
8811,124735,Process and Send Reminders,شغّل و أرسل التنبيهات
8812,124736,Process ERA File,شغّل ملف ERA
8813,,Process New Files,
8814,124737,Process new files for CSV records,شغّل الملفات الجديدة ل تسجيلات CSV
8815,124738,Process Reminders,شغّل و أرسل التنبيهات
8816,,Process Results For,
8817,124739,Process takes some time,التشغيل يحتاج الي بعض الوقت
8818,,Process UDI,
8819,124740,Processed,تم تشغيلة
8820,124741,Processed By,تم تشغيلة من قِبل
8821,124742,Processed Date,تاريخ التشغيل
8822,124743,processed successfully,تم تشغيلة بنجاح
8823,124744,Processing,جاري التشغيل
8824,124745,Processing and Sending Patient Reminders,جاري التشغيل و إرسال تنبيهات المرضي
8825,,Processing Details,
8826,,Processing format,
8827,,Processing Lab Name/Internal Lab Id/Results File Name,
8828,124746,Processing Patient Reminders,جاري تشغيل تنبيهات المرضي
8829,124747,Processing Time,زمن التشغيل
8830,,Processing...,
8831,124748,Product,منتج
8832,,Product added,
8833,124749,Product Contraceptive Method,طريقة منع الحمل للمنتج
8834,,Product deleted,
8835,,Product name is required,
8836,,Product-level reorder point has been reached,
8837,124750,Production,إنتاج
8838,124751,Products,منتجات
8839,124752,Products but no prescription drugs and no templates,منتجات لكن لا عقاقير و لا قوالب
8840,,Products Provided,
8841,124753,Prof.,بروفيسور
8842,,Profile,
8843,,Profile Demographics,
8844,,Profile Edits Red = Charted Values Blue = Patient Edits,
8845,,Profile Templates Successfully set to Active in portal.,
8846,,Profiles,
8847,,Profiles in Portal,
8848,,Profiles successfully saved.,
8849,,Profiles that have patient groups assigned to them are handled differently than those that do not. The latter is sent from the Scope toolbar to selected Location where the former shows an Update button to make the group profiles active for portal.,
8850,,Prog.{{Progressive lenses}},
8851,,Progress,
8852,,Progress Note - 2010,
8853,124754,Progress Notes,ملاحظات التقدم
8854,,Progressive,
8855,,Properties,
8856,,Proprietary hardware tokens,
8857,,Proprietary hardware tokens are tamper proof and are not connected to the internet or any network,
8858,124755,Prostate Cancer,سرطان البروستاتا
8859,124756,Prostate Cancer Screening,الفحص المبكر لسرطان البروستاتا
8860,124757,Prostate Exam,فحص البروستاتا
8861,124758,Prostate Problems,مشاكل البروستاتا
8862,124759,"Prostate w/o enlrgmt, nodules, tender",بروستاتا بدون تضخم او عقد او الم
8863,,Protection Indicator,
8864,,Protection Indicator Effective Date,
8865,124760,Protocol,بروتوكول
8866,,Protocol - consists of two parts - the method used to send orders and receive results and whether it is used to receive results only or is used to send orders and receive result i.e. bidirectional,
8867,124761,Provide absolute path,زوّد الطريق الأوحد
8868,124762,Provide absolute path of file,زوّد الطريق الأوحد للملف
8869,,Provide absolute path of following file in Path to CA Certificate File,
8870,,Provide absolute path of following file in Path to CA Key File,
8871,,Provide clinical summaries for patients for each office visit (New).,
8872,124763,Provide clinical summaries for patients for each office visit.,زوّد الملخصات الطبيبة للمرضي لكل زيارة
8873,,Provide Password for,
8874,124764,"Provide patients with an electronic copy of their health information (including diagnostic test results, problem list, medication lists, medication allergies), upon request.",زوّد المرضي بنسخ الكترونية عن الحالة الصحية
8875,124765,"Provide patients with timely electronic access to their health information (including lab results, problem list, medication lists, medication allergies) within four business days of the information being available to the EP.",زوّد المرضي بتصريح الكتروني محدد بوقت عن الحالة الصحية
8876,124766,Provide Records to Patient for Visit,زوّد المريض بنسخ الكترونية عن الحالة الصحية لهذة الزيارة
8877,,Provide TOTP code,
8878,124767,Provide valid Email Address,أدخل إيميل صالح
8879,124768,Provided Clinical Summary?,تم تزويد الملخص الصحي؟
8880,124769,Provided Education Resource(s)?,تم تزويد المصادر التعليمية؟
8881,124770,Provider,مزوّد
8882,,provider,
8883,,Provider Access,
8884,,Provider Dashboard,
8885,,Provider email address is missing. Go to address book to add providers email address,
8886,124771,Provider Id,رقم هوية المزوّد
8887,124772,Provider ID,رقم هوية المزوّد
8888,124773,Provider ID at Specified Facility,رقم هوية المزوّد للمنشأة المعنّية
8889,124774,Provider Matching Errors,زوّد اﻷخطاء المتشابهة
8890,,Provider Missing Add one in Choices,
8891,,Provider Missing NPI or Provider not selected in choices,
8892,,provider name,
8893,,"Provider not available, please choose another.",
8894,,"Provider not available, use it anyway?",
8895,124775,Provider Number,رقم المزوّد
8896,,Provider Number (Type),
8897,,Provider Password is missing,
8898,,Provider Qualifier Code,
8899,124776,Provider Relationship,علاقة المزوّد
8900,,Provider Type,
8901,,Provider/Warehouse,
8902,124777,Provider:,مزوّد:
8903,124778,Providers,مزودين
8904,124779,Providers NPI,رقم تعريف المزوّد الوطني
8905,124780,Providers See Entire Calendar,يمكن للمزوّد رؤية الرزنامة كلها
8906,,PRO{{Patient Reported Outcomes}},
8907,124781,Prv,السابق
8908,124782,PSA,مولّد المضاد الخاص بالبروستاتا
8909,,PSC Hold Order,
8910,124783,Psoriasis,الصدفية
8911,,Psych,
8912,124784,Psych Diagnosis,التشخيص النفسي
8913,124785,Psych Medication,الدواء النفسي
8914,124786,Psychiatric,الطب النفسي
8915,124787,Psychiatric Brief Letter,رسالة التعريف بالمرض النفسي
8916,124788,Psychiatric Diagnosis,تشخيص المرض النفسي
8917,124789,Psychiatric Examination,فحص المرض النفسي
8918,,Psychiatric Facility-Partial Hospitalization,
8919,124790,Psychiatric History,تاريخ طبي بالأمراض النفسية
8920,124791,Psychiatric Intake,استهلاك الدواء النفسي
8921,124792,Psychiatric Medication,الدواء النفسي
8922,,Psychiatric Residential Treatment Center,
8923,,Psych{{psychiatric}},
8924,,PSYCH{{Psychiatry}},
8925,124793,Pt %,نسبة المرضي
8926,,Pt Debt,
8927,124794,Pt Notes,ملاحظات المريض
8928,124795,Pt Notes/Auth,ملاحظات/تصريح المريض
8929,124796,Pt overpaid,دفع المريض زيادة عن المطلوب
8930,,Pt paid,
8931,124797,Pt Paid,تم الدفع من قبل المريض
8932,124798,Pt Rec Request,طلب رصيد للمريض
8933,124799,Pt refund,تم إرجاع المبلغ للمريض
8934,124800,Pt released,تم تسريح المريض
8935,124801,Pt Report,تقرير المريض
8936,124802,"PT Student, or leave blank",المريض طالب او اترك فارغاَ
8937,124803,PT_CITY,مدينة المريض
8938,124804,PT_DOB,تاريخ ميلاد المريض
8939,,PT_EMAIL,
8940,124805,PT_FNAME,إسم المريض الأول
8941,124806,PT_LNAME,إسم المريض الأخير
8942,124807,PT_MNAME,إسم المريض المتوسط
8943,,PT_PHONE_CELL,
8944,,PT_PHONE_HOME,
8945,124808,PT_POSTAL,عنوان المريض البريدي
8946,,PT_SSN,
8947,124809,PT_STATE,ولاية المريض
8948,124810,PT_STREET,شارع المريض
8949,,Pubid,
8950,124811,Public,عام
8951,,Public Agency,
8952,,Public Health Clinic,
8953,,Public health physician,
8954,124812,Public Health Service (PHS) or Other Federal Agency,الخدمات الصحية العامة
8955,,Public Patient Id,
8956,,Publicity Code,
8957,,Publicity Code Effective Date,
8958,,Publish,
8959,,Publish Patient to FHIR Server,
8960,,Pubpid,
8961,124813,Puerto Rican,برتوريكي
8962,,puff,
8963,124814,Pulmonary,رئوي
8964,,PULM{{Pulmonary}},
8965,124815,Pulse,نبض
8966,124816,Punjabi,بنجابي
8967,,Pupils,
8968,124817,Purchase,شراء
8969,,Purchase or Transfer,
8970,,Purchase/Receipt,
8971,124818,Purchase/Return,شراء/إعادة
8972,124819,Purchases,مشتريات
8973,,px,
8974,,Pyschiatry,
8975,124820,P{{Justify Header}},P{{Justify Header}}
8976,,Pāli,
8977,124821,q.3h,كل 3 ساعات
8978,124822,q.4h,كل 4 ساعات
8979,124823,q.5h,كل 5 ساعات
8980,124824,q.6h,كل 6 ساعات
8981,124825,q.8h,كل 8 ساعات
8982,124826,q.d.,مرة واحدة يومياَ
8983,124827,q.i.d.,أربع مرات يومياَ
8984,,QHD,
8985,,QOE,
8986,124828,QOH,كل ساعة و ترك
8987,124829,QOH is less than monthly usage,"جرعة ""كل ساعة و ترك"" إقل من الجرعة الشهرية"
8988,,Qrda Lab,
8989,124830,QTY,الكمّية
8990,124831,Qty,الكمّية
8991,124832,Quality,الجودة
8992,124833,Quality Measures (CQM),مقاييس الجودة
8993,124834,Quantity,الكمّية
8994,,Quantity cannot be negative for this transaction type,
8995,,Quantity changed,
8996,124835,Quantity for NDC,الكمّية لرمز الدواء الوطني
8997,124836,Quantity On Hand,الكمّية المتوفرة
8998,124837,quantity seems unusable,الكمّية غير قابلة للإستخدام
8999,,Quantity:,
9000,,Quechua,
9001,,Query Error,
9002,,querystring hash was invalid,
9003,,Quest Cert Debug,
9004,,Quest Cert Testing,
9005,124838,Question Mark,إشارة إستفهام
9006,124839,Queue for HCFA batch processing,كوّن طابوراَ لتشغيل HCFA بالجملة
9007,124840,Queue for HCFA batch processing and printing,كوّن طابوراَ لتشغيل و طباعة HCFA بالجملة
9008,124841,Queue for UB-92 batch processing,كوّن طابوراَ لتشغيل UB-92 بالجملة
9009,124842,Queue for UB-92 batch processing and printing,كوّن طابوراَ لتشغيل و طباعة UB-92 بالجملة
9010,124843,Queued,تم تكوين الطابور
9011,124844,Queued Events Administration,تم تكوين طابور إدارة الأحداث
9012,124845,Queued for,تم تكوين طابور ل
9013,,Queued for Transfer,
9014,124846,Queued Submissions Administration,تم تكوين طابور إدارة التقديم
9015,,Quick Picks,
9016,124847,Quit,إمتنع
9017,124848,Quit Alcohol,إمتنع عن الكحول
9018,,QWXGA,
9019,124849,R,ر
9020,,R/LG{{right/left gonioscopy}},
9021,,R/LPACH{{right/left pachymetry}},
9022,,R/LSCH1{{right/left Schirmers I (w/o anesthesia)}},
9023,,R/LSCH2{{right/left Schirmers II (w/ anesthesia)}},
9024,,R/LTBUT{{right/left Tear Break Up Time}},
9025,124850,"RA for Patient, Encounter, or Trace","RA للمريض, الزيارة او التتبع"
9026,124851,Race,العِرق
9027,124852,Race and Ethnicity,العِرقية
9028,124853,Race/Ethnicity,العِرقية
9029,,RAC{{right anterior chamber}},
9030,124854,Radio,الراديو
9031,124855,Radio buttons,مفاتيح الراديو
9032,,Radio Group Master,
9033,,Radio Group Member,
9034,,RAD{{right adnexa}},
9035,,Random Drug Screen,
9036,124856,Range,المجال
9037,,Rapid Workflow Option,
9038,124857,Rashes,طفح جلدي
9039,124858,Rate,المعدل
9040,,Rather than granting access to each ACO individually for each user the program grants access to groups that request these privileges. These groups are called Access Request Objects (ARO).,
9041,124859,Ratio,النسبة
9042,124860,Raw Report,تقرير خام
9043,,RB{{right brow}},
9044,,RCMT{{right Central Macular Thickness}},
9045,,RCOM{{right comments}},
9046,,RCUP{{right cup}},
9047,,RC{{right conjunctiva}},
9048,,RD{{retinal detachment}},
9049,,RD{{right disc}},
9050,124861,Re Identification,إعادة التعريف
9051,124862,Re Identification Process is completed,تمت عملية إعادة التعريف
9052,124863,Re Identification Process is ongoing,جار العمل علي إعادة التعريف
9053,124864,Re-identification files will be saved in,سيتم حفظ ملفات إعادة التعريف في
9054,124865,Re-Injury?,تكرار الإصابة؟
9055,124866,Re-Open,إعادة الفتح
9056,,Re-Open Visit,
9057,124867,Re-opened,تمت
9058,,Re-opening this visit will cause a void. Payment information will need to be re-entered. Do you want to proceed?,
9059,,Re-Process UDI,
9060,124868,Reaction,ردة الفعل
9061,,"Reaction - hives, nausea, shortness of breath or unassigned",
9062,124869,Reactions,ردود الفعل
9063,,Reactivate,
9064,,react{{reactivity}},
9065,124870,Read,يقرأ
9066,,Read Only,
9067,,Read the help file there to understand the initial pre-configuration steps,
9068,,Read these two wiki articles for customizing the Fee Sheet,
9069,,Read this wiki page for more details,
9070,,Read through this help file and its supporting documents before you start to configure the orders and results,
9071,,Read-only from History,
9072,124871,Real Name,الإسم الحقيقي
9073,124872,Really delete,أحذف حقاَ
9074,,Really destroy this lot?,
9075,124873,Reason,سبب
9076,124874,Reason Deceased,سبب الوفاة
9077,124875,Reason for Death,سبب الوفاة
9078,,Reason for Referral,
9079,124876,Reason for referral,سبب الإحالة
9080,,Reason for visit,
9081,124877,Reason for Visit,سبب الزيارة
9082,,Reason must be at least 10 characters!,
9083,,Reason not given,
9084,124878,Reason/Form,سبب/طلب
9085,,Reason/Plan,
9086,,Recalculate,
9087,,Recall,
9088,,Recall Board,
9089,,RECALL BOARD - Default - without MedEx Communication Service,
9090,,Recall Board: Disable,
9091,,Recall Campaigns,
9092,,Recall only - any method,
9093,,Recall only - no calls,
9094,,Recall Reason,
9095,,Recall Schedule,
9096,,Recall to provider,
9097,,Recall When,
9098,,Recalls,
9099,124879,Receipt,إيصال
9100,124880,Receipt for Payment,إيصال مدفوعات
9101,124881,Receipt Generated,تم عمل الإيصال
9102,124882,Receipts by Payment Method Report,تقرير عن طرق دفع الإيصالات
9103,124883,Receipts Summary,موجز الإيصالات
9104,124884,Received,تم الإستلام
9105,124885,Received By,تم الإستلام من قِبل
9106,124886,Received Faxes,تم إستلام الفاكس
9107,,Received messages are processed and a new Patient Note is delivered to a specified user and appears in that user's Message Center,
9108,124887,"Received, not reviewed",تم الإستلام و لم تتم المراجعة
9109,,"Received, unreviewed",
9110,124888,Receiver,مستلم
9111,124889,Receiver ID,رقم هوية المستلم
9112,124890,Receiver ID (ISA08),رقم هوية المستلم (ISA08)
9113,124891,Receiver ID Qualifier (ISA07),رقم هوية المستلم (ISA07)
9114,124892,Receiver IDs,أرقام هوية المستلم
9115,,Receiver IDs - is only required if you are submitting an electronic order to an external facility,
9116,,RECEIVING A MESSAGE,
9117,,Receiving Fac.,
9118,124893,Recent three passwords are not allowed.,أخر 3 كلمات سر غير مسموح بها
9119,,Recently Completed,
9120,124894,Recipient,المستفيد
9121,124895,Recipient List Is Empty,قائمة المستفيدين خالية
9122,124896,Recipient Name,أسم المستفيد
9123,124897,Recipient of the Disclosure,المستفيد من التصريح بالمعلومات
9124,124898,Recipient required unless status is Done,مطلوب مستفيد الا إذا كانت الحالة تمت
9125,,Recommend contacting the clinic if need guidance.,
9126,,Recommend not leaving or refreshing or you may lose data.,
9127,,Recommend setting the Path for Event Log Backup in Globals settings in the Miscellaneous section to something other than your tmp/temp directory.,
9128,124899,Recommendation,توصية
9129,,Recommendation - Optional,
9130,124900,Recommendation For Follow Up,التوصية بالمتابعة
9131,124901,Recommendations,التوصيات
9132,124902,Recommendations and treatment,التوصيات و العلاج
9133,124903,Recommendations by specialist,توصيات الأخصائي
9134,,Recommended setting is warn and prevent web browser refresh. Only use other settings if needed and use at own risk.,
9135,,Recompute Score,
9136,,RECORD,
9137,124904,Record,سجل
9138,124905,Record already exist,السجل موجود مسبقا
9139,,Record and chart changes in vital signs ( Height / Weight / BP with in scope ).,
9140,,Record and chart changes in vital signs (BP out of scope).,
9141,,Record and chart changes in vital signs (Height / Weight out of scope).,
9142,,Record and chart changes in vital signs (New).,
9143,,Record and chart changes in vital signs (SET 1).,
9144,124906,Record and chart changes in vital signs.,السجل و المخطط تغيرا في العلامات الحيوية
9145,124907,Record demographics.,ديموجرافيا السجل
9146,124908,Record Disclosure,التصريح بمعلومات السجل
9147,124909,Record of Fitness,سجل اللياقة
9148,124910,Record Payment,سجّل الدفع
9149,,Record Request,
9150,124911,Record Request Date,سجّل تاريخ الطلب
9151,124912,Record smoking status for patients 13 years old or older.,سجّل حالة مدخن للمرضي اكبر من 13 سنة
9152,124913,Records,سجلات
9153,124914,records found,تم العثور على السجلات
9154,124915,records found.,تم العثور على السجلات.
9155,,records per page,
9156,124916,Recreational drug use,إستعمال الأدوية الترفيهية
9157,124917,Recreational Drugs,الأدوية الترفيهية
9158,124918,Rectal,شرجي
9159,124919,Rectal Exam,فحص شرجي
9160,124920,rectally,شرجي
9161,,Rectangle,
9162,,Recurrence,
9163,,Recurrent Appointment Display Widget,
9164,,Recurrent Appointments,
9165,,Recurrent Appointments - shows all recurring appointments,
9166,,Recurring,
9167,,Recurring appointment,
9168,,Red Desaturation,
9169,,Red Desat{{red desaturation}},
9170,,"Red lines  indicate errors, or changes that were not applied; these must be processed manually. Currently denied claims and payment reversals are not handled automatically and so will appear in red.",
9171,,Red Triangle indicates a required code that is missing,
9172,,Redirect URI,
9173,124921,Redirection,إعادة توجيه
9174,124922,Redness,إحمرار
9175,,Redo,
9176,124923,reduced:,إقلال:
9177,,Ref No,
9178,,Ref Prov,
9179,124924,Refer,حوّل
9180,124925,Refer By,محوّل بواسطة
9181,124926,Refer Date,تاريخ التحويل
9182,124927,Refer To,حوّل الي
9183,,Refer to Message,
9184,,Reference,
9185,124928,Reference classification (risk level),تصنيف التحويل (درجة المخاطرة)
9186,124929,Reference range of results,مجال نتائج التحويل
9187,124930,Reference Reason,سبب التحويل
9188,,Reference table and reference id must both be set,
9189,,Reference this Account Id: ,
9190,,Reference this Account Number,
9191,,Referential CDS,
9192,,Referential CDS (codetype:code),
9193,,Referer,
9194,124931,Referer name and signature,إسم المحوّل و توقيعة
9195,124932,Referral,التحويل
9196,124933,Referral By,التحويل بواسطة
9197,124934,Referral Card,بطاقة التحويل
9198,124935,Referral Date,تاريخ التحويل
9199,124936,Referral Form,طلب التحويل
9200,124937,REFERRAL FORM,بطاقة التحويل
9201,124938,Referral ID,رقم هوية التحويل
9202,,Referral Provider,
9203,,Referral Reason,
9204,124939,Referral Source,مصدر التحويل
9205,124940,Referral Source for Encounters,مصدر التحويل للزيارات
9206,124941,Referral To,التحويل إلى
9207,124942,Referrals,التحويلات
9208,124943,Referrals Report,تقارير التحويلات
9209,124944,Referred by,محوّل بواسطة
9210,124945,Referred By,محوّل بواسطة
9211,,"Referred By, Outcome and Destination can be left blank",
9212,,Referred To,
9213,124946,Referred to,محوّل الي
9214,124947,Referrer,المحوّل
9215,,Referrer Address,
9216,124948,Referrer Diagnosis,تشخيص المحوّل
9217,124949,Referrer diagnosis,تشخيص المحوّل
9218,,Referrerid,
9219,124950,Referring physician and practice,الطبيب المحوّل و العيادة
9220,,Referring provider,
9221,124951,Referring Provider,مزود التحويل
9222,124952,ReFill,إعادة صرف الوصفة مرة واحدة
9223,,Refill,
9224,,Refill Rx,
9225,124953,Refills,إعادة صرف الوصفة مرات عديدة
9226,124954,refills,إعادة صرف الوصفة مرات عديدة
9227,124955,Reflexes normal,كل المنعكسات طبيعية
9228,,Refraction Comments,
9229,,Refraction Method,
9230,,Refractive States,
9231,124956,Refresh,تنشيط
9232,,Refresh Screen,
9233,,Refresh the Message Center or just reopen it,
9234,,Refresh Tokens,
9235,124957,Refreshing Reminders,منبهات منعشة
9236,,Refund,
9237,,Refused,
9238,124958,Refused To State,يرفض التصريح
9239,124959,reg_re,reg_re
9240,,regarding,
9241,,regarding appointment dated,
9242,,Register,
9243,124960,register,تسجيل
9244,,Register Time Based One Time Password Key,
9245,,Register TOTP Key for,
9246,,Register U2F Key for,
9247,,Register Universal 2nd Factor Key,
9248,,"Register your installation with OEMR to receive important notifications, such as security fixes and new release announcements.",
9249,124961,Registered,مسجل
9250,124962,registered,مسجل
9251,,Registered email,
9252,,Registered id,
9253,,Registered Modules,
9254,,Registered username,
9255,124963,Registration Date,تاريخ التسجيل
9256,,Registration error,
9257,,Registration failed with error,
9258,124964,Registration Form,إستمارة التسجيل
9259,124965,Rehabilitation,إعادة تأهيل
9260,,Rehabilitation physician,
9261,,Rejected,
9262,124966,Relapse Potential,قابلية الإنتكاس
9263,124967,Relate To,متعلق ب
9264,124968,Related,متعلق
9265,124969,Related Issue,مسألة متعلقة
9266,124970,Related Patient Notes,مسودات متعلقة بالمريض
9267,,Relates To,
9268,124971,Relation(s) / Children,القرابة / أطفال
9269,124972,Relations,القرابة
9270,124973,Relationship,درجة القرابة
9271,124974,Relative ordering of this entity,طلبية تقاربية من هذا الصنف
9272,124975,Relatives,الأقارب
9273,,"Relatives - lists the patient relatives having various medical conditions like Cancer, Diabetes, Hypertension etc",
9274,,Relatives Blood Pressure,
9275,,Relatives Cancer,
9276,,Relatives Diabetes,
9277,,Relatives Epilepsy,
9278,,Relatives Heart,
9279,,Relatives Mental Illness,
9280,,Relatives Stroke,
9281,,Relatives Suicide,
9282,,Relatives Tuberculosis,
9283,124976,Relay Health credentials are missing from this user account.,المعلومات الطبية المرحلة مفقودة من حساب هذا المستخدم
9284,124977,Relay Health ID,رقم الهوية الطبية المرحلة
9285,,Release,
9286,124978,Release Date,تاريخ التسريح
9287,,Relevant for insurance claim submission in the United States,
9288,124979,Religion,ديانة
9289,,Religious Affiliation,
9290,,Religious exemption,
9291,,Reload,
9292,,reload names below,
9293,124980,Relogin,إعادة الدخول
9294,124981,Remdr,تذكير
9295,,"Remember grouping of tests is only for conveniently organizing the data in the Procedure Order module in openEMR, for this process to work, configuring the Procedure Orders (the tests themselves) and the Discrete Result (the place to enter and display the returned result) are critically important",
9296,,Remember Me,
9297,124982,Remember Selected Facility,تذكر المنشأة المختارة
9298,,"Remember the dictum that Identifying codes have to be unique, you should not set up a custom grouping of a panel of tests as well have the panels setup as individual recognized panel, i.e. have CBC and Renal panel grouped as a Custom Favorite and list CBC and Renal Panel separately as individually ordered panels",
9299,,Remember these Discrete Results or fruit (Tier 4)  will have to hang off the fruit bearing branch or Procedure Order namely Electrolyte Panel (Tier 3),
9300,124983,Reminder,تذكير
9301,,Reminder Campaigns,
9302,,Reminder done,
9303,124984,Reminder intervals,فواصل التذكير
9304,124985,Reminder Not Sent Yet,التذكير لم يرسل بعد
9305,,Reminder only - any method,
9306,,Reminder only - no calls,
9307,,Reminder Sent,
9308,124986,Reminder Sent On,تم ارسال التذكير
9309,,Reminder to provider,
9310,,Reminder/recall - any method,
9311,,Reminder/recall - no calls,
9312,,Reminder/recall - to provider,
9313,124987,Reminders,تذكيرات
9314,124988,REMIT TO,أرسل المبلغ الي
9315,124989,Remote Host,مستضيف قاصي
9316,,Remote Host - is only required if you are submitting an electronic order to an external facility or just receiving results from it,
9317,124990,Remove,إزالة
9318,,Remove all rules from plan,
9319,,Remove Bottom Pane,
9320,,REMOVE GROUP,
9321,124991,Remove Group,إزالة المجموعة
9322,124992,Remove Group Form,إزالة المجموعة من
9323,,Remove multi-factor authentications for this person.,
9324,,Remove Tab,
9325,,Remove this Prescription from the list of RXs dispensed,
9326,124993,Removes support for immunizations,إزالة الدعم للتطعيم
9327,124994,Removes support for phpMyAdmin,إزالة الدعم لمدير بي اتش بى
9328,124995,Removes support for prescriptions,إزالة الدعم للوصفات الطبية
9329,,Removes the bottom pane by default on start up.,
9330,124996,Removes the Chart Tracker feature,إزالة خاصية تتبع مخطط المريض
9331,124997,Renal Stones,حصوات كلوية
9332,124998,Rename,إعادة تسمية
9333,124999,Rename Group,إعادة تسمية المجموعة
9334,125000,Rendering,إستخلاص
9335,125001,Rendering Provider,مقدم الإستخلاص
9336,125002,Rendering Provider Number,رقم مقدم الإستخلاص
9337,,Rendering Provider Number (Type),
9338,125003,Reorder,إعادة الطلب
9339,125004,Reorder At,إعادة الطلب عند
9340,125005,Reorder point has been reached,تم التوصل لنقطة إعادة الطلب
9341,,Reorder point has been reached for warehouse,
9342,125006,"Reorder point, 0 if not applicable",نقطة إعادة الطلب
9343,,Reorder Qty,
9344,125007,Rep,إعادة
9345,,Repeat,
9346,125008,Repeat New Password,اعد كتابة كلمه السر الجديدة
9347,,Repeat password,
9348,125009,Repeating event,حدث متكرر
9349,125010,Repeating Info:,تكرار المعلومة:
9350,125011,Repeats,المتكررات
9351,125012,REPLACE,إبدال
9352,,Replace,
9353,,Replace all exam findings with Default values?  Are you sure?,
9354,,Replace entire code set,
9355,,Replace the existing group and option values with these ones taking care to match the E/M codes,
9356,,Replace the hostname and port with the values provided to you by EMR Direct,
9357,,replaced,
9358,,Replies,
9359,,Replies from patients are displayed directly in your EHR,
9360,,Replies retrieved,
9361,,Reply,
9362,125013,Reply Date,تاريخ الرد
9363,125014,Reply From,الرد من طرف
9364,,Reply to this message,
9365,125015,Report,تقرير
9366,,report,
9367,125016,Report - Clinical,تقرير - طبي
9368,,"Report - Generates and downloads the patient's Continuity of Care Record (CCR), Continuity of Care Document (CCD) and Patient Report",
9369,,Report - Patient List Creation,
9370,125017,Report by,تقرير بواسطة
9371,,Report Content,
9372,,Report Date,
9373,,Report End (Relinquished Care Date),
9374,,Report has been sent to the patient.,
9375,125018,Report History/Results,تاريخ التقرير / النتائج
9376,,Report of visit,
9377,125019,Report Results,نتائج التقارير
9378,125020,Report Results/History,نتائج التقارير / التاريخ المرضي
9379,,Report Start (Assumed Care Date),
9380,125021,Report Status,حالة التقرير
9381,125022,Report Totals,مجموع التقرير
9382,,Report was faxed to,
9383,,Report was faxed. Click to view.,
9384,125023,Report/ Form,التقرير / طلب
9385,,Report?,
9386,125024,Reportable,قابل للتبليغ
9387,125025,Reported,تم التبليغ
9388,125026,Reported Date,تاريخ التبليغ
9389,,Reporting,
9390,125027,Reports,تقارير
9391,,Reports consisting of various portions of the patient's medical record can be created here,
9392,,Repository always.,
9393,,Request & Response,
9394,,Request Content Fails Integrity Test,
9395,,Request Description,
9396,,Request Eligibility,
9397,,Request ID is missing!,
9398,125028,Request ignored - claims processing is already running!,تم تجاهل الطلب - جاري العمل علي المطالبات!
9399,,Request is not same origin!,
9400,,Request Message,
9401,,Request New Appointment,
9402,,Request Only,
9403,,Request Status,
9404,,Request Type,
9405,,Request type not implemented,
9406,,request was received from portal patient,
9407,,Requested By,
9408,,Requested Date,
9409,125029,Requested Service,الخدمة المطلوبة
9410,,Requested template does not exist,
9411,,Requests Sent,
9412,,Require Audit,
9413,125030,Require Strong Passwords,يتطلب كلمة سر قوية
9414,125031,Require Unique Passwords,يتطلب كلمة سر فريدة
9415,125032,Required,مطلوب
9416,,required,
9417,125033,Required Co Pay,مطلوب الدفع المشترك
9418,125034,Required Field Missing: Please choose the EDI-271 file to upload,الحقل المطلوب مفقود: الرجاء اختيار ملف EDI-271 للتحميل
9419,125035,Required field missing: Please enter the First name,الحقل المطلوب مفقود: الرجاء أدخال الأسم الاول
9420,125036,Required field missing: Please enter the Last name,الحقل المطلوب مفقود: الرجاء أدخال الأسم الاخير
9421,125037,Required field missing: Please enter the User Name,الحقل المطلوب مفقود: الرجاء أدخال اسم المستخدم
9422,125038,Required fields,حقول مطلوبة
9423,,Required in,
9424,,Required Primary Diagnosis for Order. This will be automatically added to any missing test order diagnosis.,
9425,125039,Requirements,المتطلبات
9426,,Requisition Number,
9427,,Resending this report.,
9428,125040,RESERVED,محجوز
9429,125041,Reserved,محجوز
9430,125042,Reserved for use to define Scheduled Vacation Time,محجوز لاستخدامه لتحديد موعد العطلة المقررة
9431,125043,Reserved to define when a provider may not have available appointments after.,محجوز للتحديد عندما لا يكون عند المزود مواعيد خالية
9432,125044,Reserved to define when an event did not occur as specified.,محجوز للتحديد عندما لم يحصل الموعد كما خطط له
9433,125045,Reserved todefine when a provider may haveavailable appointments after.,محجوز للتحديد عندما يكون عند المزود مواعيد خالية
9434,125046,Reset,اعادة الى الوضع الأصلي
9435,,"Reset button resets the edited claim to the fee sheet version. If subsequently saved, it will replace last claim version and be considered reviewed. Otherwise, claim is reset to fee sheet version.",
9436,,Reset claim form to Fee Sheet Version,
9437,,Reset Credentials,
9438,125047,Reset Offsite Portal Credentials,تصفير إعتمادات الممر خارج الموقع
9439,,Reset Online Portal Credentials,
9440,125048,Reset Onsite Portal Credentials,تصفير إعتمادات الممر داخل الموقع
9441,,Reset to no patient,
9442,,Reset Version,
9443,,Resident physician,
9444,,Residential Substance Abuse Treatment Facility,
9445,,Resist the temptation to start entering data in an unorganized manner,
9446,125049,Resn,Resn
9447,,Resolve Orphan Results,
9448,,Resolve Orphans,
9449,125050,Resolved,تم الحل
9450,,Resource (select one),
9451,,Resources,
9452,125051,Respiration,التنفس
9453,125052,Respirator effort unlabored,الجهد التنفسي بغير اجهاد
9454,125053,Respiratory,تنفسي
9455,,Response,
9456,,Response Only,
9457,,Responsible Party,
9458,,Responsive Vertical Menu Style for Tabs,
9459,,Restore,
9460,,Restore Archive,
9461,125054,Restrict non-authorized users to the Schedule Facilities set in User admin.,منع المستخدمين الغير مصرح لهم من حجز التسهيلات المحدده لمدير المستخدمين
9462,,Restrict Providers by Facility,
9463,125055,Restrict Users to Facilities,منع المستخدمين من التسهيلات
9464,,Restricted Projects Reporting,
9465,125056,Restricted Training,تدريب مقصور
9466,125057,Result,نتيجة
9467,125058,Result Name,إسم النتيجة
9468,125059,Result Status,حالة النتيجة
9469,125060,Result status or abnormality is missing,حالة النتيجة او المرض مفقودة
9470,125061,"Result, use % as a wildcard",النيجة، إستخدم % كحرف بديل
9471,125062,Results,النتائج
9472,125063,Results and,النتائج و
9473,125064,Results Found For Search,النتائج التى تم التوصل اليها للبحث
9474,125065,Results Group,مجموعة النتائج
9475,,Results Only,
9476,125066,Results Path,طريق النتائج
9477,,Results Path - is only required if you are submitting an electronic order to an external facility or just receiving results from it,
9478,,Results Per Lab,
9479,125067,Results per page,النتائج بالصفحة
9480,125068,Results/Details,النتائج/التفاصيل
9481,,Resuming status checks.,
9482,,Retina,
9483,,Retina Default Values,
9484,125069,Retinal Exam,فحص الشبكية
9485,125070,Retracted Right:,مجذوب لليمين
9486,125071,Return,العودة:
9487,125072,Return above part with your payment,إعادة الجزء السابق مع الدفع
9488,,"Return button simply returns, then refreshes billing manager",
9489,,Return Home,
9490,125073,Return to calendar,العودة للرزنامة
9491,125074,Return To Report Results,العودة لنتائج التقرير
9492,125075,Return to this page and you will be able to complete the ICD10 installation process by clicking on the ICD10 section header,العودة لهذة الصفحه و ستكون قادرا على اكمال تثبيت ICD10 بالضغط على رأس القائمه الخاص ب ICD10
9493,125076,Return to this page and you will be able to complete the ICD9 installation process by clicking on the ICD9 section header,العودة لهذة الصفحه و ستكون قادرا على اكمال تثبيت ICD9 بالضغط على رأس القائمه الخاص ب ICD9
9494,125077,Return to this page and you will be able to complete the RxNorm installation process by clicking on the RXNORM section header,العودة لهذة الصفحه و ستكون قادرا على اكمال تثبيت RxNorm بالضغط على رأس القائمه الخاص ب RXNORM
9495,125078,Return to this page and you will be able to complete the Snomed installation process by clicking on the SNOMED section header,العودة لهذة الصفحه و ستكون قادرا على اكمال تثبيت Snomed بالضغط على رأس القائمه الخاص ب SNOMED
9496,,Return to this page and you will be able to complete the Valueset installation process by clicking on the VALUESET section header,
9497,125079,Return Value,قيمة الإعادة
9498,125080,Return Visit,مراجعة
9499,125081,Returned to Play,رجع ل اللعب
9500,,Returned: ,
9501,,Reuse of previous passwords not allowed!,
9502,125082,Reuse of three previous passwords not allowed!,إعادة إستخدام اخر ثلاث كلمات سر سابقة غير مسموح به
9503,,Rev.,
9504,,Revenue,
9505,,Revenue Code,
9506,,Revenue Code for this item. Type for hints/search,
9507,,Revenue Code for this item. Type to search,
9508,,Revenue Code for this item. Type to search or double click for list,
9509,,Revert,
9510,,Revert Edits,
9511,,Revert Error,
9512,,Review,
9513,,Review & Approve,
9514,,Review all the parameters that are entered and only then move to the next step. This is because once you create a group (ARO) you will NOT be able of modify any of the data that you have entered in THIS section. You can only delete the entire group (ARO) and start afresh.,
9515,,Review and Approve,
9516,,Review Audits,
9517,125083,Review of PMH:,مراجعة PMH:
9518,,Review of System,
9519,,Review of Systems,
9520,125084,Review Of Systems,مراجعة الأنظمة
9521,125085,Review of Systems Checks,مراجعة اختبارات الأنظمة
9522,,Review Status,
9523,,Review UB04,
9524,125086,Reviewed,تمت المراجعة
9525,,Reviewed Date,
9526,,Revise,
9527,125087,Revision,مراجعة
9528,,Revoke Token,
9529,,Revoke User,
9530,125088,Rheumatoid Arthritis,روماتزم المفاصل
9531,125089,Rheumotoid Arthritis,روماتزم المفاصل
9532,,RH{{right hertel measurement}},
9533,125090,Right,اﻷيمن
9534,,Right Arm,
9535,,Right Deltoid,
9536,125091,Right Ear,اﻷذن اليمني
9537,125092,right ear,اﻷذن اليمني
9538,,Right Gluteus Medius,
9539,,Right Lens,
9540,,Right Lower Forearm,
9541,,Right Margin (mm),
9542,,Right Thigh,
9543,,Right Vastus Lateralis,
9544,,Right-Form Layout,
9545,125093,Right:,اﻷيمن:
9546,125094,Ringing in Ears,طنين فى اﻻذنين
9547,125095,Ringing In Ears,طنين فى اﻻذنين
9548,,Risk Category Assessment,
9549,125096,Risk Factors,عوامل مخاطرة
9550,125097,Risk Level,مستوي المخاطرة
9551,,Risky Beh.,
9552,,RI{{right iris}},
9553,,RK{{right cornea}},
9554,125098,RLL:,RLL:
9555,,RLL{{right lower eyelid}},
9556,,RL{{right lens}},
9557,,RMAC{{right macula}},
9558,,RMC{{right medial canthus}},
9559,,Role,
9560,125099,ROM,مقدار الحركة للمفاصل
9561,125100,Romanian,روماني
9562,,Romansh,
9563,,Room 1,
9564,,Room 2,
9565,,Room 3,
9566,,Room Number,
9567,,Roommate,
9568,125101,Roster,جدول الخدمة
9569,,ROS{{Review of Systems}},
9570,,Round and Reactive,
9571,125102,Route,طريق
9572,125103,"Route of administration, if applicable",طريق الإعطاء، لو ممكن
9573,125104,Routed,محول
9574,125105,Rows,سطور
9575,,RP{{right peripheral retina}},
9576,125106,RRR without MOR,RRR without MOR
9577,125107,Rub:,مسحه:
9578,125108,Rubs:,مسحات:
9579,125109,Rule,قانون
9580,125110,Rule Add,اضافة قانون
9581,,Rule Bibliographic Citation,
9582,125111,Rule Detail,تفاصيل القانون
9583,,Rule Developer,
9584,125112,Rule Edit,تعديل القانون
9585,,Rule Funding Source,
9586,,Rule Release,
9587,125113,Rule Set,تثبيت القانون
9588,,Rule Set and Plan Set selections are not consistent. Please fix and Submit again.,
9589,,Rule Title,
9590,125114,Rules,قوانيين
9591,,rules already in plan,
9592,125115,Rules Configuration,قوانيين الإعدادات
9593,,RUL{{right upper eyelid}},
9594,,Run Setup again or contact support for assistance,
9595,125116,Running Command: ,أمر مستمر:
9596,125117,Rupture,انفتاق
9597,,Rural Health Clinic,
9598,125118,Russian,روسي
9599,,RVIT{{right vitreous}},
9600,,RV{{right vessels}},
9601,125119,Rx,الوصفة العلاجية
9602,125120,RX,الوصفة العلاجية
9603,125121,Rx Bottom Margin (px),حافة الوصفة العلاجية السفلى (نقطة)
9604,,RX Date,
9605,,Rx Details,
9606,,Rx Dispensed History,
9607,125122,Rx Enable DEA #,تفعيل رقم صرف الأدوية المخدرة
9608,125123,Rx Enable NPI,تفعيل رقم الخدمة القومي
9609,125124,Rx Enable State Lic. #,تفعيل رقم ممارسة المهن الطبية
9610,,Rx History,
9611,,Rx html print - zend module,
9612,,Rx ID,
9613,125125,Rx Left Margin (px),حافة الوصفة العلاجية اليسرى (نقطة)
9614,,Rx Log,
9615,,Rx NLM Drug-Drug,
9616,125126,Rx Paper Size,حجم ورقة الوصفة العلاجية
9617,,Rx pdf - zend template,
9618,,RX Print Date,
9619,125127,Rx Right Margin (px),حافة الوصفة العلاجية اليمنى (نقطة)
9620,125128,Rx Show DEA #,الوصفة العلاجية تظهر رقم صرف الأدوية المخدرة
9621,125129,Rx Show NPI,الوصفة العلاجية تظهر رقم الخدمة القومي
9622,125130,Rx Show State Lic. #,الوصفة العلاجية تظهر رقم ممارسة المهن الطبية
9623,125131,Rx Top Margin (px),حافة الوصفة العلاجية العليا (نقطة)
9624,,Rx Type,
9625,,Rx Type{{Type of glasses prescription}},
9626,,Rx/Distance,
9627,,RXCUI Code,
9628,,RXCUI Medication,
9629,125132,RxNorm,RxNorm
9630,125133,RxNorm Database,قاعدة بيانات RxNorm
9631,,R{{History of Refraction}},
9632,,R{{right side}},
9633,,R{{right}},
9634,125134,S,S
9635,125135,S.S.,S.S.
9636,125136,S3:,S3:
9637,125137,S4:,S4:
9638,125138,SA  *  * To read the license please read the docs/license.txt or visit  * http://www.gnu.org/copyleft/gpl.html  *  */  //========================================================================= // ,SA * * To read the license please read the docs/license.txt or visit * http://www.gnu.org/copyleft/gpl.html * */ //========================================================================= //
9639,,Safe key database,
9640,125139,Sale,تخفيض
9641,125140,Sales,مبيعات
9642,125141,Sales by Item,المبيعات بالصنف
9643,125142,Sales by Product Report,المبيعات بتقرير المنتج
9644,125143,Saliva,لُعاب
9645,125144,Same Day,نفس اليوم
9646,125145,Samoan,جزيرة ساموان
9647,125146,Sample,عينة
9648,125147,Sanction Type,نوع المنع
9649,,Sango,
9650,,Sanskrit (Samskrta),
9651,,Sanskrit (Saṁskṛta),
9652,,Sardinian,
9653,125148,Sat,السبت
9654,125149,Sat &amp; Sun,السبت و اﻷحد
9655,125150,Saturday,السبت
9656,125151,Save,حفظ
9657,125152,SAVE,حفظ
9658,,Save & Exit,
9659,,Save Activity,
9660,,Save and Checkout,
9661,125153,Save and Close,حفظ وإغلاق
9662,,Save and Close Visit,
9663,,Save and Continue,
9664,,Save and Delete Request,
9665,125154,Save and Dispense,حفظ و صرف
9666,,Save and Print,
9667,125155,Save and Transmit,حفظ وتسليم
9668,125156,Save as New,حفظ جديد
9669,,Save as new message,
9670,125157,Save as new note,حفظ كملاحظة جديدة
9671,,Save button saves claim and marks reviewed,
9672,,Save Category,
9673,125158,Save Certificate Settings,حفظ اعدادت الشهادة
9674,125159,Save Changes,حفظ التغيرات
9675,,Save Claim,
9676,,Save claim for batch processing,
9677,,Save codes history,
9678,,Save Completed,
9679,,Save Current,
9680,,Save for printing to a pre printed sheet,
9681,,Save for printing with form,
9682,125160,Save Form,حفظ النموذج
9683,125161,Save Immunization,حفظ التطعيمات
9684,,Save Level,
9685,125162,Save New Field,حفظ حقل جديد
9686,125163,Save New Group,حفظ مجموعة جديدة
9687,125164,Save New List,حفظ القائمة الجديدة
9688,125165,Save new template,حفظ قالب جديد
9689,125166,Save omission selections,إحفظ إختيارات الإلغاء
9690,125167,Save Patient Demographics,حفظ بيانات المريض الديموغرافية
9691,,Save Payer,
9692,,Save Profiles,
9693,,Save rejected because someone else has changed this list. Please try again.,
9694,,Save Report as PDF,
9695,,Save Successful,
9696,125168,Save Successful for chart ID,تم حفظ سجل الهوية بنجاح
9697,,Save to Chart,
9698,125169,Save Transaction,حفظ العملية
9699,,Saved Successfully,
9700,,Saved to Documents->Onsite Portal->Reviewed - Open there to move or rename.,
9701,,Saved to Patient Documents,
9702,,Saving denied,
9703,,Sa{{Saturday}},
9704,,sc Distance{{without correction distance}},
9705,,sc Near{{without correction near}},
9706,,Scan the following QR code with your preferred authenticator app to register a new TOTP key.,
9707,125170,Scanned,تم المسح الضوئي
9708,125171,Scanned Encounter Note,تم مسح ورقه الزيارة ضوئيا
9709,125172,Scanner Directory,ملف الماسح الضوئي
9710,125173,Scanner In,دخل الماسح الضوئي
9711,,scDist{{ACT without Correction Distance}},
9712,,scDist{{without correction distance}},
9713,125174,Schedule,جدولالمواعيد
9714,,Schedule A New Appointment,
9715,125175,Schedule Facilities:,تسهيلات جدول المواعيد
9716,,Schedule New Appointment,
9717,,Scheduled,
9718,,Scheduling,
9719,,Schirmer I,
9720,,Schirmer II,
9721,,Schirmers I,
9722,,Schirmers I (w/o anesthesia),
9723,,Schirmers II,
9724,,Schirmers II (w/ anesthesia),
9725,,School,
9726,125176,SCHOOL NOTE,رسالة للمدرسة
9727,,School Record,
9728,,Sclera,
9729,,scNear{{ACT without Correction Near}},
9730,,scNear{{without correction near}},
9731,125177,Scoliosis,جنف- انحناء العمود الفقري
9732,,Scope,
9733,,Scopes,
9734,,Scopes Requested,
9735,,Score,
9736,,Scottish Gaelic- Gaelic,
9737,,Screen,
9738,,Screening / Testing,
9739,,script error,
9740,,Script Error: See Browser Console for Detail,
9741,,SC{{Acuity without correction}},
9742,,sc{{without correction}},
9743,,SC{{without correction}},
9744,125178,SE,SE
9745,125179,SE Address,SE عنوان
9746,,SE Address Line 2,
9747,125180,SE City,SE مدينة
9748,125181,SE Country,SE بلد
9749,125182,SE Locality,SE المنطقة
9750,125183,SE Postal Code,SE الرمز البريدي
9751,125184,SE State,SE الولاية
9752,125185,SE Zip Code,SE الرمز البريدي
9753,125186,Search,بحث
9754,,SEARCH,
9755,125187,search,بحث
9756,125188,search again,تكرار البحث
9757,125189,Search all columns,بحث جميع القوائم
9758,,Search and select a patient and click OK,
9759,,Search Appointment,
9760,,Search by,
9761,,Search by any demographics,
9762,125190,Search by:,احث عن طريق
9763,,Search criteria.,
9764,,Search Diagnoses,
9765,125191,Search for,بحث عن
9766,,Search for Additional Codes,
9767,,Search for patient by entering whole or part of any demographics field information,
9768,,Search for the drug by typing its name in the Search for Allergy text-box,
9769,125192,Search for:,بحث عن
9770,,Search from external RxNorm table. Vocabulary RXNORM,
9771,,Search from native inventory drugs table,
9772,,Search from native loaded RxCUI table.,
9773,,Search global settings,
9774,125193,Search In,بحث في
9775,125194,Search in,بحث في
9776,,Search Not Available,
9777,125195,Search or Add Patient,بحث أو إضافة مريض
9778,,Search Patient By Any Demographics,
9779,,"Search Patient By Any Demographics, Dual additionally lets direct access to Patient Finder, Comprehensive has collapsed input box, Fixed is similar to Dual with fixed size, None is do not show",
9780,125196,Search Payment,بحث المدفوعات
9781,,Search Payments,
9782,,Search Products,
9783,125197,Search Results,نتائج البحث
9784,125198,Search Results:,نتائج البحث :
9785,125199,Search Selected,بحث عن المختارات
9786,,Search Services,
9787,125200,Search string does not match with list in database,كلمة البحث غير متوافقة مع القائمة فى قاعدة البيانات
9788,125201,Search string should have at least three characters,كلمة البحث يجب الا تقل عن ثلاثة احرف
9789,,"search term was not found, please try another search",
9790,125202,Search Text,بحث النص
9791,125203,Search the Events,بحث في الحدث
9792,,Search user settings,
9793,,Search Web API,
9794,,Search with exact method,
9795,125204,Search/Add,بحث - اضافة
9796,125205,Search/Add Insurer,بحث - اضافة مؤمن
9797,,Searching,
9798,125206,Searching for appointments,بحث عن المواعيد
9799,125207,Searching...,جاري البحث ...
9800,,Seatbelt,
9801,125208,Seatbelt use,استخدام حزام الأمان
9802,125209,Seatbelt Use,استخدام حزام الأمان
9803,125210,Second,ثان
9804,,second,
9805,,Second account message,
9806,,Second is the All Patients. This View shows all current templates that are default to all patients. ,
9807,125211,Secondary,ثانوي
9808,,Secondary billing,
9809,125212,Secondary Insurance,تأمين إضافي
9810,125213,Secondary Insurance Data,بيانات التأمين الإضافي
9811,125214,Secondary Insurance Provider,مقدم التأمين الإضافي
9812,125215,Secondary Medicare Type,نظام ميديكير الثانوي
9813,,seconds,
9814,,Section ID,
9815,,Section ID and Name Cannot be Empty,
9816,,Section Name,
9817,,Section saved successfully,
9818,,Secure Chat,
9819,,Secure Electronic Messaging,
9820,,"Secure File Transfer Protocol, or SFTP is a network protocol that provides file access, file transfer, and file management over a secure connection",
9821,,Secure Mail,
9822,,Secure Messaging,
9823,,Secure Password Required,
9824,,Secure Patient Chat,
9825,,Secure Upload Files with White List,
9826,125216,Security,أمن
9827,125217,See All,مشاهدة الكل
9828,,See All Messages,
9829,125218,See Authorizations,مشاهدة التفاويض
9830,,See couchdb error log,
9831,,See Customize the Fee Sheet,
9832,125219,See Growth-Chart,مشاهدة مخطط النمو البياني
9833,125220,See messages from the last set of generated claims,راجع الرسائل من اخر مجموعة من المطالبات
9834,,See observation results,
9835,,See Setup the Fee Sheet,
9836,,See the Clinical Reminders widget for more details,
9837,125221,Seen since,فحص منذ
9838,,Seen within,
9839,125222,Segment name,اسم القطعة
9840,125223,Segments Batch Claim,مطالبة مجموعة القطع
9841,125224,Seizures,تشنج
9842,125225,Sel,إختر
9843,125226,select,إختر
9844,125227,Select,إختر
9845,,Select 'Price Levels' and enter Credit Card and Cash,
9846,,Select a Component,
9847,125228,Select a Context,إختر محتوى
9848,,Select a CSV file with translation information to review.,
9849,,Select a date range and click Submit,
9850,,Select a lab from the Order From drop-down box,
9851,,Select a patient by clicking on the patient input box,
9852,125229,Select a percentage of the rows or or select dates,إختر نسبة الصفوف او إختر الأيام
9853,,Select a surgery if it is listed in the drop-down box or enter a new surgery name under Title,
9854,,Select a text or html template and upload for selected patient or all portal patients.,
9855,125230,Select a Time Span,إختر فترة زمنية
9856,125231,Select a User,إختر مستخدم
9857,,Select a validation rule,
9858,,Select Action,
9859,125232,Select All,إختيار الكل
9860,,Select all,
9861,,Select Amendment Date,
9862,,Select amendments to print,
9863,,Select an appropriate ICD/CPT code. This helps search for education material to give to the patient for that particular problem,
9864,,Select an end date. Entries after this date will not be downloaded or deleted.,
9865,,Select as appropriate and fill in the text box and click Save,
9866,,Select below to Zip Directory of image slices.,
9867,,"Select Bidirectional or Results Only as appropriate, again only used for electronic orders",
9868,,Select Blood in the Specimen Type drop-down box,
9869,125233,Select CAMOS Entries for Printing,إختر مدخولات CAMOS للطباعة
9870,,Select Case,
9871,125234,Select category,إختر فئة
9872,,Select Code,
9873,,Select Codes,
9874,,Select Communication Preferences,
9875,125235,Select corresponding checkboxes to delete,إختر
9876,,Select Credit Card Payment Gateway,
9877,125236,Select Criteria to Remove,إختر الضوابط المراد حذفها
9878,125237,Select CSV table,إختر جدول CSV
9879,,Select Custom Favorite Group from the Procedure Tier drop-down box,
9880,,Select Custom Favorite Item in the Procedure Tier drop-down box,
9881,125238,Select Data Required for De Identification,إختر البيانات المراد إبهامها
9882,125239,Select data to be included in De Identified data,إختر بيانات لأدراجها من ضمن البيانات المبهمة
9883,125240,Select date,إختر التاريخ
9884,,Select Default Codes,
9885,125241,Select desired squad,إختر
9886,125242,Select Diagnosis,إختر التشخيص
9887,,Select Diagnosis Codes,
9888,125243,Select Diagnosis for De Identification request,إختر التشخيص المراد إبهامه
9889,,Select Discrete Result from the Procedure Tier,
9890,,Select Discrete Result from the Procedure Tier drop-down box,
9891,,Select Discrete Result under Procedure Tier in the Enter Details pop-up,
9892,,Select Documents,
9893,125244,Select Drug,إختر الدواء
9894,125245,Select Drugs,إختر الأدوية
9895,125246,Select Drugs for De Identification request,إختر الأدوية المراد إبهامها
9896,125247,Select EDI-271 file,إختر ملف EDI-271
9897,,Select Encounter,
9898,125248,Select field,إختر الحقل
9899,,Select Field,
9900,125249,Select Fields,إختر الحقول
9901,125250,Select for printing,إختر للطباعة
9902,,Select from the displayed list,
9903,,Select Group,
9904,,Select Group in the drop-down box labeled Procedure Tier,
9905,,"Select Group under Procedure Tier, think of it as creating a large branch off the main tree trunk, and call it Organ/Disease Panel",
9906,,Select Image Procedure,
9907,125251,Select Immunizations,إختر التطعيم
9908,125252,Select Immunizations for De Identification request,إختر التطعيمات المراد إبهامها
9909,,Select Insurance Company,
9910,125253,"Select Insurance, by typing",إختر تامين وذلك بالكتابة
9911,125254,Select Issue,إختر الأصدار
9912,,Select items,
9913,,Select Lab Service in the Type drop-down box and enter a name under organization,
9914,125255,Select Language,إختر لغة
9915,,Select list,
9916,,Select List,
9917,,Select Location,
9918,,Select Method,
9919,,Select MG/DL as Default Units,
9920,,Select Month,
9921,,Select Note Category,
9922,,Select Note Type,
9923,125256,Select One,إختر واحد
9924,125257,Select one or more diagnosis codes to justify the service,إختر تشخيص او أكثر لتسويغ الخدمة
9925,125258,Select one or more files to upload,إختر ملف أو أكثر للتحميل
9926,,Select only one code per problem,
9927,,Select Options for Current Encounter,
9928,,Select Options for Current Order Id,
9929,,Select Options for Current Procedure Order Id ,
9930,,Select output,
9931,,Select patient,
9932,,Select Pharmacy,
9933,,Select Plan,
9934,,SELECT PLAN,
9935,,Select Primary Physician,
9936,,Select Procedure,
9937,,Select Procedure Code,
9938,,Select Procedure Order from Procedure Tier pop-up box,
9939,,Select Procedure Order in Procedure Tier,
9940,,Select Providers,
9941,,Select Referral from the Transaction type drop-down box,
9942,,Select Requested By,
9943,,Select Role,
9944,,Select SMS Gateway,
9945,,Select source,
9946,,Select State and City to Import for Pharmacy,
9947,,Select Supervisor,
9948,,Select Template,
9949,,Select Template Context,
9950,,Select the appropriate choice - Debugging or Production,
9951,,Select the appropriate radio button. Enter the search term in the search box and click 'Search',
9952,125259,Select the configuration items to export,إختر الإعدادات للتصدير
9953,,Select the default font,
9954,,Select the default font (need to logout/login after changing this setting).,
9955,,Select the default font size,
9956,,Select the default font size (need to logout/login after changing this setting).,
9957,,Select the diagnoses to include in the Impression/Plan.,
9958,,Select the group (ARO) that you wish to remove.,
9959,125260,Select the issue primarily responsible for any missed events on this day,إختر المسبب الرئيسي لأي حدث مفقود لهذا اليوم
9960,,Select the Lab From lab name,
9961,,Select the message type to more accurately reflect the type of message you are sending. You may choose to leave it as unassigned,
9962,,Select the name of the entity from the Name drop-down box,
9963,,"Select the type of Occurrence of the problem from the drop-down box, the choices are Unknown or N/A, First, Early Recurrence, Late Recurrence, Delayed Recurrence, Chronic/Recurrent and Acute on Chronic",
9964,,Select to print patient address labels from popups in left nav screen.,
9965,,Select to transmit,
9966,,Select Track,
9967,,Select Transaction Type,
9968,,Select Type,
9969,125261,Select User,إختر مستخدم
9970,,SELECT Users FROM The Dropdown LIST,
9971,125262,Select Users From The Dropdown List,اختيار مستخدمين من القائمة المنسدلة
9972,125263,"Select which languages, if any, may be chosen at login. (only pertinent if above All Languages Allowed is turned off)",إختر اي اللغات مسموح اختيارها عند الدخول (مسموح فقط لو كان اختيار كل اللغات معطل)
9973,,Select Year,
9974,125264,Select Yes to confirm group deletion,إختر نعم لتأكيد مسح المجموعة
9975,,Select your current facility in the login page,
9976,,Select/Add Authentication Method for the logged in user,
9977,,Select/Add New Authentication Method for,
9978,,Select1,
9979,,Select2,
9980,125265,Selected,مُختار
9981,125266,Selected Encounter,مراجعة مُختارة
9982,,Selected Fee Sheet Codes and Charges for Current Encounter,
9983,,Selected Files,
9984,,Selected files and data will be removed from folders and tables,
9985,,Selecting the width for responsive vertical style menus in tab based layout (need to logout/login after changing this setting),
9986,125267,Selecting this will create a message that needs to be processed by each recipient individually (this is not a group task).,تفعيل هذا الإختيار سيكون رسالة يتحتم على كل مستقبل معالجتها كل على حده (هذا ليس اختيارا للمجموعة)
9987,,Seleted Message id,
9988,125268,Self,ذاتي
9989,125269,Self Pay,دفع ذاتي
9990,,SEND,
9991,125270,Send,إرسال
9992,125271,Send A Dated Reminder,إرسال تذكير مؤرخ
9993,125272,Send a Reminder,أرسل تنبيه
9994,,Send a report to this provider,
9995,,Send an email to ,
9996,,Send CCD,
9997,,Send CCR,
9998,,Send Complete - Prescription(s) Return Status,
9999,,Send Emails,
10000,,Send for Review,
10001,125273,Send in progress,جار الإرسال
10002,,Send It,
10003,,Send Message,
10004,125274,Send message,أرسل رسالة
10005,,Send message from the permanent group therapist to the personal therapist,
10006,,Send message from the permanent group therapist to the personal therapist (gm),
10007,,Send NewRx,
10008,,Send Notes,
10009,,Send Payment,
10010,125275,Send Reminders Batch,أرسل مجموعة تنبيهات
10011,125276,Send reminders to patients per patient preference for preventive/follow up care.,أرسل تنبيهات للمرضي كل على حسب اختياره للوقاية او للمتابعة
10012,,Send Request,
10013,,Send Selected to Archive,
10014,,Send Selected to Trash,
10015,125277,Send Summaries with Referrals,إرسال الملخصات مع الإحالات
10016,125278,Send this file,إرسل هذا الملف
10017,125279,Send This Message,إرسل هذه الرسالة
10018,125280,Send to,إرسل الى
10019,,Send To,
10020,,SEND TO,
10021,125281,Send to all,إرسل للكل
10022,,Send to Archive,
10023,,Send To HIE failed,
10024,,Send to portal,
10025,,Send to Portal,
10026,,Send to Trash,
10027,125282,Sender,مُرسل
10028,125283,Sender ID,هوية المُرسل
10029,125284,Sender ID (ISA06),هوية المُرسل (ISA06)
10030,125285,Sender ID Qualifier (ISA05),ًًٍََُِمرقي هوية المُرسل (ISA05)
10031,125286,Sender IDs,هويات المرسلين
10032,,Sender IDs - is only required if you are submitting an electronic order to an external facility,
10033,,sender name,
10034,,SENDING A MESSAGE,
10035,,Sending application name will be provided by the facility that you will be connecting to,
10036,,Sending Claims via STFP. Check status on the `Claim File Tracker`,
10037,,Sending facility name is user defined,
10038,,Sending From,
10039,,Sending Invoice to Patient Portal Completed,
10040,,Sending Templates or Profiles,
10041,125287,Sending To,الإرسل الى
10042,125288,Sensitivities,حساسيات
10043,,Sensitivities (sensitivities),
10044,,Sensitivity,
10045,,Sensitivity - lets you limit the information in this encounter to those with appropriate privileges,
10046,125289,Sensitivity:,حساسية
10047,125290,Sensory exam normal,الكشف الحِسِّيّ‎ طبيعي  
10048,125291,Sent,تم الإرسال
10049,,Sent - Confirmed,
10050,125292,"Sent By, Leave Blank For All","أُرسل من خلال, يُترك فارغ للجميع"
10051,,Sent by:,
10052,125293,Sent Date,تاريخ الإرسال
10053,125294,Sent Items,المواد المُرسلة
10054,125295,Sent Medical Records?,التقارير المُرسلة؟
10055,125296,Sent successfully,تم الإرسال بنجاح
10056,,Sent Summary of Care Electronically?,
10057,,Sent Summary of Care?,
10058,125297,sent to printer.,تم الإرسال للطابعة.
10059,125298,"Sent To, Leave Blank For All","إرسل الى, يترك فارغ للجميع"
10060,,Sent to:,
10061,125299,"Sent, but delivery not yet confirmed.","تم الإرسال, حتى الان لم يتم تأكيد الإستلام"
10062,125300,"Sent, not received","تم الإرسال, لم يُستقبل بعد"
10063,,Sent{{Mails}},
10064,125301,Sep,سبتمبر -أيلول
10065,125302,Separated,مفصول
10066,125303,September,سبتمبر -أيلول
10067,125304,Seq,تتابع
10068,125305,Sequence,تتابع
10069,,Serbian,
10070,,Serial Number,
10071,125306,Serv Rep,ممثل الخدمة
10072,,Server error: try again later,
10073,,Server Login,
10074,,Server may be offline,
10075,,Server message:,
10076,,Server says thanks. Images state saved.,
10077,,Server Status,
10078,125307,Service,خدمة
10079,,Service added,
10080,,Service and Client Volume Report,
10081,125308,Service Category,فئة الخدمة
10082,125309,Service Code,رمز الخدمة
10083,125310,Service Code Finance Reporting,رمز الخدمة للتقارير المالية
10084,125311,Service Codes,رموز الخدمة
10085,125312,Service Date,تاريخ الخدمة
10086,,Service Date From,
10087,,Service Date To,
10088,125313,Service Date:,تاريخ الخدمة :
10089,,Service deleted,
10090,,Service Facility,
10091,,Service is not compatible with the sex of this client.,
10092,125314,Service Location,موقع الخدمة
10093,125315,Service Name,أسم الخدمة
10094,125316,Service provided by specialist,مقدم الخدمة اخصائي
10095,,Service provider changed,
10096,125317,Service Reporting,الإبلاغ عن الخدمة
10097,125318,Service Reporting Only,الإبلاغ عن الخدمة فقط
10098,125319,Services,الخدمات
10099,125320,Services by Category,الخدمات عن طريق الفئة
10100,125321,Services Provided,الخدمات المقدمة
10101,125322,Services provided,الخدمات المقدمة
10102,125323,Services/Products,الخدمات - المنتجات
10103,125324,Session Type,نوع الجلسة
10104,125325,Set,اضبط
10105,125326,Set a facility cookie to remember the selected facility between logins.,اضبط كعكة المنشئة لتتذكر المنشئة المختارة بين مرات الدخول
10106,125327,Set As Completed,اضبط كمكتمل
10107,,SET AS COMPLETED,
10108,,Set aside some uninterrupted time for the data entry,
10109,,Set Gateway to Production Mode,
10110,,Set POS code in encounter,
10111,,Set Price Level,
10112,125328,Set processing priority for CDR engine based reports.,اضبط اولوية التشغيل لمحرك تقارير CDR
10113,125329,Set processing priority for creation of Patient Reminders (in full clinic mode).,اضبط اولوية التشغيل لإنشاء تنبيهات المرضي (في نمط العيادة الكامل)
10114,,Set the priority level,
10115,125330,Set this to the full absolute path. For creating client SSL certificates for HTTPS.,اضبط هذا للعنوان الكامل الوحيد لإنشاء شهادات SSL لل HTTPS
10116,125331,Set To,اضبط الي
10117,125332,Set to Default,اعادة الضبط
10118,,Set to the number of prior passwords that are not allowed to use when changing a password.,
10119,,set value to,
10120,,Set which radio button is selected by default in 'Search for Additional Codes' section,
10121,,Sets the font of the address text on the envelope in mm,
10122,,Setting,
10123,125333,Setting the version number in the database...,ضبط رقم التعديل لقاعدة البيانات...
10124,,Setting up 2FA,
10125,125334,Settings,الإعدادات
10126,,Setup MedEx,
10127,,Setup the Fee Sheet,
10128,,Several additional drop-down and text boxes will be visible,
10129,,Several days,
10130,,Severe,
10131,,Severe anxiety disorder,
10132,125335,Severe Migraine,صداع نصفي حاد
10133,,Severity,
10134,,Severity information will be missing if interaction is found,
10135,125336,Severity of Pain,شدة الألم
10136,125337,Severity of Pain:,شدة الألم
10137,125338,Sex,جنس
10138,125339,Sexually Transmitted Disease,الأمراض المنقولة جنسيا
10139,125340,SFTP,بروتوكول نقل الملفات المؤمن
10140,,SFTP Host,
10141,,SFTP Local Directory,
10142,,SFTP Login Credentials,
10143,,SFTP Pass Credentials,
10144,,SFTP Port,
10145,,SFTP Remote Directory,
10146,,SFTP will send the order as a HL7v2.3 message to the receiving lab using the SFTP protocol,
10147,125341,Sha-1 Hash,خوارزمية التشفير
10148,125342,Sharing,مشاركة
10149,125343,Shell command for printing from the server.,أمر للطباعة من المزود
10150,,Shift,
10151,,Shifts Reporting,
10152,,Shona,
10153,125344,Short Description,وصف قصير
10154,,Shorthand,
10155,,Shorthand Help,
10156,125345,Shortness of Breath,نقص في التنفس
10157,125346,Shortness Of Breath,نقص في التنفس
10158,125347,Shortness Of Breath 2,نقص في التنفس ٢
10159,125348,Shot Record,سجل الحقنات
10160,125349,Shot Record as of:,سجل الحقنات
10161,,Should be Enabled,
10162,125350,should be like nnnnn-nnnn-nn,يجب ان يكون مثل nnnnn-nnnn-nn
10163,125351,Should be two letters,يجب ان يكون حرفين
10164,125352,should contain 10 digits,يجب ان يحتوي على ١٠ خانات
10165,125353,should contain only 10 digits,يجب ان يحتوي على ١٠ خانات فقط
10166,125354,Shoulder,الكتف
10167,125355,Shoulder + clavicle,الكتف + الترقوة
10168,125356,Shoulder Problems,عرض
10169,125357,Show,عرض
10170,125358,Show Active,عرض الكل
10171,,Show Additional Insurance Information,
10172,,Show Aging on Custom Statement,
10173,125359,Show All,عرض الكل
10174,,Show all payment history in Patient Ledger,
10175,125360,Show all procedures,عرض جميع الإجراءات
10176,,Show All Results,
10177,125361,Show All Transactions,عرض جميع المعاملات
10178,125362,Show as Busy,عرض ك مشغول
10179,125363,Show Authorized Only,العرض للمصرح لهم فقط
10180,125364,Show Available Times,عرض الأوقات المتاحة
10181,125365,Show both US and metric (main unit is metric),عرض الجميع: US & Metric
10182,125366,Show both US and metric (main unit is US),عرض الجميع: US & Metric
10183,,Show button for download fax template,
10184,,Show button in the prescription list for download fax template,
10185,,Show Current Signature On File,
10186,125367,Show Details,عرض التفاصيل
10187,,Show Diagnoses Section,
10188,,Show empty lots,
10189,125368,Show Errors Only?,عرض الأخطاء فقط
10190,,Show Extra Logo on Login,
10191,125369,Show Graph,عرض الرسم البياني
10192,,Show Help Modal,
10193,125370,Show hovering event text on mouseover?,عرض وصف الحدث عن وضع الفأرة عليه؟
10194,125371,Show how many events on admin pages?,عرض عدد الأحداث على صفحة المدير؟
10195,,Show inactive,
10196,125372,Show Inactive,عرض الغير نشط
10197,,Show Insurance Address Information in the Insurance Panel of Demographics.,
10198,,Show IOP by Date,
10199,,Show IOP by Time,
10200,,Show labels on the login form,
10201,125373,Show Menu,عرض القائمة
10202,125374,Show metric only,عرض النِّظامُ المِتْرِيّ‎ فقط
10203,,Show Mini Logo 1,
10204,,Show Mini Logo 2,
10205,125375,Show Notes,عرض الحاشية
10206,,Show only latest values reported for each result code,
10207,125376,Show only procedures not omitted,عرض الإجراءات الغير محذوفة فقط
10208,,Show Password,
10209,,Show Patient Encounter Number in Patient Flow Board,
10210,,Show Patient ID in Patient Flow Board,
10211,125377,Show Patient Notes,عرض ملاحظات المريض
10212,125378,Show pounds and ounces,عرض الرطل و الأوقية
10213,125379,Show pounds as decimal value,عرض الرطل بالقيمة العشرية
10214,125380,Show Primary Complete,عرض الأساسي كاملا
10215,,Show Products Section,
10216,,Show Receipt,
10217,,Show records,
10218,,Show Referrals Section,
10219,125381,Show Reminders,عرض التنبيهات
10220,125382,Show Report,عرض التقرير
10221,125383,Show search/submit links in block?,عرض البحث- تسليم الروابط دفعة واحدة؟
10222,,Show Selected for Drug Screens,
10223,,Show Services Section,
10224,,Show Status of Drug Screens,
10225,,Show Tagline on Login Page,
10226,125384,Show the custom state form for the add list widget (will ask for title and abbreviation).,أعرض طلب الحالة المهيئة لأداة إضافة قائمة (هذا سيسأل عن العنوان و اﻹختصار)
10227,,Show the Impression/Plan Builder panel,
10228,,Show the last three Refractions,
10229,,Show the tagline from the login screen,
10230,125385,Show this category on the patient summary screen even if no issues have been entered for this category.,اعرض هذة المجموعة علي شاشة عرض المريض حتي لو تكن هناك أحداث مسجلة
10231,,Show Title on Login,
10232,,Show track history,
10233,125386,Show Unbilled Only,عرض الفواتير الغير مدفوعة فقط
10234,125387,Show US only,عرض الولايات المتحدة فقط
10235,,Show Username and Password Labels on Login Page,
10236,,Show Visit Reason in Patient Flow Board,
10237,,show/hide executed query log,
10238,,Show/Hide the Selection Area,
10239,125388,Showing,يعرض
10240,,Showing 0 to 0 of 0 entries,
10241,,Showing items,
10242,,Showing page,
10243,125389,Showing result,يعرض النتائج
10244,,Shows the hierarchal level of this line,
10245,,Shutting Down Service ...,
10246,,Sibling,
10247,,Sibling History,
10248,,Sibling in-law,
10249,125390,Siblings,الاشقاء
10250,125391,Sickle Cell,فقر الدم المنجلي
10251,125392,Sig,التوقيع
10252,125393,Sigmoid/Colonoscopy,السِّينِيّي -جزء من القولون‎ -فحص القولون
10253,,Sign,
10254,,Sign In,
10255,125394,"Sign Lab Results (write,addonly optional)","توقيع نتيجة المختبر (كتابة,اختياري)"
10256,,"Sign Lab Results (write,addonly optional) (sign)",
10257,125395,Sign Results,التوقيع على النتيجة
10258,,Sign-up,
10259,,Sign-up successful for,
10260,125396,Signature,التوقيع
10261,,Signature on File,
10262,,Signature On File,
10263,125397,Signature:,التوقيع:
10264,,Signed,
10265,,Signed Date,
10266,125398,Signed Rx,وصفة علاجية موقعة
10267,,Significant Other,
10268,125399,Significant Swelling:,انتفاخ كبير:
10269,125400,Simplified,مبسط
10270,125401,Simplified Co-Pay,رسوم ميسرة
10271,125402,Simplified Demographics,ديموغرافيا ميسرة
10272,125403,Simplified Prescriptions,وصفات ميسرة
10273,,Simplified; Contraceptive Start Date on Tally Sheet,
10274,,SINADI Report,
10275,125404,Since,منذ
10276,125405,"Sincerely,","تحياتي الصادقة,"
10277,,Sindhi,
10278,125406,Single,مفرد
10279,,Single Tests,
10280,125407,Single-selection list,مفرد-قائمة الأختيارات
10281,125408,Single-selection list with ability to add to the list,مفرد-قائمة الأختيارات مع مقدرة الأضافة عليها
10282,125409,Singular,مُفرد
10283,,Sinhala,
10284,,"Sinhala, Sinhalese",
10285,125410,Sinus Problems,مشكلة الجيوب الأنفية
10286,125411,Sinus Surgery,جراحة الجيوب الأنفية
10287,125412,SINUS TENDERNESS:,SINUS TENDERNESS:
10288,125413,Sinusitis,اِلْتِهابُ الجَيْب الأنفية
10289,,Sister,
10290,125414,Site,مكان
10291,,Site Address (required for OAuth2 and FHIR),
10292,,Site Address (required for OAuth2 and FHIR). Example is,
10293,,"Site Address Override (if needed for OAuth2, FHIR or CCDA)",
10294,125415,Site ID,رقم هوية الموقع
10295,125416,"Site ID for the Medical Information Integration, LLC Lab Exchange Service.","رقم هوية الموقع لدمج العلومات الصحية, خدمة تبادل المعمل"
10296,125417,Site ID for the OpenEMR Support LLC Lab Exchange Service.,"رقم هوية الموقع للبرنامج, خدمة تبادل المعمل"
10297,,Site Worker,
10298,,Six Months Ago,
10299,,Six Months Ahead,
10300,125418,Size,مقاس
10301,,size,
10302,,Size Height,
10303,125419,Size must be a number between 1 and 999,المقاس يجب ان يكون بين 1 و 999
10304,,Size Width,
10305,125420,Size/List,مقاس-قائمة
10306,,Skilled Nursing Facility,
10307,125421,Skin,جلد
10308,125422,Skin Cancer,سرطان الجلد
10309,125423,Skin Disease,مرض جلدي
10310,125424,Skin Other,جلد اخرى
10311,125425,Skip Authorization of Patient Notes,تجاوز تفويض ملاحظات المريض
10312,,Skipping illegal layout name,
10313,,Skipping illegal list name,
10314,,Skipping missing layout name,
10315,,Skipping missing list name,
10316,125426,Skipping section,تجاوز جزء
10317,125427,Skipping SQL-Ledger dump - not implemented for Windows server,Skipping SQL-Ledger dump - not implemented for Windows server
10318,,Sl.No,
10319,,Slab Off,
10320,,Sleep,
10321,125428,Sleep patterns,أنماط النوم
10322,125429,Sleep Patterns,أنماط النوم
10323,125430,Sleeping,نائم
10324,,Sliding,
10325,125431,Slovak,السلوفاكية
10326,,Slovene,
10327,125432,Sm debt w/o,Sm debt w/o
10328,,Smart App,
10329,,SMART apps that display on the patient summary page can be enabled or disabled from this screen. Any OAUTH2 client requesting the 'launch' scope will allow EMR users to launch an app from within the EHR.,
10330,,SMART Enabled Apps,
10331,,Smartphones can have authenticator apps that can calculate OTP using either time based or algorithm based approaches and is a common method of OTP delivery,
10332,125433,Smarty Cache has been cleared,لقد تم مسح مخبئ Smarty
10333,125434,"Smoker, current status unknown","مدخن, الحالة الحالية غير معروفة"
10334,,Smoking,
10335,125435,Smoking Status,حالة التدخين
10336,,SMS,
10337,125436,SMS Auth,تفوبض الرسائل النصية القصيرة
10338,,SMS based delivery of OTP is easy to implement with no additional steps needed by the user,
10339,,SMS Confirmed,
10340,125437,SMS Gateway,ممر الرسائل النصية القصيرة
10341,125438,SMS Gateway API key,"ممر الرسائل النصية القصيرة, مفتاح API"
10342,125439,SMS Gateway API Key,"ممر الرسائل النصية القصيرة, مفتاح API"
10343,125440,SMS Gateway Password,كلمة سر ممر الرسائل النصية القصيرة
10344,125441,SMS Gateway Username,إسم مستخدم ممر الرسائل النصية القصيرة
10345,,SMS Messages,
10346,125442,SMS Notification,تذكيرات الرسائل النصية القصيرة
10347,125443,SMS Notification Hours,أوقات تذكيرات الرسائل النصية القصيرة
10348,,SMS Notification Settings Updated Successfully,
10349,,SMS OK,
10350,125444,SMS send before,أرسل الرسائل النصية القصيرة قبل
10351,125445,SMS Sent,تم إرسال الرسائل النصية القصيرة
10352,,SMS Text Usable Tags,
10353,,SMS Text Usable Tags:,
10354,125446,"SMS Text, Usable Tag: ***NAME***, ***PROVIDER***, ***DATE***, ***STARTTIME***, ***ENDTIME***<br> i.e. Dear ***NAME***","SMS Text, Usable Tag: ***NAME***, ***PROVIDER***, ***DATE***, ***STARTTIME***, ***ENDTIME***<br> i.e. Dear ***NAME***"
10355,,"SMS Text, Usable Tags: ",
10356,,SMS Zone,
10357,,SMS zone - This section lets use send and receive SMS texts,
10358,125447,SMS/Email Alert Settings,إعدادات الرسائل النصية القصيرة/الإيميل
10359,,SMS/Email Alert Settings Updated Successfully,
10360,125448,SMTP Password for Authentication,كلمة سرSMTP للتوثق
10361,,SMTP Security Protocol,
10362,,SMTP security protocol to connect with. Required by some servers such as gmail.,
10363,125449,SMTP Server Hostname,إسم مستضيف خادم SMTP
10364,125450,SMTP Server Port Number,رقم منفذ خادم SMTP
10365,125451,SMTP User for Authentication,مستخدم SMTP للتوثق
10366,125452,SNOMED,المسميات المنظمة للطب SNOMED
10367,125453,SNOMED (RF1) Clinical Term,طلب طبي (RF1) المسميات المنظمة للطب
10368,125454,SNOMED (RF1) Diagnosis,تشخيص (RF1) المسميات المنظمة للطب
10369,125455,SNOMED (RF1) Procedure,عملية (RF1) المسميات المنظمة للطب
10370,,SNOMED (RF2) Clinical Term,
10371,125456,SNOMED (RF2) Diagnosis,تشخيص (RF2) المسميات المنظمة للطب
10372,,SNOMED (RF2) Procedure,
10373,125457,SNOMED Clinical Term,المصطلح الطبي في المسميات المنظمة للطب
10374,125458,SNOMED Database,قاعدة بيانات المسميات المنظمة للطب
10375,125459,SNOMED Diagnosis,التشخيص المسميات المنظمة للطب
10376,125460,SNOMED Procedure,الإجراءات المسميات المنظمة للطب
10377,,SNOMED-CT Code,
10378,125461,Snoring,شَخير
10379,125462,SOAP,"الشكوي , الفحص , التقييم و خطة العلاج"
10380,,Soap Import Status,
10381,,Soc Hx{{Social History}},
10382,,Social,
10383,125463,Social Difficulties,صعوبات اجتماعية
10384,,Social History,
10385,,Social History Element,
10386,125464,Social History:,التاريخ الاجتماعي
10387,125465,Social Security Number,رقم الخدمة الأجتماعية
10388,,Social Security(Optional),
10389,125466,solution,حّل
10390,,Somali,
10391,125467,Somatic Context,مضمون جسدى
10392,125468,Some authorizations were not displayed. Click here to view all,لم يتم عرض كل التفاويض: انقر هنا لعرض الكل
10393,125469,Some codes were not displayed.,بعض الرموز لم يتم عرضها
10394,125470,Some encounters were not displayed. Click here to view all.,بعض المراجعات لم يتم عرضها:انقر هنا لعرض الكل
10395,125471,Some error has occured during De Identification Process,حدثت بعض الأخطاء خلال عملية إزالة الهوية
10396,,Some global parameters on the setup and printing of the generated claims can be set in Adminstration > Globals > Billing,
10397,125472,Some notes were not displayed.,بعض الملاحظات لم يتم عرضها
10398,125473,Some office notes were not displayed. Click here to view all.,لم يتم عرض كل الملاحظات. انقر هنا لعرض الكل
10399,,Some smaller local labs may agree to deal directly with the practice,
10400,125474,some words,بعض الكلمات
10401,,Someone else has just changed this visit. Please cancel this page and try again.,
10402,,Something went wrong,
10403,,Something went wrong.,
10404,125475,Something went wrong. Please try again.,حدث خطأ. من فضلك حاول مرة اخرى
10405,,Something went wrong. Recommend contacting the clinic.,
10406,,Somewhat difficult,
10407,125476,Soon Due Interval (Clinical Reminders),فاصل سوف يحين الوقت قريباَ (التذكيرات الطّبية)
10408,125477,Soon Due Interval (Patient Reminders),فاصل سوف يحين الوقت قريباَ (تذكيرات المرضي)
10409,125478,Sore Throat,التهاب الحلق
10410,125479,Sorry No Appointment is Fixed,عفواً لم يتم تحديد الموعد
10411,,Sorry you are not privileged enough. Enrollment is limited to Adminstrator accounts.,
10412,,Sorry! Not Authorized.,
10413,125480,"Sorry, there was a problem uploading your file",عفواً. حدث خطأ خلال تحميل الملف
10414,,"Sorry, there was a problem!",
10415,,Sorry. Can not update history.,
10416,,Sort alphabetically,
10417,125481,Sort by,فرز حسب
10418,125482,Sort By,فرز حسب
10419,,Sort by Category,
10420,125483,Sort by Checksum,فرز حسب تدقيق المجموع
10421,125484,Sort by Comments,فرز حسب التعليقات
10422,,Sort by Crt User,
10423,125485,Sort by date,فرز حسب التاريخ
10424,125486,Sort by date/time,فرز حسب التاريخ- الوقت
10425,125487,Sort by Event,فرز حسب المراجعة
10426,125488,Sort by Group,فرز حسب المجموعة
10427,,Sort by New Checksum,
10428,,Sort by Old Checksum,
10429,125489,Sort by PatientID,فرز حسب بطاقة المريض
10430,,Sort by seq,
10431,125490,Sort by Success,فرز حسب العمليات التى تمت بنجاح
10432,,Sort by Tamper date/time,
10433,125491,Sort by User,فرز حسب المستخدم
10434,125492,Sort by vaccine,فرز حسب التطعيم
10435,125493,Sort Down,إفرز تنازلياَ
10436,125494,Sort Result by,فرز حسب النتائج
10437,125495,Sort Up,إفرز تصاعدياَ
10438,125496,Source,المصدر
10439,,Source CSV File,
10440,125497,Source File,ملف المصدر
10441,125498,Source File Path,طريق ملف المصدر
10442,125499,Source is missing for code ,رمز المصدر مفقود
10443,125500,Source Lot,جملة المصدر
10444,,Source of the document,
10445,125501,Source Patient,مريض المصدر
10446,125502,Source patient has no DOB,لم يتم تحديد تاريخ ميلاد مريض المصدر
10447,125503,Source patient not found,لم يتم العثور علي مريض المصدر
10448,125504,Source:,المصدر:
10449,,South Ndebele,
10450,,Southern Sotho,
10451,125505,Space,مسافة
10452,125506,SPACE,مسافة
10453,,Span Entire Row,
10454,125507,Spanish,الأسبانية
10455,125508,Spanish (Latin American),الأسبانية (امريكا اللاتينية)
10456,125509,Spanish (Spain),الأسبانية (اسبانيا)
10457,,Spanish- Castilian,
10458,125510,Special characters are not allowed,رموز التحكم الخاصة غير مسموح بها
10459,125511,Special treatment for the Vitals form,رعاية خاصة لطلب المؤشرات الحيوية
10460,125512,Specialist,أخصائي
10461,125513,Specialist name and signature,أسم الأخصائي وتوقيعه
10462,,Specialized physician,
10463,125514,Specialty,مجال التخصص
10464,,Specialty Form,
10465,125515,Specialty Systems,اﻷنظمة الخاصة
10466,125516,Specialty:,تخصص:
10467,125517,Specific,محدد
10468,125518,Specific Application,تطبيق محدد
10469,125519,Specific Contraceptive Service,خدمة منع الحمل محددة
10470,125520,Specific Result,نتيجة محددة
10471,125521,Specific Service,خدمة محددة
10472,125522,Specified,محدد
10473,125523,"Specifies formatting for codes. # = digit, * = any character. Empty if not used.","Specifies formatting for codes. # = digit, * = any character. Empty if not used."
10474,125524,"Specifies formatting for codes. # = digit, @ = alpha, * = any character. Empty if not used.","Specifies formatting for codes. # = digit, @ = alpha, * = any character. Empty if not used."
10475,125525,"Specifies formatting for invoice reference numbers.  # = digit, * = any character.  Empty if not used.","Specifies formatting for invoice reference numbers. # = digit, * = any character. Empty if not used."
10476,125526,"Specifies formatting for invoice reference numbers.  # = digit, @ = alpha, * = any character.  Empty if not used.","Specifies formatting for invoice reference numbers. # = digit, @ = alpha, * = any character. Empty if not used."
10477,125527,"Specifies formatting for product NDC fields.  # = digit, * = any character.  Empty if not used.","Specifies formatting for product NDC fields. # = digit, * = any character. Empty if not used."
10478,125528,"Specifies formatting for product NDC fields.  # = digit, @ = alpha, * = any character.  Empty if not used.","Specifies formatting for product NDC fields. # = digit, @ = alpha, * = any character. Empty if not used."
10479,125529,"Specifies formatting for the external patient ID.  # = digit, * = any character.  Empty if not used.","Specifies formatting for the external patient ID. # = digit, * = any character. Empty if not used."
10480,125530,"Specifies formatting for the external patient ID.  # = digit, @ = alpha, * = any character.  Empty if not used.","Specifies formatting for the external patient ID. # = digit, @ = alpha, * = any character. Empty if not used."
10481,,"Specify the interval for automatic message checking, 5 or 10 minutes as a starting point",
10482,,Specify the OpenEMR user who will receive notification of new incoming Direct messages,
10483,125531,Specimen,عيّنة
10484,,Specimen Collections date has not been entered and this is not a PSC Hold Order!,
10485,125532,Specimen number/identifier,رقم العيّنة- التعريف
10486,125533,Specimen Type,نوعية العيّنة
10487,,Specimen type,
10488,125534,Speech Dictation,إملاء شفوي
10489,125535,Spermicides,مبيد الحيوانات المنوية
10490,,Sphere,
10491,,Sphere Clinicfront in person (RETAIL) Transaction CustID,
10492,,Sphere Clinicfront in person (RETAIL) Transaction CustID License Key,
10493,,Sphere Clinicfront over phone (MOTO) Transaction CustID,
10494,,Sphere Clinicfront over phone (MOTO) Transaction CustID License Key,
10495,,Sphere Ecomm TC Link Password,
10496,,Sphere MOTO TC Link Password,
10497,,Sphere Patientfront (Ecomm) Transaction CustID,
10498,,Sphere Patientfront (Ecomm) Transaction CustID License Key,
10499,,Sphere RETAIL TC Link Password,
10500,,Sphere Void/Credit Confirmation Password. OpenEMR confirms pin/password before proceeding with void/credit.,
10501,,Sphere Void/Credit Confirmation PIN,
10502,,Sph{{Sphere}},
10503,,SPH{{Sphere}},
10504,125536,Splenectomy,استئصال الطحال
10505,125537,Spouse,القرين
10506,,Spouses History,
10507,125538,Sputum,بَلْغَم
10508,125539,Sputum:,بَلْغَم :
10509,125540,SQ,برنامج الضغط SQ
10510,,sql,
10511,,SQL-Ledger,
10512,125541,Squad,فرقة
10513,125542,Squad Membership,عضوية الفرقة
10514,125543,Squads,فِرق
10515,,Squads (squads),
10516,,Sr,
10517,,Sr.,
10518,125544,SRH,الصحة الجنسية و التناسلية
10519,125545,SRH - Family Planning,الصحة الجنسية و التناسلية - تخطيط الأسرة
10520,125546,SRH Non Family Planning,الصحة الجنسية و التناسلية - لا يوجد تخطيط ل الأسرة
10521,125547,SRH Referrals,تحويلات الصحة الجنسية و التناسلية
10522,125548,SRH Visit Form,طلب زيارة الصحة الجنسية و التناسلية
10523,125549,Srv Date,تاريخ Srv
10524,125550,SS,الضمان الإجتماعي
10525,125551,SSL Certificate Administration,ادارة شهادة SSL
10526,125552,SSN,رقم الخدمة الأجتماعية
10527,125553,Stability,اسْتِقْرار
10528,,Stack Trace,
10529,125554,Staged Releases,إفراجات مرحلية
10530,125555,Standard,نموذجي
10531,,Standard check,
10532,125556,Standard Code,الرمز النموذجي
10533,,Standard Code (LOINC),
10534,,Standard Error Logging,
10535,125557,Standard Measures,الإجراءات النموذجية
10536,125558,Standard Measures (Active Alerts),الإجراءات النموذجية (تنبيهات نشطة)
10537,125559,Standard Measures (Passive Alerts),الإجراءات النموذجية (تنبيهات خاملة)
10538,125560,Standard Measures (Patient Reminders),الإجراءات النموذجية (تذكيرات المريض)
10539,125561,Standard Name,الإسم النموذجي
10540,125562,"Standard; Simplified: only title, start date, comments and an Active checkbox;no diagnosis, occurrence, end date, referred-by or sports fields. ; Football Injury","قياسي, مبسّط: العنوان فقط, تاريخ البدء, التعليقات و خانة تأشير نشطة. لا تشخيص او حدوث او تاريخ النهاية او محوّل من"
10541,125563,Start,بَدءٌ
10542,125564,Start (yyyy-mm-dd): ,بَدءٌ (سنة-شهر-يوم):
10543,125565,Start Another Report,بداية تقرير جديد
10544,,Start Assessment,
10545,,Start Batch Processing,
10546,,Start by clicking on Add Top Level to bring up the Enter Details pop-up box in the Add Mode,
10547,,Start by clicking on the black plus sign at the end of the Serum Chemistry line to bring up the Enter Details pop-up,
10548,,"Start by clicking the Browse button and selecting the file to upload, and then clicking 'Upload' to perform the upload and display the corresponding invoices. In this case the other parameters mentioned above do not apply and will be ignored. Uploading saves the file but does not yet process its contents -- that is done separately as described below.",
10549,125566,Start Date,تاريخ البداية
10550,,Start date,
10551,125567,Start Date at This Clinic,تاريخ البداية في هذا المركز
10552,125568,Start Date should not be greater than End Date,يجب ان لايكون تاريخ البداية اكبر من تاريخ النهاية
10553,125569,Start date:,تاريخ البداية:
10554,125570,Start Date:,تاريخ البداية:
10555,,"Start entering the data in an orderly manner, tier by tier, one top order group at a time",
10556,125571,Start Time,وقت البداية
10557,,Start watching server processes for upgrade version,
10558,,Starting date,
10559,125572,Starting Date,تاريخ البدء
10560,,Starting date for search,
10561,,Starting Date From,
10562,,Starting Date To,
10563,125573,stat,فَوراً
10564,125574,State,حالة-ولاية
10565,125575,State Data Type,نوعية بيانات الولاية
10566,125576,State Lic. #,رقم الرخصة
10567,125577,State License Number,رقم لوحة السيارة
10568,125578,State list,قائمة الولايات
10569,125579,"State List (write,addonly optional)","قائمة الولايات (اكتب, الإضافة إختيارية)"
10570,,"State List (write,addonly optional) (state)",
10571,125580,State List Widget Custom Fields,أداة قائمة الولايات للحقول المفصلة
10572,125581,State Or Province,الولاية او المنطقة
10573,125582,State/Locality,الولاية / المنطقة
10574,125583,State/Parish,الولاية / دائرة الكنيسة
10575,,State:,
10576,,Statement Appearance,
10577,,Statement Logo GIF Filename,
10578,125584,STATEMENT SUMMARY,ملخص البيان
10579,125585,statements and updating invoices.,البيانات وتحديث الفواتير
10580,,Statements Sent,
10581,125586,Statements Sent:,البيانات المرسلة:
10582,125587,statements; invoices will not be updated.,البيانات: لن يتم تحديث الفواتير
10583,125588,Static Text,النص الثابت
10584,125589,Statistics,إحصائيات
10585,125590,Stats,مختصرات الحالة
10586,125591,Status,الحالة
10587,,Status in the group,
10588,,Status in the meeting,
10589,125592,Status Of Admission,حالة التنويم
10590,125593,Status of Claim,حالة المطالبة
10591,125594,Status quo,الوضع الراهن
10592,,Status Type,
10593,125595,STD/AIDS Couns,إرشاد الإيدز
10594,125596,Stength and Conditioning,التركيز و التهيئة
10595,,Step Child,
10596,,Step Parent,
10597,,Step Sibling,
10598,,Stepchild,
10599,,Steps for uploading CCR XML,
10600,125597,Steps to install the DSM IV database,خطوات تنصيب قاعدة بيانات ال  DSM IV
10601,125598,Steps to install the ICD 10 database,خطوات تنصيب قاعدة بيانات ال ICD 10
10602,125599,Steps to install the ICD 9 database,خطوات تنصيب قاعدة بيانات ال ICD 9
10603,125600,Steps to install the RxNorm database,خطوات تنصيب قاعدة بيانات ال RxNorm
10604,125601,Steps to install the Snomed database,خطوات تنصيب قاعدة بيانات ال SNOMED
10605,,Steps to install the VALUSET database,
10606,,Stereopsis,
10607,125602,Stiff Joints,تصلب المفاصل
10608,125603,Stiffness,تَيَبُّس‎
10609,,Still Loading...,
10610,125604,Stock Months,أشهر المخزون
10611,125605,Stomach Pains,آلام في المعدة
10612,,Stop,
10613,,STOP,
10614,,Stopping activity status checks. Internal Server Error,
10615,,Stopping status checks. Csrf Error. No harm to upgrade and will continue.,
10616,,Store your safe key at settings globals in security tab,
10617,125606,Stored Hash,Stored Hash
10618,,Strabismus,
10619,125607,Strain of muscle,شد عضلي-Strain
10620,,Streak,
10621,125608,Stream,تَدَفّق
10622,125609,Street,شارع
10623,125610,Street Address,عنوان الشارع
10624,,Street Address incomplete Missing,
10625,125611,Street and Number,الشارع والرقم
10626,125612,Strength,قُوَّة
10627,,Strength and Conditioning,
10628,125613,Strep Throat,بكتيريا في الحلق-Strep
10629,125614,Stress fracture,كسر إجهاد
10630,125615,Stress Test,اختبار الجهد
10631,,Stripe,
10632,125616,Stroke,سَكْتَة
10633,,stroke,
10634,125617,"Strong password means at least 8 characters, and at least three of: a number, a lowercase letter, an uppercase letter, a special character.","كلمة السر القوية تتكون من 8 إدخالات, ثلاثة منها يجب ان تكون احرفا صغري, كبري, ارقاما او رموزا مميزة"
10635,,"Strong password means at least one of each: a number, a lowercase letter, an uppercase letter, a special character.",
10636,125618,Style,أسلوب
10637,125619,Style of form used for adding new patients,أسلوب الطلب المستخدم لإضافة المرضي الجدد
10638,,Style your messsage and/or add Image/Video,
10639,,Stylings,
10640,,Sub Group,
10641,125620,Sub-category,فئة فرعية
10642,125621,Sub-Total,المجموع
10643,125622,Subcategory,فية فرعية
10644,125623,subcategory,فئة فرعية
10645,125624,subcutaneously,تحت الجلد
10646,125625,Subject,عنوان
10647,125626,Subjective,شَخْصيّ
10648,125627,Sublingual,تحت اللسان
10649,125628,sublingual,تحت اللسان
10650,125629,Submit,تسليم
10651,125630,submit,تسليم
10652,125631,Submit All Content,تسليم جميع المحتويات
10653,,Submit and Delete Request,
10654,,Submit Changes For All Appts At Once,
10655,,Submit Document,
10656,125632,Submit Event,تسليم المراجعة
10657,125633,submit form,تسليم النموذج
10658,,Submit Payment for Authorization,
10659,125634,Submit Selected Content,تسليم المحتويات المختارة
10660,,Submitted,
10661,125635,submitted,تم التسليم
10662,125636,Submitted by,تم التسليم عن طريق
10663,125637,Submitter EDI Access Number (PER06),رقم الدخول (PER06) للمسّلم EDI
10664,,Submitter Name (3rd Party Submitter Only),
10665,,Submitter Name (If applicable),
10666,125638,Subscriber,مشترك
10667,125639,Subscriber Address,عنوان المشترك
10668,,Subscriber Address Line 1,
10669,,Subscriber Address Line 2,
10670,,Subscriber City,
10671,,Subscriber Country,
10672,,Subscriber Date of Birth,
10673,125640,Subscriber Employer,الجهة الموظفة للمشترك
10674,125641,Subscriber Employer (SE),الجهة الموظفة للمشترك (SE)
10675,125642,Subscriber Employer Address,عنوان الجهة الموظفة للمشترك
10676,125643,Subscriber Employer City,مدينة الجهة الموظفة للمشترك
10677,125644,Subscriber Employer Country,دولة الجهة الموظفة للمشترك
10678,125645,Subscriber Employer State,ولاية الجهة الموظفة للمشترك
10679,,Subscriber Employer Street,
10680,,Subscriber Employer Zip,
10681,125646,Subscriber Employer Zip Code,الرمز البريدي للجهة الموظفة للمشترك
10682,,Subscriber First Name,
10683,,Subscriber Last Name,
10684,,Subscriber Member,
10685,,Subscriber Middle Name,
10686,125647,Subscriber Phone,هاتف المشترك
10687,125648,Subscriber Relationship,درجة القرابة للمشترك
10688,125649,Subscriber relationship is not self but name is the same! Is this really OK?,درجة القرابة للمشترك ليست نفس الشخص لكن الإسم متطابق! هل هذا صحيح؟
10689,125650,Subscriber relationship is not self but SS number is the same!,درجة القرابة للمشترك ليست نفس الشخص لكن رقم الضمان الإجتماعي متطابق! هل هذا صحيح؟
10690,125651,Subscriber relationship is self but name is different! Is this really OK?,درجة القرابة للمشترك هي نفس الشخص لكن الإسم مختلف! هل هذا صحيح؟
10691,125652,Subscriber relationship is self but SS number is different!,درجة القرابة للمشترك هي نفس الشخص لكن رقم الضمان الإجتماعي مختلف! هل هذا صحيح؟
10692,125653,Subscriber Sex,جنس المشترك
10693,,Subscriber SS,
10694,,Subscriber State,
10695,,Subscriber Zip,
10696,,Subscriber/Policy,
10697,,"Subscribers will receive the username, password, and server address information with which to configure OpenEMR",
10698,,Subscribter Phone,
10699,,Substance,
10700,,Substance Refusal Reason,
10701,125654,Substitution,اسْتِبْدال
10702,125655,substitution allowed,الأستبدال مسموح
10703,,Subtitle,
10704,,Subtype,
10705,125656,Success,نجاح
10706,125657,success,نجاح
10707,125658,Success confirming receipt of lab result,نجاح تأكيد استلام نتائج المعمل
10708,125659,Success getting lab results,تم الحصول على نتائج المختبر بنجاح
10709,125660,Success retrieving results from Lab Exchange Network,تم استرجاع النتائج من شبكة المحتبرات بنجاح
10710,,Successful,
10711,,Successful payment,
10712,,Successful Transfers,
10713,125661,Successfully added category,تم اضافة الفئة بنجاح
10714,125662,"successfully added to category,",تم اضافته الى القائمة بنجاح
10715,,Successfully Completed,
10716,125663,Successfully Deleted,تم الحذف بنجاح
10717,,Successfully Imported the details. Please approve the patient from the Pending Approval Screen,
10718,125664,Successfully installed the database.,تم اضافة قاعدة البيانات بنجاح
10719,125665,Successfully installed the following database,تم اضافة قواعد البيانات التالية بنجاح
10720,,Successfully marked claim,
10721,125666,Successfully Modified,تم التعديل بنجاح
10722,,Successfully ordered form,
10723,,Successfully processed claim,
10724,,Successfully revoked access token,
10725,,Successfully revoked refresh token,
10726,,Successfully revoked Trusted User,
10727,125667,Successfully Saved.Would you like to Allocate?,تم الحفظ بنجاح. هل تحب أن تخصص المكان؟
10728,125668,Successfully Saved.Would you like to Distribute?,تم الحفظ بنجاح. هل تحب أن توزّع؟
10729,,Successfully Sent,
10730,125669,successfully stored.,تم الحفظ بنجاح
10731,,Successfully upgraded,
10732,125670,Successfully upgraded the database.,تمت ترقية قاعدة البيانات بنجاح
10733,125671,Successfully upgraded the following database,تم ترقية قواعد البيانات التالية بنجاح
10734,,Successfully Validated claim,
10735,125672,successfully.,بنجاح
10736,,Suffix,
10737,,"Suggestions for the Imp/Plan are built from the Exam, the Past Ocular History (POH and POS) and the Past Medical History (PMH)",
10738,125673,Suicide,إنتحار
10739,,Suite,
10740,125674,Summary,موجز
10741,125675,Summary of,موجز ل
10742,,Summary of Acuities for this patient,
10743,,Summary Of Care Provided?,
10744,,Summary of Care Provided?,
10745,,Summary of Care Sent,
10746,,Summary of Care Sent Electronically,
10747,125676,Sun,الأحد
10748,,Sundanese,
10749,125677,Sunday,الأحد
10750,125678,Superbill,قوائم بيان مفردات الخدمة المقدمة للتأمين/صحيفة المصاريف
10751,125679,Superbill Codes,رموز قوائم بيان مفردات الخدمة المقدمة للتأمين/صحيفة المصاريف
10752,125680,Superbill Codes Administration,إدارة قوائم بيان مفردات الخدمة المقدمة للتأمين/صحيفة المصاريف
10753,,Superbill Codes Administration (superbill),
10754,125681,Superbill Report,تقرير قوائم بيان مفردات الخدمة المقدمة للتأمين/صحيفة المصاريف
10755,125682,Superbill/Fee Sheet,قوائم بيان مفردات الخدمة المقدمة للتأمين/صحيفة المصاريف
10756,125683,Superbills,قوائم بيان مفردات الخدمة المقدمة للتأمين
10757,125684,"Superbills, sometimes referred to as Encounter Forms or Routing Slips, are an essential part of most medical practices.",قوائم بيان مفردات الخدمة المقدمة للتأمين (صحيفة المصاريف) يقصد بها نوعية الخدمات الطبية مفنطة علي حسب التشخيص و موقعة من المستشفي لإستلام مبلغ التأمين الصحي
10758,125685,Superuser,مستخدم مميز-يملك جميع الصلاحيات
10759,,"Superuser - can delete patients, encounters, issues (super)",
10760,125686,Supervising,يشرف على
10761,,Supervising Doctor,
10762,125687,Supervising Doctor DEA,الطبيب المشرف علي الأدوية المخدرة
10763,125688,Supervising Doctor First name,الأسم الأول للطبيب المشرف
10764,125689,Supervising Doctor Last name,الأسم الأخير للطبيب المشرف
10765,125690,Supervising Doctor NPI,رقم المزوّد الوطني للطبيب المشرف
10766,125691,Supervising Doctor UPIN,UPIN للطبيب المشرف
10767,,Supervising Provider,
10768,,Supervisor,
10769,,Supplier,
10770,125692,Supplier facility name,اسم الجهة المشرفة
10771,125693,Support calendar events that apply to multiple providers,أحداث تقويم الدعم المطبقة علي عدّه مزودين
10772,125694,Support export/import of configuration data via the Backup page.,استيراد/تصدير بيانات التهيئة للدعم عن طريق صفحة الإحتياط
10773,125695,Support Multi-Provider Events,أحداث الدعم المطبقة علي عدّه مزودين
10774,,Support Phone Number,
10775,,Support provider in line item in fee sheet,
10776,,Supports AES-256-CBC encryption/decryption only.,
10777,125696,Supports TripleDES encryption/decryption only.,يدعم تشفير و فك التشفير لTripleDES فقط.
10778,,sup{{superior}},
10779,125697,Surface Type,نوع السطح
10780,,Surgeon,
10781,125698,Surgeries,عمليات
10782,125699,Surgery,عملية
10783,125700,Surgery Issue List,قائمة مشاكل العمليات
10784,125701,Suspended,معطل
10785,125702,suspension,إيقاف عن العمل
10786,,Su{{Sunday}},
10787,125703,Svc Date,تاريخ ال Svc
10788,125704,Svc Date:,تاريخ ال Svc:
10789,,Swahili,
10790,,Swati,
10791,125705,Sweating:,تعرق:
10792,125706,Swedish,اللغة السويدية
10793,125707,Swelling,تورم
10794,125708,Swelling Right,تورم -يمين
10795,125709,Swollen Joints,تورم المفاصل
10796,125710,Swollen Lymph Nodes,تورم الغدد اللمفاوية
10797,125711,Symbol used as the decimal point for currency. Not used if Decimal Places is 0.,رمز مستخدم كفاصلة عشرية للعملة. لا تستخدم لو اﻷماكن العشرية تساوى 0.
10798,125712,Symbol used to separate thousands for currency.,رمز مستخدم كفاصلة الالاف للعملة.
10799,125713,Symptoms,أعراض
10800,,Sync Frequency,
10801,,Synchronization with MedEx is paused,
10802,125714,Synchronize,زامن
10803,125715,Synchronize translations with custom language table.,زامن التراجم مع جدول اللغة المكون حسب الطلب.
10804,125716,Synchronized new custom constant:,زامن الثابت الجديد المكون حسب الطلب:
10805,125717,Synchronized new custom language:,زامن اللغة المكونة حسب الطلب:
10806,125718,"Synchronized new definition (Language, Constant, Definition):","زامن التعريف الجديد (اللغة, الثابت و التعريف):"
10807,125719,Syncope,فقدان الوعي
10808,125720,Syndromic Surveillance,ترصد المتلازمات
10809,125721,Syndromic Surveillance - Non Reported Issues,ترصد المتلازمات - الأحداث الغير المبلغ عنها
10810,125722,Syndromic Surveillance Report,تقرير ترصد المتلازمات
10811,125723,"Synovitis, impingement, bursitis","التهاب الأغشية المصلية المفصلية, التهاب كيسي"
10812,125724,System,نظام
10813,,System Error Logging Options,
10814,,System Error Logging Options.,
10815,,"system, user, and offline_access scopes require confidential app permissions.",
10816,,Systolic,
10817,,S{{Saturday}},
10818,,"s{{suffix to make Document plural, ie. Documents}}",
10819,,S{{Sunday}},
10820,125725,T,ت
10821,,T-Score,
10822,125726,t.i.d.,ثلاث مرات باليوم
10823,125727,T.V.,تلفاز
10824,,Tab Log,
10825,125728,Table,جدول
10826,,Table Action,
10827,,Table Args,
10828,,Table Code,
10829,125729,Table creation failed,فشل إنشاء جدول
10830,125730,Table update failed,فشل تحديث الجدول
10831,,Tables,
10832,125731,tablet,حبة دواء
10833,,Tabs,
10834,,Tabs Layout Theme,
10835,,Tabs Layout Theme (need to logout/login after change this setting),
10836,,Tag to Encounter,
10837,,Tag to Image Procedure,
10838,,Tag to Procedure,
10839,125732,Tagalog,تاجالو (لغة الفلبين)
10840,,Tagline text on the login page,
10841,,Tahitian,
10842,,Tajik,
10843,125733,Take,يأخد
10844,,Take care and click on the black + sign on the Electrolyte Panel line to create these Discrete Results,
10845,125734,"Take Insurance, from Drop Down","اختيار التأمين, من القائمة"
10846,125735,"Take Payment From, from Drop Down",اختيار طريقة الدفع من القائمة
10847,125736,Takeback,إسترجاع
10848,125737,Takes long,يستغرق وقتا
10849,,Takes you to the Register Time Based One Time Password Key - TOTP page,
10850,,Takes you to the Register Universal 2nd Factor Key - U2F page,
10851,125738,Tall Navigation Area,منطقة ملاحة طويلة
10852,,Tamil,
10853,,Tamper Date,
10854,,Tampered Checksum,
10855,125739,Target and source DOB do not match,تاريخ ميلاد الهدف و المنشأ غير متطابقين
10856,125740,Target and source pid may not be the same!,إشتقاق الهدف و المنشأ يجب أن يكونا غير متطابقين
10857,125741,Target and source SSN do not match,رقم التأمين الأجتماعي للهدف و المنشأ غير متطابقين
10858,125742,Target Date,الموعد المستهدف
10859,125743,Target Patient,المريض المستهدف
10860,125744,Target patient has no DOB,لايوجد تاريخ ميلاد للمريض المستهدف
10861,125745,Target patient not found,لم يتم العثور على المريض المستهدف
10862,125746,Target/Action Groups,مجموعات الهدف/الفعل
10863,,Targets,
10864,,Taskman: Documents in openEMR,
10865,,Tatar,
10866,,Tax Id,
10867,125747,Tax ID,رقم بطاقة الضرائب
10868,125748,Tax Rate,معّدل الضرائب
10869,125749,Taxes,الضرائب
10870,125750,Taxonomy,علم التصنيف
10871,,TA{{temporal arteries}},
10872,,TB,
10873,,TBUT,
10874,,TBUT{{tear breakup time}},
10875,125751,Td,لقاح التيتانس و الدفتيريا
10876,125752,Team Injury Overview,مراجعة إصابة الفريق
10877,125753,Team Roster,لائحة الفريق
10878,125754,Team Roster View,عرض لائحة الفريق
10879,125755,Team/Squad,فريق/فرقة
10880,,Tear Break Up Time,
10881,125756,Tel,تليفون
10882,,Telehealth,
10883,,Telephone,
10884,125757,Telephone Country Code,مفتاح الدولة
10885,,Tell me more,
10886,,Telugu,
10887,125758,Temp,الملفات المؤقتة
10888,125759,Temp Location,موضع الملفات المؤقتة
10889,125760,Temp Method,طريقة الملفات المؤقتة
10890,,Temp. Art.{{temporal arteries}},
10891,125761,Temperature,الحرارة
10892,125762,Template,قالب
10893,,Template Actions,
10894,,Template Category successfully changed to new Category,
10895,,Template Maintenance,
10896,125763,Template Name,اسم القالب
10897,125764,Template names cannot start with numbers.,اسماء القوالب لايمكن ان تبتدئ بأرقام
10898,,Template Repository,
10899,,Template selector changed,
10900,,Template Uploads,
10901,125765,Template:,قالب:
10902,125766,Templates,قوالب
10903,,"Templates are automatically uploaded to the Template Repository. All actions on template disposal such as sending templates based on what locations are selected from the Scope bar or selecting Profiles to activate in portal, will be carried out here.",
10904,,Templates Successfully sent to Locations.,
10905,,Temporal Art.{{Temporal Artery}},
10906,,Temporal Arteries,
10907,125767,Temporal Artery,الشريان الصدغي-Tem. Artery
10908,,Temporary Lodging,
10909,,temp{{temporal}},
10910,125768,Tendon injury,اصابة وتر
10911,125769,Tendonitis / osis / bursitis,"التهاب الوتر, osis, التهاب كيسي"
10912,,Tension,
10913,125770,Tentative Invoice Ref No,رقم الرصيد التجريبي
10914,,Terms and Conditions,
10915,125771,Tertiary,من الدرجة الثالثة
10916,125772,Tertiary Insurance,تأمين من الدرجة الثالثة
10917,125773,Tertiary Insurance Data,بيانات تأمين من الدرجة الثالثة
10918,125774,Tertiary Insurance provider,مقدم تأمين تأمين من الدرجة الثالثة
10919,,Test,
10920,,Test Code Information,
10921,,"Test only, skip updates",
10922,,Test Ordered,
10923,125775,Test Scheduling,جدولة الفحص
10924,125776,Test System,أختبار النظام
10925,,Test Value,
10926,,Test/Order,
10927,,Test/Screening,
10928,,Tests Performed,
10929,125777,Text,نَصّ
10930,125778,Text Diagnosis,تشخيص نَصّي
10931,125779,Text field,حقل نَصّي
10932,,Text for Custom statement message.,
10933,,Text for fifth account message.,
10934,,Text for first account message.,
10935,,Text for fourth account message.,
10936,,Text for second account message.,
10937,,Text for third account message.,
10938,,Text Message permission,
10939,,Text Templates,
10940,125780,Text-date,تاريخ النَصّ
10941,125781,text-date,تاريخ النَصّ
10942,125782,Textarea,منطقة النَصّ
10943,125783,textarea,منطقة النَصّ
10944,125784,Textbox,صندوق النَصّ
10945,125785,textbox,صندوق النَصّ
10946,125786,Textbox list,لائحة صندوق النَصّ
10947,125787,textbox list,لائحة صندوق النَصّ
10948,125788,Thai,تايلندي
10949,125789,Thank You,شكرا لك
10950,,Thank you,
10951,,Thank you for allowing us to serve you.,
10952,125790,Thank you for choosing,شكرا لك لإختيارك
10953,,Thank You.,
10954,125791,The 'Clear' button will remove all annotations.,"زر ""صَفّى"" سوف يزيل كل التذييلات"
10955,,"The 'Edit' window is divided into two columns, 'Active' and 'Inactive'. The groups (AROs) that are listed in the active column are those groups that the user belongs to.",
10956,,The 'Select Codes' section will now have all the CPT and ICD codes that you entered grouped under the categories that you had decided upon,
10957,,The *Tab* key creates each entry.,
10958,,"The 1500 Claim Form may also be used to report patient encounter data to federal, state, and/or other public health agencies",
10959,,The 837P (Professional) is the standard format used by health care professionals and suppliers to transmit health care claims electronically,
10960,,The ability to link individual issues to patient encounters will let the user quickly determine the outcome of the issue over time,
10961,125792,The above statement failed,البيان إعلاة فشل
10962,,The ACL page two sections.,
10963,,The actual amounts that will be displayed must exist in the database,
10964,,The actual tests or procedures that can be searched for and ordered are highlighted in yellow,
10965,,The Add icon is used to setup a tier that will be a direct descendant of this tier,
10966,,"The advantage of integrating the results with the patient's chart as structured data is the ability to manipulate it to see trends in one convenient location, to plot graphs with the data and use it in data analysis",
10967,,The advantage of scanning the results into the chart is simplicity - no setup is required other than defining a directory/folder in the patient's chart under Documents where the result will be stored. Being unstructured data it does not have the above advantages and will not fulfill Meaningful Use criteria for Computerized Provider Order Entry (CPOE),
10968,,The Allscripts solution integrates the Allscripts ePrescribe web site with openEMR,
10969,,The American Medical Association has defined 9 panels that can be ordered. Each panel contains several tests grouped together,
10970,,The amount will be displayed in either the Payment or Adjustment column as the case may be,
10971,125793,The Apache SSL server certificate and public key,شهادة الخادم و المفتاح العام ل SSL اﻷباتشى
10972,,The application generates challenge - a random number and passes it to the USB key along with the nonce and checksum stored in the application,
10973,,The application then uses the public key that the USB device sent on registration to verify the response,
10974,,The appointment status changes and encounter creations are managed through the Patient Tracker.,
10975,,The Auth Name or API key for selected account. Auth Name for Authorize.Net and API Secret for Stripe.,
10976,,The Balance column would be empty,
10977,,"The basic purpose of the authenticator app is to generate a 20 bytes (160 bits) code encoded in base32 using a secure hash function, SHA-1, and is called HMAC-SHA1 (Hash-based Message Authentication Code)",
10978,,The basis for CCR is a Patient Care Referral Form developed by the Massachusetts Department of Public Health,
10979,,The Billed Date/Payor column will show the date the line item payment was received and the Payor name - either insurance or patient,
10980,,The Billed Date/Payor column will show the date the line item was billed and the Payor - either insurance or patient,
10981,,The Body contains the clinical data that may be structured and organized as one or more sections or may be an unstructured blob of data,
10982,,"The Body Site, Administer Via and Laterality boxes can be left as Unassigned",
10983,,The bottom group consists of the Copays,
10984,,The Category column will be Custom Top Group and will be highlighted in pink,
10985,,The Category column will say Order indicating that it is an order,
10986,,The Category will be Result,
10987,,The CDA is a plain text document that is coded using the Extensible Markup Language (XML) and contains a Header and Body,
10988,125794,The Certificate Authority certificate,الشهادة لشهادة السلطة
10989,,The Charge column would be blank,
10990,,The Charge will be the actual amount being charged for each line item,
10991,125795,The claim file: ,ملف المطالبة:
10992,,The CMS 1500 form has 33 boxes and is divided into two sections,
10993,,"The Code column should have 905, the vendor specific Identifying code that was entered previously",
10994,,The Code column will be empty as items listed as a Group are not used in the actual reporting of results and therefore do not have a distinct code number,
10995,,"The Code will be R905, the Identifying Code value that was entered for the Discrete Result",
10996,,The code you entered was not valid,
10997,125796,The compatible staged US Extension SNOMED package has already been installed.,لقد تم تثبيت باقة SNOMED الخاصة بالوﻻيات المتحدة المتطابقة المرحلية
10998,,"The Contacts cell has various bits of contact information like phone numbers, email etc",
10999,,The Continuity of Care Document (CCD) and Continuity of Care Record (CCR) were both selected as acceptable formats to extract information for clinical care summaries as a part of Meaningful Use Stage 1,
11000,,"The Continuity of Care Record (CCR) has been developed jointly by ASTM International - an organization that is involved in the development and delivery of voluntary consensus, the Massachusetts Medical Society (MMS), the Health Information Management and Systems Society (HIMSS), the American Academy of Family Physicians (AAFP), and the American Academy of Pediatrics",
11001,,The Continuity of Care Record (CCR) is the clinical record of the patient’s current and historical health care status,
11002,,The core dataset consists of,
11003,125797,The corresponding private key,المفتاح المتناظر الخاص
11004,,The created report can contain as much or as little information based on the need,
11005,,The Current Authentication Method for the logged in user section will now feature the activated methods,
11006,,The Current Authentication Method lists all the methods that are active,
11007,,The custmomized Fee Sheet can be used. If and when you come across a code that is not there in the custom 'Select Codes' section you can always use the 'Search for Additional Codes' section,
11008,,The Custom Favorite Item Tier should be the direct descendant or child of the relevant Custom Favorite Group,
11009,,"The custom grouping will also let you group two recognized panel of tests into a custom group and thus order them together, e.g. a custom group of Preop Labs may contain two panels, CBC and Renal Panel",
11010,,The dashboard is the central location for convenient access the patient's medical record,
11011,,The Dashboard page is divided into three sections,
11012,,The data integrity test failed for this form,
11013,,The data section of the dashboard page lists all pertinent items related to a patient,
11014,,The dated reminder will start to appear 5 days before the reminder date under Dated Reminders ,
11015,,The default code type to search for in the Fee Sheet.,
11016,,The default fee sheet can be modified and customized to make it more useful.,
11017,,The default fee sheet is divided into several sections and is designed to be filled from top to bottom with the save button at the very end.,
11018,,The default form can be customized by editing it in Administration > Layouts,
11019,,The default has two buttons that is set for 'New Patient' and 'Established' patient,
11020,,"The default installation has six such groups - Accounting, Administrators, Clinicians, Emergency Login, Front Office and Physicians.",
11021,,The default installation has the following items,
11022,,The default installation lists 5 types of issues that can be documented,
11023,,The default installation will not make the phone call automatically,
11024,,The default is 'Standard' usually used to reflect rates charged for insurance billing. You can have a different amount charged for credit card payment and for cash payment,
11025,,"The default is Normal, i.e. it is visible to everyone. Selecting High will restrict it to users belonging to the Physicians and Administrators groups by default",
11026,,The default issue type is set to Problem,
11027,,"The default messaging center is divided into three sections - Messages, Reminders and Recalls",
11028,,The default values for the rendering providers can be set,
11029,125798,the Denial code is,رمز الإنكار هو
11030,125799,the Denial Group code is,رمز مجموعة الإنكار هو
11031,,"The Description column displays the short description that was entered, Serum chemistry tests",
11032,,The Description column will reflect the description value that was entered previously,
11033,,The Description should say Serum Uric Acid result,
11034,,"The Description will detail the type of payment or adjustment - Cash, Check, Electronic etc ",
11035,125800,The destination form was closed,طلب محطة الوصول مغلق
11036,,The destination form was closed.,
11037,125801,The destination form was closed; I cannot act on your selection.,طلب محطة الوصول مغلق; لا أستطيع مساعدتك فى هذا الإختيار
11038,,The difference between the two is that for a panel of tests that are ordered together the individual tests are represented by Discrete Result only and these tests cannot be ordered separately unless they have also been setup as single tests,
11039,,The Discrete result Tier must be the direct descendant or child of a Procedure Order Tier for proper display of results,
11040,,"The Discrete Results for each panel will contain the names of the individual tests to hold the values of the returned results - WBC, Hemoglobin, Platelets, Sodium, Potassium etc",
11041,,The display window can be resized by clicking and dragging the bottom right corner of the window,
11042,,The Each Appointment option will allow a new encounter regardless of same day visit.,
11043,,"The Encounter Preview button is useful for showing encounter type layout forms as seen when using form in an encounter. Note, this feature is only useful for showing encounter forms and won't display system forms like Demographics",
11044,,The Encounters Section will display the date of encounter as well as the presenting complaint,
11045,,The end result was a confusing collection of documents containing ambiguous and/or conflicting information,
11046,,The Enter Details pop-up box will open in the Add Mode,
11047,,The Enter Provider Details pop-up will be visible,
11048,,The entire collection of ACOs forms the Access Control List (ACL).,
11049,,The entity for a Custom Favorite Item is the entity chosen for the Custom Favorite Group and cannot be changed,
11050,125802,The entity performing this procedure,الجهة المنفذة للعملية
11051,,The Entries contain data used for further computer processing,
11052,,The entries highlighted in yellow can be ordered as a test or procedure those highlighted in pink can be ordered as a Custom Group,
11053,125803,"The EP, eligible hospital or CAH who receives a patient from another setting of care or provider of care or believes an encounter is relevant should perform medication reconciliation.",المستشفى المعتمد او مركز العناية الذي يقوم بإستلام المريض من هيئة اخري عليه القيام بالتالي
11054,,"The EP, eligible hospital or CAH who transitions their patient to another setting of care or provider of care or refers their patient to another provider of care should provide summary of care record for each transition of care or referral (Measure A).",
11055,,"The EP, eligible hospital or CAH who transitions their patient to another setting of care or provider of care or refers their patient to another provider of care should provide summary of care record for each transition of care or referral (Measure B).",
11056,125804,"The EP, eligible hospital or CAH who transitions their patient to another setting of care or provider of care or refers their patient to another provider of care should provide summary of care record for each transition of care or referral.",المستشفى المعتمد او مركز العناية الذي يقوم بتحويل المريض من هيئة اخري عليه القيام بتزويد تقرير للحالة و العناية المقدّمة
11057,125805,The event(s) have been approved.,لقد تمت إجازة الحدث
11058,125806,The event(s) have been hidden.,لقد تم إخفاء الحدث
11059,125807,The exported data appears in the text area below.  You can copy and paste this into an email or to any other desired destination.,البيانات المصدرة ظاهرة فى منطقة النص أدناة. يمكنك نسخها الي ايميل او أي مكان أخر اذا أحببت
11060,,The exported data appears in the text area below. You can copy and paste this into an email or to any other desired destination (or) download the below link.,
11061,125808,The exported data appears in the text area below. You can copy and paste this into an email or to any other desired destination.,البيانات المصدرة ظاهرة فى منطقة النص أدناة. يمكنك نسخها الي ايميل او أي مكان أخر اذا أحببت
11062,125809,The exported data appears in the text area below. You can copy and paste this into an email or to any other desired destination.{{MARK FOR DELETION DURING NEXT TRANSLATION BUILD}},البيانات المصدرة ظاهرة فى منطقة النص أدناة. يمكنك نسخها الي ايميل او أي مكان أخر اذا أحببت
11063,,The features of a MedEx enabled installation are explained in this video,
11064,,The file cannot be generated again. Do you want to proceed?,
11065,125810,The file could not be saved to CouchDB.,لم نتمكن من حفظ الملف الي CouchDB.
11066,125811,"The file could not be succesfully renamed, this error is usually related to permissions problems on the storage system.","لم نتمكن من تغيير إسم الملف, هذا يرجع الي خطء في قواعد السماح فى نظام التخزين"
11067,125812,"The file could not be succesfully stored, this error is usually related to permissions problems on the storage system","لم نتمكن من حفظ الملف, هذا يرجع الي خطء في قواعد السماح فى نظام التخزين"
11068,,The filter section can be hidden or revealed by clicking the arrowhead  on the bottom right ,
11069,,The filtered results will show up in the section below it,
11070,,"The finder table is grouped by past procedures then diagnosis code. Although there may be duplicate dx codes, they will be grouped with the appropriate procedure making building diagnoses list easier.",
11071,125813,"The first (""target"") chart is the one that is considered the most complete and accurate. Demographics, history and insurance sections for this one will be retained.","مخطط المريض اﻷول (""الهدف"") هو الذى يعتبر اﻷكمل و اﻷصح. الديموجرافية, التأمين و التاريخ المرضي سيتم إبقائهم."
11072,,The first column contains the Group/Category name that will be displayed on the button,
11073,,"The first column is the name that you gave this entry, i.e. Serum Chemistry. A vertical bar will precede the actual name. That indicates that there are no descendants or children to this entry",
11074,,The first four sections deal with creating procedure orders in a structured manner in order to facilitate easy ordering of tests and entering the returned results manually,
11075,,The first line will show the Encounter date and Reason as well as the Provider for that encounter,
11076,,The first section lets you either link this message to a patient if so desired.,
11077,,"The first Segment in every HL7 Message is always the Message Header, a Segment that conveys the metadata of the message like who sent it and when. The Message header is indicated in the first three letters of the segment as MSH",
11078,,The first step is signing up for a production Direct messaging account with EMR Direct by registering on their website,
11079,,The first step is to download the SNOMED CT release. Access to SNOMED CT is provided by IHTSDO and their member countries. For more information see,
11080,,The first step is to download the VALUESET release. Access to VALUESET is provided by NLM. Only valueset for Eligible Professionals need to be downloaded and it should be downloaded in XML format from Sorted By CMS ID column. For more details see the below link,
11081,125814,The first step is to open an account with the Unified Medical Language System web site,الخطوة الأولي هي فتح حساب مع نظام توحيد اللغة الطبية على موقعهم
11082,,The first step is to plan what your Fee Sheet 'Select Codes' section should display,
11083,,The first step is to select a Transaction type,
11084,,The first step would be to create a top level entry. Do so by clicking on Add Top Level button,
11085,,The first tab is the referral tab that constitutes the referral being made,
11086,,The first two numbers in the first and second colum will be used to determine the sort order of the buttons and the lists that are present in the popup,
11087,125815,The following calendar event has been added:,حدث الرزنامة التالي قد تمت إضافته:
11088,125816,The following calendar event has been modifed:,حدث الرزنامة التالي قد تم تعديله:
11089,125817,The following categories will be removed from your category List,سيتم إزالي الفئات التالية من قائمة الفئات الخاصة بك
11090,125818,The following database release is currently installed,قاعدة البيانات التالية مثيتة حاليا
11091,125819,The following documents were attached to this Direct message:,الوثائق التالية قد تم إرفاقها مع هذة الرسالة المباشرة:
11092,,The following EDI file failed save to archive,
11093,125820,The following EDI file has been uploaded,ملف EDI التالي قد تم تحميله
11094,,The following EDI file upload failed to open,
11095,125821,The following Emergency Login User is activated:,ولوج المستخدم الطارئ قد تم تفعيلة:
11096,125822,The following errors occurred,الأخطاء التالية وقعت
11097,,The following field has an invalid value,
11098,,The following fields are empty.,
11099,125823,The following fields are required,الحقول التالية مطلوبة
11100,,The following fields have to be filled to send a request.,
11101,125824,The following fields have to be filled to send request.,الحقول التالية يجب أن تملأ لإرسال الألتماس
11102,125825,The following International Snomed Release languages are supported,لغات Snomed العالمية التالية مدعومة
11103,,The following items are required for System Scopes,
11104,,The following occurred,
11105,125826,The following problems have the same diagnosis codes. Encounter issues will not be updated. Please use the encounter interface instead.,المشاكل التالية لها نفس الرموز فلن يتم تجديدها. الرجاء استخدام واجهة الزيارات
11106,,The following steps will help customize the Fee Sheet to mimic the old paper superbill with a list of CPT4 and ICD codes arranged in categories,
11107,,The group (ARO) that you created will now appear in alphabetical order in the 'Groups and Access Controls' section.,
11108,,The Header defines the context for the clinical document as a whole,
11109,,The header section will reveal patient specific information across most pages related to the patient's medical record,
11110,,The Health Insurance Claim Form is often referred to by its form number CMS 1500 (HCFA 1500),
11111,,The help file is divided into the following sections,
11112,,The help file there will guide you on further steps in setting up the lab tests,
11113,,The help icon will let you access context sensitive help for each of the pages accessed,
11114,125827,The hostname of the ATNA audit repository machine.,إسم المستضيف لجهاز مستودع التحقق ATNA.
11115,,The hostname or URI of your LDAP or Active Directory server.,
11116,,"The Identifying Code has to be unique in order for the results to display correctly, you could just use R905 as an example",
11117,,"The Identifying code has to be unique, if sending to an external lab the vendor supplied Identifying Code has to be entered. We will enter an arbitrary unique value - WWT01",
11118,,The Identifying Code is a vendor-specific code identifying this procedure or result. You can see examples of it in the paper lab slips that the labs use,
11119,,The Identifying Code is essential for the proper display and tabulation of results,
11120,,"The Identifying Code of R34392-1, an arbitrary number, in this case the Identifying Code preceded by R to indicate result and succeeded by 1 to indicate the first in the sequence, it could be anything unique you choose",
11121,,The information entered here is used to display a summary of the encounter. It is also used for billing purposes,
11122,,The information entered in this form will be used to complete a paper claim,
11123,,The information provided in the New Encounter Form and Fee Sheet in openEMR is used to generate the paper claim as well as electronic claims,
11124,,The initial efforts led to the creation of duplicative and conflicting Implementation Guides (IGs) published by different standards organizations,
11125,,The initial screen lets you select a method by offering you these two options.,
11126,125828,"The initial window is the invoice search page.  At the top you may enter a source (e.g. check number), pay date and check amount.  The reason for the source and pay date is so that you don't have to enter them over and over again for each claim.  The amount that you enter will be decreased for each invoice that is given part of the payment, and hopefully will end at zero when you are done.",النافذة المبدئية مخصصة للبحث عن الإيصالات. فى اﻷعلي يمكنك إدخال منبع (رقم الشيك) المبلغ و تاريخ الدفع.
11127,,"The input should be a CSV file with 3 columns: layout ID, code type and code.",
11128,125829,The installation directory needs to be created.,دليل التثبيت يجب ان يكوّن.
11129,125830,The installed International SNOMED version is not compatible with the staged US Extension SNOMED package.,نسخة SNOMED العالمية غير متوافقة مع نسخة الولايات المتحدة
11130,125831,The installed International SNOMED version is out of date and not compatible with the staged US Extension SNOMED file.,نسخة SNOMED العالمية غير متوافقة مع نسخة الولايات المتحدة و منتهية الصلاحية
11131,125832,The installed version and the staged files are the same.,النسخة المثبتة و المعروضة هما نفس الشيئ.
11132,125833,The installed version is a more recent version than the staged files.,النسخة المثبتة أحدث من النسخة المعروضة.
11133,,The Instruction manual on how to fill the CMS 1500 form can be found here,
11134,,The IP address of your domain controller(s).,
11135,,The Issues can be entered in one of two ways,
11136,,"The Issues section will display all the issues entered for the patient and will display the type of issue, its title and a description",
11137,,The items listed in the 'Active' column delineate the privileges of this group (ARO) and constitutes this group's Access Control List (ACL).,
11138,,The items that have asterisks after them are mandated,
11139,,The job id you submitted was invalid,
11140,125834,The label that appears to the user on the form,العلامة التي تظهر للمستخدم علي الطلب
11141,,The last cell on the line in Encounter,
11142,,"The last line of this encounter block will give the encounter totals of Charges, Payments, Adjustments and the Balance",
11143,,The last section deals with electronic orders,
11144,,The last visit date will automatically be filled,
11145,,The latest version is FHIR – Fast Healthcare Interoperability Resources – is a next generation standards framework created by HL7. This is gaining popularity but has not yet been widely implemented,
11146,,The legacy code finder is still available for codes not found in this finder or code list editing.,
11147,125835,The length should not exceed the following number of characters,الطول يجب الا يتجاوز الرقم التالي من الأحرف
11148,,The log entry with following id has been deleted,
11149,,The log has,
11150,,The log table will show a list of both messages and dated reminders if any,
11151,,"The LOINC code for serum uric acid is 3084-1, LOINC refers to it as Urate in Serum or Plasma",
11152,125836,The merge will not run unless SSN and DOB for the two charts are identical. DOBs cannot be empty.,الدمج لن يحدث حتي يتطابق تاريخ الميلاد مع رقم الضمان الإجتماعي. تواريخ الميلاد لا يجب ان تترك خالية
11153,125837,The message could not be sent at this time.,لا يمكن إرسال الرسالة في هذا الوقت.
11154,,The message status will be New as it a new message that is being created,
11155,,The messages that were sent by the user on that day will be displayed in the table below,
11156,,The messaging center conveniently consolidates communications options in one place,
11157,,The messaging center will open with the Messages tab activated and will display the logged in user's messages as indicated by the caption My Messages,
11158,,The minimum information required to create a new encounter is to select a visit category,
11159,,The miscellaneous billing options for HCFA-1500 form is used to provide additional information for an individual claim,
11160,,The most common method is called 2-Factor Authorization or 2FA,
11161,,"The most important issue that needs to be addressed is who you are trying to connect to and what needs to happen at their end. Most major labs will not deal with individuals practices, in such cases a third party vendor will act an an intermediary who will be responsible for setting up a connection between the practice and the lab through their (the intermediary's) interface",
11162,,"The most popular maker of Security Keys is Yubico it offers regular USB versions as well as those made for devices that require USB-C connections, such as Apple’s newer Mac OS systems",
11163,,The most popular open-source Electronic Health Record and Medical Practice Management solution.,
11164,,"The Name cell contains the name, date of birth, patient ID and date of last visit",
11165,,The Narrative Block contains information that is rendered as readable text,
11166,,The National Uniform Claim Committee (NUCC) is responsible for the maintenance of the 1500 Claim Form,
11167,,The Nav Bar allows one to quickly navigate to various parts of the patient's medical record,
11168,125838,The new category will be a sub-category of ,المجموعة الجديدة ستكون من ضمن المجموعة التالية
11169,,The new list,
11170,125839,The new password can not be the same as the current password.,كلمة السر الجديدة لا يمكن ان تكون نفس الحالية
11171,125840,The new password fields are not the same.,حقول كلمة السر ليسو متشابهين
11172,,The new password is the same as the current password. Click Okay to accept anyway.,
11173,,"The NewCrop eRx Partner Name, NewCrop eRx Name and NewCrop eRx Password will be provided by the vendor",
11174,,"The next box is Body Site, not relevant for a blood test but may be more useful in say tracking injections or ordering X-rays",
11175,,"The next few lines will list all the E/M and CPT codes that were billed, one line per code",
11176,,The next group consists of the ICD codes,
11177,,The next three cells are the action cells that let you perform some recall activity,
11178,,The next two boxes denoting the Identifying Code and Standard Code are very important,
11179,,The Notes cell lets you add a note to an action that you take in the 3 action cells or just a note without any association to the action,
11180,,The Number of Future Appointments to Display on the Statement.,
11181,125841,The number of staged files is incorrect. Only place the file that you wish to install/upgrade to.,رقم الملفات المعروضة غير صحيح. الرجاء وضع الملف الذي تريد تثبيتة
11182,125842,The number of staged files is incorrect. Only place the files that you wish to install/upgrade to.,رقم الملفات المعروضة غير صحيح. الرجاء وضع الملف الذي تريد تثبيتة/ ترقيتة
11183,,The Office: Phone cell lets you indicate a phone call was made,
11184,,The option Span Entire Row is useful when using Static Text in allowing text to wrap and span entire row regardless of column settings. Another use could be to create an empty row as spacer or add additional option Add Bottom Border to create a line break.Only Bottom Border Row is useful here.,
11185,,The options for Outline and Border will either wrap a row in thin border or add a border to the bottom of an item.,
11186,,"The order in which the Category, Procedure or Result appears",
11187,,"The other 4 transaction types are simple transaction types - Patient Request, Physician Request, Legal and Billing",
11188,,The other Segments contain additional information in a strictly structured fashion,
11189,125843,The page will be redirected to Demographics. You can edit the country field and clickthrough to NewCrop again.,الصفحة يتوجهك الي الديموجرافيا. بإمكانك تحرير حقل الدولة و تتقدم الي نظام الوصفة الإلكترونية مرة اخري.
11190,,The page you requested was not found. Please check that you typed the URL correctly.,
11191,,The parts of the program to which access can be controlled are called Access Control Objects (ACOs). ,
11192,125844,"The password must be at least eight characters, and should",كلمة السر يجب الا تقل عن 8 أحرف و يجب ان
11193,,The password you entered is invalid,
11194,,The Past Ocular History (POH) and Past Medical History (PMH) are negative.,
11195,,The patient already registered to the group,
11196,125845,The patient record request has been recorded.,تم تسجيل طلبك للحصول علي سجل المريض
11197,125846,The patient reminders have been sent,لقد تم ظبط تذكيرات المريض
11198,125847,The patient reminders have been updated,لقد تم تحديث تذكيرات المريض
11199,,The patient was not logged in when submitting this form,
11200,,The patient will have to change their credentials at the first login,
11201,,The Patients Rights,
11202,,"The Payment, Adjustment and Balance will be blank as these lines reflect only the charges being made",
11203,125848,The payments posted cannot go below this date.This ensures that after taking the final report nobody post for previous dates.,المدفوعات المعلنة لا يمكن ات تجدول تحت هذا التاريخ لمنع التلاعب فى توايخ سابقة بعد الحصول على التقرير
11204,,The pop-up form heading will now read Enter Details for Individual Custom Favorite Item,
11205,,The portal has data for this patient and form. Load it now?,
11206,,The previous message can however be viewed by clicking on the View Log button,
11207,,The Procedure Order page lists the following procedure types,
11208,,The procedure request needs to be structured in a hierarchical manner and a unique identifying code assigned to it that will then be used to track and tabulate the result,
11209,,The Procedures module is used to place and review orders,
11210,,The process for forwarding the message is quite similar to that of creating a new message,
11211,,The Progress cell lists all the actions along with any associated notes if any,
11212,,The providers office has been notified. Thank you.,
11213,,The public access key for secure tokenize of credit or debit card authorization. PCI compliance,
11214,,The QR code also contains the user name and needs to be captured by the user on to their mobile device using an authenticator app,
11215,125849,The raw data feed release can be obtained from,تزويد البيانات الخام ممكن الحصول عليه من
11216,,The Recall cell has the date of recall and the reason for recall,
11217,,The Recalls tab has two buttons New Recall and Recall Board,
11218,,The Recommendation Tier is optional,
11219,125850,"The remaining information below applies only if you are posting manually, or if you are doing manual corrections.",المعلومات المتبقية أدناة تطبق فقط لو ادخلت يدويا او كنت تصحح يدويا
11220,,The reminder for the current day will have an orange exclamation icon,
11221,,The reminders that are past the due date will have a red exclamation triangle icon,
11222,,The requested document is not present at the expected location on the filesystem or there are not sufficient permissions to access it,
11223,125851,The requested document is not present at the expected location on the filesystem or there are not sufficient permissions to access it.,الوثيقة المطلوبة غير موجودة فى المكان المتوقع فى نظام الملفات او لا تملك صلاحيات لتصفحها
11224,,The rest may be left blank if so preferred,
11225,,The rest of the boxes related to the NewCrop eRx service can be left at default values,
11226,,The Result Line will begin with a Name Serum Uric Acid that will be preceded by a vertical bar indicating no successors or children,
11227,,The results could not be loaded,
11228,,"The results, Discrete Result, will be the fruit on this branch and we will create one such Discrete Result for each of the component tests, Sodium, Potassium, Chloride and Carbon Dioxide",
11229,,The rows containing the CPT4 codes has several boxes that need to be filled to ensure proper billing of claims,
11230,,The saved Medical Problem will now be listed as a single line in the main Issues page under Medical Problems,
11231,,"The Scope toolbar is global to the entire view. It consists of Location, Category and action buttons.",
11232,,The screen refresh time in Seconds for the Patient Flow Board Screen.,
11233,,The search field cannot be empty. Please enter a search term,
11234,,The Search results are displayed in the section 'Search Results'.,
11235,125852,"The second (""source"") chart will have its demographics, history and insurance sections discarded.  Its other data will be merged into the target chart.","المخطط الثانى (""المنبع"") سيكون عديم أقسام ديموجرافيا, التاريخ و التأمين. البيانات الاخري سيتم دمجها فى المخطط الهدف."
11236,,The second column contains the options that will be displayed when the button is clicked,
11237,,The second column is Category and should say Top Group to indicate its position as the top item in this particular hierarchical tree that we will be constructing,
11238,,The second section lets you choose to whom you wish to send the message,
11239,,"The second tab, is somewhat ambiguously named as Counter-Referral, is the place to document the received reply to the referral being made",
11240,,"The section labeled 'Invoice Search' is where you put in your search parameters. You can search by patient name, chart number, encounter number or date of service, or any combination of these. You may also select whether you want to see all invoices, open invoices, or only invoices that are due (by the patient). Click the 'Search' button to perform the search.",
11241,,The selected code will be added to the coding text-box and the Description on the code will be added to the Title text-box,
11242,,The selected codes will then appear in the 'Selected Fee Sheet Codes and Charges for Current Encounter' section,
11243,,The selections in this section will be used in charging for this encounter,
11244,,"The sequence is the order in which this top order item will be displayed on the page, 1 to denote the first top level group",
11245,,The server address will be of the form ,
11246,,"The setup for lab tests will be described in detail, minor modification to these steps will be needed to setup in-office procedures and other procedure types",
11247,,The somewhat ambiguously named Counter-Referral is the space where the reply to the referral being made can be documented,
11248,125853,"The Source and Date columns are copied from the first page, so normally you will not need to touch those.  You can put a payment amount in the Pay column, an adjustment amount in the Adjust column, or both.  You can also click the ""W"" on the right to automatically compute an adjustment value that writes off the remainder of the charge for that line item.",أعمدة المنبع و التاريخ منسوخين من الصفحة الأولي فمن الطبيعي عدم التلاعب بهما و لكن يمكنك إضافة المدفوعات
11249,,"The Source and Date columns are copied from the first page, so normally you will not need to touch those. You can put a payment amount in the Pay column, an adjustment amount in the Adjust column, or both. You can also click the 'W' on the right to automatically compute an adjustment value that writes off the remainder of the charge for that line item.",
11250,,"The Specimen Type will be Blood, this drop-down list can also be edited as needed",
11251,125854,The staged files release dates are not all from the same release.,تواريخ إصدار الملفات المعروضة ليست كلها من نفس الإصدار
11252,125855,The staged files revisions are not all from the same release.,مراجعات الملفات المعروضة ليست كلها من نفس الإصدار
11253,125856,The staged US Extension SNOMED package can not be installed until after the International SNOMED package has been installed.,إصدار SNOMED للولايات المتحدة لا يمكن تثبيته الا بعد تثبيت الاصدار العالمي
11254,,The Standard Code is optional if using a local i.e. practice based lab but recommended when using an external lab,
11255,,The Standard Code will be the LOINC code if sending to an external lab or can be any unique number. We will enter the LOINC code for Fasting Glucose 1558-6,
11256,,the status of three chronic/inactive problems,
11257,,"The subsequent lines will indicate the details of the payments received, adjustments made and the balance due",
11258,,The suffix of the account.,
11259,,The system does not permit uploading files of with size 0.,
11260,,The system does not permit uploading files with MIME content type,
11261,,"The system is also designed to parse incoming HL7 messages and place the results in the appropriate patient chart, failing which it will give you an opportunity to manually link it to a patient chart",
11262,,The system is designed to both place orders electronically and receive the results electronically,
11263,,The third column will contain the CPT code,
11264,,The Tier column value will be 1 indicating it is a top level item,
11265,,"The Tier column value will be 3, indicating this is a successor or child to the first line above it having a value of 2",
11266,,"The Tier column will be 2, indicating this is a successor or child to the first line above it having a value of 1",
11267,,The Tier Column would be 1 indicating it is the Top Group,
11268,125857,The time granularity of the calendar and the smallest interval in minutes for an appointment slot.,توزيعات الوقت فى الروزنامة و اقصر وقت بالدقائق لخانة المواعيد
11269,,The Title will be the name of the new group (ARO) that you are going to create.,
11270,,The top group consists of charges for the encounter - one row per charge,
11271,,The top portion of the Recall Board allows the setting of filters to display specified data,
11272,,The traditional mechanism of using a login and password is no longer considered to be sufficient to prevent an unauthorized user from gaining access to the application,
11273,,The Transaction ID for the credit was,
11274,,The transaction_id for the void was,
11275,125858,The translated label that will appear on the form in current language,العلامة المترجمة التي سوف تظهر علي الطلب فى اللغة الحالية
11276,125859,The translated Title that will appear in current language,العنوان المترجمة الذي سوف يظهر فى اللغة الحالية
11277,125860,The translation of description in current language,ترجمة الوصف فى اللغة الحالية
11278,125861,The translation tables are synchronized.,تم التزامن بين جداول الترجمة
11279,125862,The type of this entity,نوع هذا المكوّن
11280,,The Type will be blank,
11281,,The Type will Insurance or Patient,
11282,,The Type would be Allergy,
11283,,The Type would be Dental Issues,
11284,,The Type would be Medication,
11285,,The Type would be Problem indicating a medical problem,
11286,,The Type would be Surgery,
11287,,"The UB-04 (CMS 1450) is a claim form used by hospitals, nursing facilities, in-patient, and other facility providers",
11288,,The Unit column would be blank,
11289,,The Units will be 1 as each code is billed only once for the encounter,
11290,,The upcoming reminders have a green exclamation icon,
11291,,"The USB devices communicate with the host computer using the human interface device (HID) protocol, essentially mimicking a keyboard",
11292,,The USB key needs to be plugged in to the computer and then registered with OpenEMR,
11293,,The USB key takes this the nonce supplied by the application after confirming the checksum and generates a private key using the process similar to that used in the registration process,
11294,,The user's actual privileges are determined by the access to the parts of the program i.e. (ACO) that each group (ARO) has.,
11295,,The Username fields are not the same.,
11296,,The Username is your Direct Address,
11297,,The values in the drop-down box can be edited by following the steps outlined in the Procedures > Providers help file,
11298,,The values listed here will show up in the drop-down boxes that will be used to process orders,
11299,125863,The vendor-specific code identifying this procedure or result,كود الموزع الخاص ليعرّف هذة العملية او النتيجة
11300,,"The vendor-specific code identifying this procedure or result. If no vendor enter any arbitrary unique number, preferably a 5 digit zero-padded e.g. 00211",
11301,,The very first step would be install the ICD codes. Go to Administraion > Other > External Data Loads. Select the Code sets you want to install and click Install,
11302,,"The very last line of this report will give the Grand Total of Charges, Payments, Adjustments and the Balance",
11303,,The Weno Exchange is well integrated with openEMR and is not subscription based,
11304,125864,"The X12 files as well as the resulting HTML output reports are archived in the ""era"" subdirectory of the main OpenEMR installation directory.  You will want to refer to these archives from time to time.  The URL is ","ملفات الX12 و التقارير الناتجة سيتم تخزينها في مجلد ال ""era"" فى ملفات البرنامج. يمكنك الرجوع اليها بين حين و اخر. العنوان هو:"
11305,,The X12 files as well as the resulting HTML output reports are archived in the 'era' subdirectory of the main OpenEMR installation directory. You will want to refer to these archives from time to time.,
11306,125865,The zip file will contain the following items,ملف الضغط سيحتوي على الملفات التالية
11307,125866,Theme,مَظهَر
11308,,Theme of the tabs layout (need to logout and then login to see this new setting).,
11309,,Theme of the tabs layout (need to logout and then login to see this new setting). Note this is only applicable if use the Light or Manila general theme below.,
11310,,Then pass it's name as a value to the element,
11311,,Then press the flashing button on your key within 1 minute to complete registration,
11312,,Then press the flashing button on your key within 1 minute.,
11313,125867,Then the raw data feed release can be obtained from,ثم سيكون بالإمكان الحصول علي تغذية البيانات الخام من
11314,125868,Therapeutic Injections,حقن علاجية
11315,,Therapy,
11316,,Therapy group,
11317,,Therapy Group,
11318,,Therapy Group Encounter,
11319,,Therapy Group Finder,
11320,125869,There are,يوجد
11321,,There are 10 settings that are related to procedures included in the standard release of openEMR,
11322,,"There are 3 forms in the Core category - Demographics, Facility Specific User Information and History and all 5 forms in Transactions that can be edited ",
11323,125870,There are currently no prescriptions,حاليا لا توجد اي وصفات
11324,125871,There are errors with your submission.  These are outlined below.,يوجد أخطاء فى تقديمك و تم توضيحهم أدناة.
11325,,"There are four message statuses - New, Forwarded, Read and Done",
11326,,There are multiple options regarding patient portals and information on how to setup the patient portal is available here,
11327,,There are multiple patients with portal login,
11328,,There are nine C-CDA templates that are currently defined,
11329,125872,There are no charts checked out.,لا يوجد مخططات موجودة خارجا.
11330,,There are no clients registered in the system,
11331,125873,There are no disclosures recorded for this patient.,لا توجد اي إفصاح عن معلومات اهذا المريض
11332,,There are no Glasses or Contact Lens Presciptions on file for this patient,
11333,,There are no messages on file for this patient.,
11334,125874,There are no New Submissions,لا توجد اي تقديمات جديدة
11335,125875,There are no notes on file for this patient.,لا توجد اي ملاحظات فى ملف هذا المريض
11336,,There are no record(s) found.,
11337,125876,There are no transactions on file for this patient.,لا توجد اي مدفوعات فى ملف هذا المريض
11338,,"There are several versions of HL7, versions 2.x and version 3",
11339,,There are several ways to customize the fee sheet. It depends on how comfortable you are in adding information to the database itself,
11340,,"There are three actions that are possible - Create a New Dated Reminder, Forward and Set as Completed",
11341,,"There are three actions that can be performed here - edit an existing group (ARO), add a new group (ARO) or delete an existing group (ARO).",
11342,,There are three main template views. The first is the Repository where you store templates for future edits and disposal. ,
11343,,"There are three main types of reports that can be created, two pertain to continuity of ongoing care - Continuity of Care Record (CCR) and Continuity of Care Document (CCD) and the third - Patient Report that creates a document containing various sections of the patient's medical record including demographics, medical issues, procedures and encounters. It also has the ability to include all or any of the scanned documents in the patient's chart",
11344,,There are three options available when you create a Continuity of Care Document (CCD),
11345,,There are three options available when you create a Continuity of Care Record (CCR),
11346,,"There are three sets of actions that can be performed on this page, in addition the form can be customized",
11347,,There are two buttons that enable you to Check or Clear all available check-boxes,
11348,,There are two options for the records that will be created,
11349,,There are two sections that are visible,
11350,,There are two sources that can be searched - MedlinePlus Connect or Local Content,
11351,,"There are two ways this can be accomplished, either by the manual method, by searching and entering data for individual invoices or by uploading an entire electronic remittance advice ERA file.",
11352,,"There are various selections to be filled, the minimum data needed to successfully save the referral is Referral Date, Refer To and Reason",
11353,125877,There has been a mail error sending to,يوجد خطأ بريدي في الإرسال الي
11354,,There is a charge transaction that has not been captured.,
11355,,there is a contraception form new method but no contraception service,
11356,,there is a contraception service but no contraception form new method,
11357,,There is a lab order,
11358,,There is a Post error,
11359,125878,There is already a category named,يوجد حاليا تصنيف بإسم
11360,125879,There is already a subcategory named,يوجد حاليا تحت التصنيف بإسم
11361,125880,There is already an item named,يوجد حاليا بند بإسم
11362,125881,There is already an open patient record request.,يوجد حاليا طلب مفتوح لسجل المريض
11363,125882,There is no COA entry for AR account ,لا توجد طريقة تعامل مع حساب AR
11364,125883,There is no COA entry for cash account ,لا توجد طريقة تعامل مع حساب النقد
11365,125884,There is no COA entry for income account ,لا توجد طريقة تعامل مع حساب الدخل
11366,125885,There is no current patient,لا يوجد مريض حالي
11367,,There is no local content for this topic.,
11368,125886,There is no match for invoice id,لا يوجد مثيل لرقم الرصيد
11369,125887,There is no match for invoice id = ,لا يوجد مثيل لرقم الرصيد =
11370,125888,There is no parts entry for services ID ,لا يوجد أجزاء مدخلة لهوية الخدمات
11371,,There is no patient with portal login,
11372,,There was a problem registering you. Recommend contacting clinic for assistance.,
11373,125889,There was a problem sending the message.,يوجد خطأ في إرسال الرسالة
11374,125890,There was an error while processing your request.,يوجد خطأ خلال التعامل مع طلبك
11375,125891,There was an OpenEMR SQL Escaping ERROR of the following string,يوجد خطأ فى SQL البرنامج فى الخيط التالي
11376,,Therefore each user has to individually activate this feature,
11377,,"These ACOs are grouped into ten broad categories that are part of the default installation. They are - Administration, Accounting, Patient Information, Encounter Information, Squads, Sensitivities, Lists, Placeholder, Nation Notes and Patient Portal. Each of these categories has one or several sub-categories that provide access to specific parts of the program.",
11378,,These are free and can be downloaded from the respective app store for ios and android devices,
11379,125892,These are the 2012 links,يوجد هناك 2012 رابط
11380,,These are used to populate fields 3 and 4 in the HL7 MSH - message header,
11381,,These are used to populate fields 5 and 6 in the HL7 MSH - message header,
11382,,These credentials will be used by the patient to login to the patient portal for the first time,
11383,,These custom groups are application specific and not user specific,
11384,,These entries will be used to define the Providers in the Procedures module,
11385,,These groups (AROs) can then be given a set of privileges by assigning different categories (ACOs).,
11386,,These items can be edited if the user has sufficient privilege,
11387,,"These lists are used to determine who can access what in openEMR. They work in a top down manner, i.e. initially everybody is denied access to those parts of the program controlled by the ACL.",
11388,,These numbers need to match to successfully authenticate the user,
11389,,These Patient notes are sent without an assigned patient,
11390,,These sub-categories represent the actual Access Control Objects (ACOs).,
11391,,These templates are text only and will not render any other formatting other than pure text.,
11392,,These three steps are essential before orders can be placed and received results linked to a patient's chart,
11393,,These Transactions are generally used to document events that have already occurred,
11394,,These two actions are available for all transactions,
11395,,They are displayed in rows and are sub divided into three groups,
11396,,"They are Electrolyte Panel, Basic Metabolic Panel, Comprehensive Metabolic Panel, Renal Function Panel, General Health Panel, Obstetric Panel, Acute Hepatitis panel, Hepatic Function Panel and Lipid Panel",
11397,,They are listed in ascending order by encounter date,
11398,,They do not share the vulnerabilities of SMS based methods and generally do not require an internet connection except to keep their clocks synchronized with the current time,
11399,,They will be provided by the facility that you will be connecting to,
11400,125893,Thickened Right:,متضخم يمينا:
11401,125894,Thigh,فخذ
11402,125895,Thigh + hamstring,الفخذ و العَضَلاتُ المَأْبِضِيَّة
11403,125896,Things that back office can only read,الأشياء التى يمكن للمكتب الخلفي قراءتها فقط
11404,125897,Things that back office can read and enter but not modify,الأشياء التى يمكن للمكتب الخلفي قراءتها و إدخالها لكن ليس تعديلها
11405,125898,Things that back office can read and modify,الأشياء التى يمكن للمكتب الخلفي قراءتها و تعديلها
11406,125899,Things that back office can read and partly modify,الأشياء التى يمكن للمكتب الخلفي قراءتها و تعديلها جزئيا
11407,125900,Things that clinicians can only read,الأشياء التى يمكن للممارسين قراءتها فقط
11408,125901,Things that clinicians can read and enter but not modify,الأشياء التى يمكن للممارسين قراءتها و إدخالها لكن ليس تعديلها
11409,125902,Things that clinicians can read and modify,الأشياء التى يمكن للممارسين قراءتها و تعديلها
11410,125903,Things that clinicians can read and partly modify,الأشياء التى يمكن للممارسين قراءتها و تعديلها جزئيا
11411,125904,Things that front office can only read,الأشياء التى يمكن للمكتب الأمامي قراءتها و إدخالها لكن ليس تعديلها
11412,125905,Things that front office can read and enter but not modify,الأشياء التى يمكن للمكتب الأمامي قراءتها و تعديلها
11413,125906,Things that front office can read and modify,الأشياء التى يمكن للمكتب الأمامي قراءتها و تعديلها جزئيا
11414,125907,Things that front office can read and partly modify,الأشياء التى يمكن للمكتب الأمامي قراءتها فقط
11415,125908,Things that physicians can only read,الأشياء التى يمكن للأطباء قراءتها فقط
11416,125909,Things that physicians can read and enter but not modify,الأشياء التى يمكن للأطباء قراءتها و إدخالها لكن ليس تعديلها
11417,125910,Things that physicians can read and modify,الأشياء التى يمكن للأطباء قراءتها و تعديلها
11418,125911,Things that physicians can read and partly modify,الأشياء التى يمكن للأطباء قراءتها و تعديلها جزئيا
11419,125912,Third,ثالث
11420,,Third account message,
11421,,This account already exists.,
11422,125913,This action CANNOT be undone.,هذا الإجراء لا يمكن التراجع عنه!!!
11423,125914,This action cannot be undone.,هذا الإجراء لا يمكن التراجع عنه!!!
11424,,This action cannot be undone. Are you sure you wish to delete this form?,
11425,125915,This action will be logged,هذا الإجراء سيتم تسجيله
11426,,This action will reset your claim!,
11427,,This administration page is for managing the list of OAUTH2 registered applications that are authorized to use the APIs.,
11428,,This Allows a Date Range to be Selected in Patient Flow Board.,
11429,,This application has requested offline access to your data. This permission will allow the data you authorize below to be accessed for an extended period of time,
11430,,"This appointment slot is already used, please choose another.",
11431,125916,"This appointment slot is already used, use it anyway?","حيّز الموعد هذا مستخدم, هل تريد استخدامه علي اي حال؟"
11432,125917,"This appointment slot is not available, please choose another.","حيّز الموعد هذا غير متاح, الرجاء إختيار حيّز اخر."
11433,125918,This Calendar Year,هذة السنة الشمسية
11434,,This charge was reversed via credit on following date,
11435,,This charge was reversed via void on following date,
11436,125919,This claim has been canceled.,هذة المطالبة قد تم الغائها
11437,125920,This claim has been closed.,هذة المطالبة قد تم إغلاقها
11438,125921,This claim has been denied.Reason:-,هذة المطالبة قد تم رفضها. السبب:
11439,125922,This claim has been forwarded to next level.,هذة المطالبة قد تم تحويلها للمستوي التالي
11440,,This claim has HCFA 1500 miscellaneous billing options,
11441,,This Client ID Is Provided By Google For Your App (Required For Google Sign-in),
11442,,This client is currently disabled,
11443,,This code is optional if only using manual lab data entry,
11444,,"This code is optional, but is a good practice to do so.",
11445,,"This code is optional, but is a good practice.",
11446,,This code is optional.,
11447,125923,This code type does not accept relations.,نوع الرمز هذا لا يقبل العلاقات
11448,,This completes a basic setup and will let use use the Fee Sheet to document charges for billing purposes,
11449,125924,"This context contains categories, which will be deleted. Do you still want to continue?",هذا السياق يحتوي علي فئات سوف يتم حذفها. هل تريد الإستمرار؟
11450,,This Conversation,
11451,,"This Custom Favorite item can only be sent to the displayed lab, the one that was chosen in the Custom Favorite Group",
11452,125925,This determines how appointments display on the calendar.,هذا يحدد طريقة عرض المواعيد على الروزنامة.
11453,125926,This determines which color schema used for appointment,هذا يحدد لون المخطط المستخدم للمواعيد
11454,,"This device is labeled as a Human Cell, Tissue or Cellular or Tissue-Based Product (HCT/P).",
11455,,This device is required to be labeled as containing natural rubber latex or dry natural rubber.,
11456,,This dialog is generated from patient problem diagnoses and the accumulated diagnoses of all past procedures.,
11457,,This Enables provider in line item in the fee sheet,
11458,125927,This Encounter,هذة الزيارة
11459,125928,"This encounter has been billed. If you need to change it, it must be re-opened.",هذة الزيارة قد تمت فوترتها. اذا أردت تغيرها فيجب إعادة فتحها.
11460,,"This encounter has been billed. To make changes, re-open it or select Add More Items.",
11461,,This encounter is locked. No new forms can be added.,
11462,,This EOB item does not meet minimum print requirements setup in Globals or there is an unknown error.,
11463,,This fax has already been sent to,
11464,,This fax has already been sent.,
11465,125929,This feature is not yet available,هذة الميزة غير متاحة
11466,,"This feature is used to add patients to a recall list, i.e those that need an appointment at a future date but the appointment has not yet been scheduled",
11467,125930,This feature is very experimental and not fully tested. Use at your own risk!,هذة الميزة تجريبية جدا و غير مكتملة الإختبار. إستخدم علي مسؤوليتك الخاصة!
11468,,This feature will allow the default POS facility code to be overridden from the encounter.,
11469,,This feature will allow the default POS facility code to be overriden from the encounter.,
11470,,This field is used to decide whether to process the message as defined in HL7 Application (level 7) Processing rules,
11471,,This form allows you to enter details of a visit or patient interaction,
11472,,This fully functional Recall Board included in the default install can be used to add patients to the recall list,
11473,,This gives you the option to delete any unwanted individual test in the group,
11474,,This has to entered once in this form,
11475,,This help file is divided into four sections,
11476,,This help file is divided into the following sections,
11477,,This ICD code can be automatically added to to Problem List by checking the P (Problem) checkbox. This selected item will show up in the Issues section under Medical problems,
11478,125931,This invoice number has been changed to ,رقم هذا الإيصال قد تم تغيره الي
11479,,This is a child of result,
11480,,This is done in Administration > Users.,
11481,,This is followed by the Edit and Add columns containing a pencil icon and a + icon,
11482,,This is helpful if visits usually do not have charges.,
11483,,This is not a valid request,
11484,,This is passed to the application along with checksum value and is unique for each USB key and thereby the user who owns it,
11485,,This is public information maintained by HHS/CMS. We cannot be responsible for the data received,
11486,,This is required for both manual lab result entry and for electronic ordering tests and receiving results,
11487,,This is required for your security as well as ours.,
11488,,This is the Beginning date for the Ledger Report.,
11489,125932,This is the chart that is to be merged into the main chart and then deleted.,هذا هو المخطط الذى سيتم دمجه فى المخطط الرئيس ثم حذفه
11490,,This is the default Beginning date for the Patient Flow Board. (only applicable if Allow Date Range in option above is Enabled),
11491,,This is the default Ending date for the Patient Flow Board. (only applicable if Allow Date Range in option above is Enabled),
11492,,This is the default left print margin for CMS 1500. It will adjust the final printed output left or right.,
11493,,This is the default left print margin for UB04. It will adjust the final printed output left or right.,
11494,,This is the default top print margin for CMS 1500. It will adjust the final printed output up or down.,
11495,,This is the default top print margin for UB04. It will adjust the final printed output up or down.,
11496,,This is the Ending date for the Patient Flow Board Date Range. (only applicable if Allow Date Range in option above is Enabled),
11497,,This is the latest of multiple result values.,
11498,125933,This is the main chart that is to receive the merged data.,هذا هو المخطط الرئيس الذى سيقبل البيانات المدمجة
11499,,This is the number of messages that will be displayed in the messages widget in the patient summary screen.,
11500,,"This is the recommended method for a non-technical user, if executed carefully will reduce configuration errors",
11501,,This is where the referrals and various other simple transactions are created,
11502,,This item does not have enough data to graph,
11503,,This item will be displayed on the page on a single line,
11504,,This key is generated by the application and is presented to the user in the form of a QR code,
11505,,This key name is already in use by you. Try again.,
11506,,This layout does not exist.,
11507,,This layout ID already exists,
11508,,This lets you manually enter the reply to the referral as structured data,
11509,,This lets you set the price level for the charges and let you charge different rates for different modes of payment.,
11510,125934,this location,هذا الموضع
11511,,This message need not necessarily be linked to a patient,
11512,,This message text is not saved automatically. Copy and save it as appropriate for the content.,
11513,,This method will however result in the data becoming non-structured and one would loose the ability to document the reply in an electronic format,
11514,,This module is being used by ,
11515,125935,This module is in test mode. The database will not be changed.,هذة الوحدة البرمجية فى طور التجربة. قاعدة البيانات لن تتغير.
11516,,This module is subscription based and needs to be enabled from Administration > Globals > Connectors > Enable NewCrop eRx Service,
11517,,"This module is well integrated with openEMR, there are however two non-subscription based alternatives, Weno and Allscripts that can be used instead",
11518,125936,This module promotes efficient entry of EOB data.,هذة الوحدة البرمجية تشجع علي الإدخال الفعال لبيانات شرح المنافع
11519,125937,This Month to Date,هذا الشهر الي اليوم
11520,,This name already exists under this parent.,
11521,,This namespace already exists in database,
11522,,This new category will be a sub-category of ,
11523,,This note goes on the bottom of every checkout receipt.,
11524,,This order was already transmitted on,
11525,125938,This page allows you to review each of the supported external dataloads that you can install and upgrade. Each section below can be expanded by clicking on the section header to review the status of the particular database of interest.,هذة الصفحة تسمح لك بمراجعة كل من البيانات الخارجية المدعومة التى يمكن تثبيتها و ترقيتها. كل قسم أدناه يمكن توسعته بالضغط علي رأس القسم لرؤية الحالة المتعلقة
11526,125939,This page deactivated for security reasons.,هذة الصفحة تم تعطيلها لأسباب أمنية
11527,,This page lets you configure the orders and results,
11528,125940,"This page will inline include the login page, so that we do not have to click relogin every time.",هذة الصفحة تحتوى علي صفحة الولوج بمحتوياتها و لذلك لا تحتاج الي الضغط علي إعادة الولوج كل مرة
11529,,This patient already has an appointment scheduled for,
11530,,This patient does not allow SMS messaging!,
11531,,This patient has already been added to the list,
11532,125941,This patient has no activity.,هذا المريض ليس لة نشاط.
11533,125942,This patient ID is already in use!,رقم هوية هذا المريض قيد الإستخدام!
11534,,This portals authentication.,
11535,125943,This product allows only one lot per warehouse.,هذا المنتج يسمح بجملة واحدة فقط لكل مستودع.
11536,125944,This protocol is not implemented,هذا البرتوكول غير مطبق
11537,,This provider will be used as the default for services not specifying a provider.,
11538,,This question is optional and not included in the final score,
11539,125945,This report currently only works for ICD9 codes.,هذا التقرير حاليا يعمل علي رموز ICD9 فقط.
11540,,This run is incomplete due to time expiration.,
11541,,This search field does not exist or is not supported,
11542,,This section allows you to create and remove groups and modify or grant access privileges to existing groups. Check the check box to display section,
11543,,This section can be customized to group the codes into various categories,
11544,,This section DOES NOT let you create new ACOs.,
11545,,This section is where the codes use to charge for the visit are selected,
11546,,This section lets you search for the needed code if it is not in the default or customized options in 'Select Code' section,
11547,,This section will allow the logged in user to view existing methods or to delete them ,
11548,,"This sets the Default Calendar View, Default is Day.",
11549,,This specifies the Printing of the Custom End of Day Report grouped Provider or allow the Printing of Totals Only,
11550,,This specifies whether to include date in Box 31.,
11551,,This specifies which revision of the form the billing module should generate,
11552,,This step will generate a file which you have to save for future use.,
11553,125946,This step will generate a file which you have to save for future use. The file cannot be generated again. Do you want to proceed?,هذة الخطوة ستولد ملفا ينبغى الحفاظ علية لإستخدامة مستقبلا. لا يمكن تكوين الملف مجددا. هل تريد الإستمرار؟
11554,,This transaction credited the following Transaction ID,
11555,,This transaction voided the following Transaction ID,
11556,125947,This user is not a member of any group,هذا المستخدم ليس عضوا في اي مجموعة
11557,125948,This user will receive notification of new incoming Direct messages,هذا المستخدم سيستلم تتنبيهات بوصول رسائل مباشرة جديدة
11558,125949,This utility is experimental.  Back up your database and documents before using it!,هذة الإداة تجريبية. أجر احتياطا لقاعدة البيانات و الوثائق قبل الإستعمال!
11559,,This utility is experimental. Back up your database and documents before using it!,
11560,125950,This visit begins new contraceptive use,هذة الزيارة تبدأ إستعمال جديد لوسيلة منع الحمل
11561,125951,"This visit will need a GCAC form, referral or procedure service.","هذة الزيارة تحتاج الي طلب GCAC, تحويل او خدمة العمليات"
11562,125952,"This was the older metric-only Vitals form, now deprecated.",هذا كان طلب الوظائف الحيوية للنظام المتري فقط و هو مهجور الان
11563,125953,This Week to Date,هذا الاسبوع لليوم
11564,,This will abandon any edits!,
11565,,This will abandon your unsaved changes. Are you sure?,
11566,125954,This will activate the CCR(Continuity of Care Record) and CCD(Continuity of Care Document) reporting.,هذا سيفعل القرير لاستمرارية سجل الرعاية و استمرارية وثيقة الرعاية
11567,,This will advance the receipt number. Please print the receipt if you have not already done so.,
11568,,This will allow printing of a custom Message on the statements.,
11569,,This will allow printing of the Patient Billing Note on the statements.,
11570,125955,This will allow selection of the debugging ('dummy') language.,هذا سيسمح بإختيار تصحيح الأخطاء للغة ('dummy')
11571,,This will allow the display of help modal on help enabled pages,
11572,,This will allow the use of the custom End of Day report and indicate which report to use.,
11573,,This will allow use of the custom Dunning Messages on the statements.,
11574,125956,"This will be a ""dry run"" with no physical data updates.",هذا سيكون تشغيل تجريبي بدون تجديد فعلي للبيانات
11575,,This will clear the data from all Anterior Segment Exam fields,
11576,,This will clear the data from all External Exam fields,
11577,,This will clear the data from all Retina Exam fields,
11578,,This will copy the selected code to the Diagnosis Codes box in the underlying Enter Details for Individual Custom Favorite Item pop-up form,
11579,125957,This will create a backup in tar format and then send it to your web browser so you can save it,هذا سيكون نسخة إحتياطية علي هيئة تار ليكون بإمكانك إرسالها لمتصفحك و بالتالي حفظها
11580,125958,"This will deactivate document the encryption and decryption features, and hide them in the UI.",هذا سيفعّل ميزات التشفير و فك التشفير للوثيقة و إخفائها فى واجهة المستخدام
11581,,This will disable the Edit button on all forms whose parent encounter is e-signed,
11582,,This will disable the Edit button on any form that is e-signed,
11583,,This will Display the Invoice Number in the Sales Report or the Patient Name and ID or Patient Name and Invoice Number.,
11584,,This will enable encryption of items that are stored on CouchDB.,
11585,,This will enable encryption of items that are stored on the drive.,
11586,,"This will enable signing an entire encounter, rather than individual forms",
11587,,This will enable signing individual forms separately,
11588,,This will enable the Ability to Exclude Selected Patient Statements from Printing.,
11589,,This will fill in the Title text-box as well as ICD10 code in the Coding text-box,
11590,125959,This will force the Billing Widget in the Patient Summary screen to always be open.,هذا سيجبر أداة الفوترة فى شاشة ملخص المريض على البقاء مفتوحة دائما
11591,,This will give the user the option to lock (separate locking and signing),
11592,,This will give you the option to set different price levels when you are manually entering CPT codes,
11593,,This will hide any e-sign logs on the patient report,
11594,,This will hide any encounter forms not E-Signed on the patient report,
11595,,This will hide empty e-sign logs on the patient report,
11596,,This will hide the Billing Widget in the Patient Summary screen,
11597,125960,"This will merge two patient charts into one.  It is useful when a patient has been duplicated by mistake.  If that happens often, fix your office procedures - do not run this routinely!",هذا سيدمج تخطيطين لنفس المريض مع بعضهما عندما تحصل أخطاء. لا تكرر إستخدام هذا و أصلح إجراءاتك
11598,125961,This will not prevent you from going to the e-Prescriptions site.,هذا لن يمنعك من الذهاب الي موقع الوصف الإلكتروني
11599,,This will permanently delete all lots of this product. Related reports will be incomplete or incorrect. Are you sure?,
11600,,This Will Print the Next Appointment on the Bottom of the Patient Ledger,
11601,,This will re-display the secret key via the QR code that can then be captured and stored on the new Smartphone via its authenticator app,
11602,,This will register a new U2F USB key,
11603,,This will reveal the Register TOTP Key section for logged in user,
11604,,This will Show Aging on the custom Statement.,
11605,,"This will turn off use of safe apostrophe, which is done by converting ' and "" to `.(it is highly recommended that this setting is turned off and that safe apostrophe's are used)",
11606,125962,This will use the custom immunizations list rather than the standard CVX immunization list.,هذا سوف يستخدم قائمة التطعيمات المفصلة حسب الطلب
11607,,This will use the custom Statement showing the description instead of the codes.,
11608,,This will use the custom Statment showing the description instead of the codes.,
11609,,Thoracic physician,
11610,125963,Thoracic spine,الفقرات الصدرية
11611,,Those with adequate privilege would be able to able to Delete the transaction,
11612,125964,Thous/CU.MM,الف لكل مم مكعب
11613,,Three Months Ago,
11614,,Three Months Ahead,
11615,,Three or four digits at back of your card,
11616,,Thrills,
11617,125965,Throat,حلق
11618,125966,Throat Cancer,سرطان الحلق
11619,125967,Throat Cancer Surgery,جراحة سرطان الحلق
11620,125968,Thrombosis/Stroke,تخثر/سكتة دماغية
11621,125969,Thu,الخميس
11622,,Thumbnail size,
11623,125970,Thurdsay,الخميس
11624,125971,Thursday,الخميس
11625,,"Thus far the tests that can be ordered were placed in the Procedure Order Tier, only one test at a time can be placed in this tier, when ordering a recognized panel of tests the entire panel of tests is grouped together as a single test e.g. Sodium, Potassium, Chloride and Carbon dioxide grouped as Electrolyte Panel. The results of the individual returned tests in the panel are recorded as Discrete Results",
11626,125972,Thyroid normal,الغدة الدرقية طبيعية
11627,125973,Thyroid Problems,مشاكل الغدة الدرقية
11628,,Th{{Thursday}},
11629,125974,TIA,نوبة اقفارية عابرة
11630,,"Tibetan Standard, Tibetan, Central",
11631,,Ticket,
11632,125975,TID,ثلاث مرات يوميا
11633,,Tier,
11634,,Tier 1 - Group - e.g. Serum Chemistry,
11635,,Tier 1 entries should be of Category Top Group,
11636,,Tier 2 - Group (will display in category column as Sub Group) - e.g. Organ/Disease Panel,
11637,,Tier 2 - Procedure Order - e.g. Serum Uric Acid,
11638,,"Tier 3 - Discrete Result - e.g. Serum Uric Acid - will hold the returned result value and Default Units, Default Range etc",
11639,,Tier 3 - Procedure Order - e.g. Electrolyte Panel,
11640,,"Tier 4 - Discrete Result - The actual test names to hold the results returned Na, K, Cl, CO2 and Default Units, Default Range etc",
11641,,Tigrinya,
11642,125976,Time,الوقت
11643,,Time Collected,
11644,125977,Time Display Format,طريقة عرض الوقت
11645,125978,Time Increment for Add (minutes 1-60),مقدار الزيادة فى الوقت (الدقائق 1-60)
11646,125979,Time selection,إختيار الوقت
11647,,"Time slot is available, saving event",
11648,125980,"Time slot is open, saving event","حيّز الوقت مفتوح, جارى حفظ الحدث"
11649,,Time Zone,
11650,,Time-To-Live for Allergies SOAP Request in seconds,
11651,,Time-To-Live for Medications SOAP Request in seconds,
11652,,Time-To-Live for NewCrop eRx Allergies SOAP Request in seconds.,
11653,,Time-To-Live for NewCrop eRx Medications SOAP Request in seconds.,
11654,125981,Timed event,حدث محدود بوقت
11655,125982,Times array (N/A),نسق الوقت (غير متوفر)
11656,125983,Timestamp and Text,ختم الوقت و النص
11657,,Timing,
11658,125984,TIN,شبكة معلومات الضرائب
11659,125985,Tinnitus,طنين
11660,,Tips,
11661,125986,Title,عنوان
11662,,Title - The value that will be displayed - Each word to begin with an uppercase letter,
11663,,Title is required,
11664,125987,Title V,عنوان V
11665,125988,TitleCols must be a number between 1 and 999,عناوين الإعمدة يجب ان تكون ارقاما ما بين 1-999
11666,125989,Titles,عناوين
11667,125990,TM'S:,الغِشاءُ الطَّبْلِيّ
11668,,"TMs/EAMs/EE, ext nose",
11669,125991,To,إلي
11670,125992,to,إلي
11671,125993,TO,إلي
11672,125994,to absolute path of file,إلي الطريق الأوحد للملف
11673,,To access it click on the Recall Board menu item in the top navigation bar or click on the Recall Board button in the Message Center,
11674,,To add a copay click the 'Add Copay' button,
11675,,"To add messages, please click here",
11676,,"To add more options to the dropdown menu go to Administration > Lists > Manage Lists and select 'Price Level' in the dropdown box and enter the types e.g: Credit Card, Cash etc.",
11677,125995,"To add notes, please click ","لإضافة ملاحظات, إضغط"
11678,125996,"To add notes, please click here","لإضافة ملاحظات, إضغط هنا"
11679,125997,To Affected Area,إلي المنطقة المتأثرة
11680,125998,to affected area,إلي المنطقة المتأثرة
11681,,To allow for each procedure line to have a separate provider you have to check the 'Support provider in line item in fee sheet' checkbox in Administration > Globals > Billing. If not checked the rendering provider in this section will be used for all claims,
11682,,To authorize the patient portal for the patient go to Dashboard > Demographics > Edit > Choices and select Yes in Allow Patient Portal drop-down box and Save,
11683,125999,To automatically open the specified form. Some sports teams use football_injury_audit here.,لفتح الطلب المعين تلقائيا. بعض فرق الرياضة تستخدم football_injury_audit هنا
11684,,To be able to link this issue to an encounter click on the button to bring up the Issues and Encounters pop-up page,
11685,126000,To Billing View,واجهة الفوترة
11686,126001,to category,الي التصنيف
11687,,To change and activate the default parameters in the Fee Sheet go to Administration > Globals > Billing,
11688,126002,To Clinical View,الي الواجهة الطبية
11689,,To configure the lab test go to Procedures > Configuration,
11690,126003,To copay,للدفع المشترك
11691,,To create a new message click on the Add New button at the bottom,
11692,,"To create another panel of tests you will repeat this process but will start by creating a Procedure Order or fruit bearing branch Tier 3, for example - Acute Hepatitis panel under the main branch or Sub Group Organ/Disease Panel (Tier 2)",
11693,,To Dashboard,
11694,,To date must be later than From date!,
11695,126004,To ded'ble,إلي المستقطعات
11696,,To delete any or all the selected ICD10 codes click again on the Diagnosis Codes box to bring up the Select Diagnosis Codes pop-up window,
11697,,To delink just click on the item to delink and it will get delinked and will no longer be highlighted,
11698,126005,To Dems,إلي المستعرضات
11699,,To disable automatic message checking go to Administration > Globals > Connectors  and set phiMail Message Check Interval to 0 (zero) ,
11700,126006,"To Disable client side SSL certificates, comment above lines in Apache configuration file and set","لتعطيل شهادات SSL التابعة للعميل, علّق باﻷسطر العلوية فى ملف تهيئة اﻷباتشى ثم فعّل"
11701,,"To Disable client side SSL certificates, comment above lines in Apache configuration file and turn off the 'Enable Client SSL' global setting in OpenEMR and restart Apache server.",
11702,126007,"To Disable HTTPS, comment the above lines in Apache configuration file and restart Apache server.","لتعطيل شهادات HTTPS, علّق باﻷسطر العلوية فى ملف تهيئة اﻷباتشى ثم أعد تشغيل الخادم"
11703,,To display the copay amount it must have been entered in the patient's insurance under Edit > Demographics,
11704,,To do so click on the black + sign at the far end on the Serum Uric Acid order line to bring up the Enter Details pop-up,
11705,,To edit an existing group (ARO) click on the icon next to the desired group. This will bring up the edit window.,
11706,,To enable any other form of connectivity will require writing new code,
11707,126008,To enable Client side ssl certificates,لتفعيل شهادات SSL التابعة للعميل
11708,126009,"To Enable Client side SSL certificates authentication, HTTPS should be enabled.","لتفعيل التأكد من شهادات SSL التابعة للعميل , HTTPS يجب أن يكون مفعّلا"
11709,,To enable help - Go to  Administration > Globals > Features > Enable Help Modal,
11710,,To enable help - Go to the User Name on top left > Settings > Features > Enable Help Modal,
11711,,To enable help - Go to the User Name on top right > Settings > Features > Enable Help Modal,
11712,126010,"To Enable only HTTPS, perform the above changes and restart Apache server. If you want to configure client side certificates also, please configure them in the next section.","لتفعيل HTTPS فقط , اجر التعديلات العلوية ثم أعد تشغيل خادم اﻷباتشى"
11713,,"To enable Patient Portal go to Administration > Portal > Enable Version 2 Onsite Patient Portal, Enable Offsite Patient Portal or Enable CMS Portal",
11714,,To encounter,
11715,126011,To Enctr,إلي الزيارة
11716,126012,To filter by sex,للفرز بالجنس
11717,,To fulfill Meaningful use requirements and help track its use you can check on the Sent Summary of Care check-box and the Sent Summary of Care Electronically check-box if appropriate,
11718,,To fully delete hit 'Save',
11719,,To get started you choose one of the two radio buttons. 'Invoice Search' or 'ERA Upload' ,
11720,,"To help explore the various components of the Report page especially if you want to use it as an instruction manual it is suggested that you reduce the size of the browser to cover half the viewport, resize the help pop-up by clicking and dragging the bottom right corner of the pop-up. Open another instance of the browser and resize it to cover the other half of the viewport, login to openEMR ",
11721,,"To help familiarize you with the various components of the Dashboard page it is suggested that you reduce the size of the browser to cover half the viewport, resize the help pop-up by clicking and dragging the bottom right corner of the pop-up. Open another instance of the browser and resize it to cover the other half of the viewport, login to openEMR",
11722,,"To help simplify implementations, commonly used templates were harmonized from existing CDA implementation guides and consolidated into a single implementation guide – the C-CDA Implementation Guide (IG) (07/2012)",
11723,126013,To History,الى التاريخ المرضي
11724,,To include the scanned documents that are a part of the patient's record select the desired records by check the relevant check-boxes,
11725,126014,To Issues,الي المشاكل
11726,,"To link the Issues to an encounter first select the issue, it will be highlighted yellow, then click on one or more encounters to link them, the selected encounters will be highlighted in purple",
11727,126015,"To link this encounter/consult to an existing issue, click the ","لربط هذة الزيارة/الإستشارة لمشكلة قائمة, إضغط ال"
11728,126016,"To link this encounter/consult to an existing issue, click the desired issue above to highlight it and then click [Save]. Hold down [Ctrl] button to select multiple issues.","لربط هذة الزيارة/الإستشارة لمشكلة قائمة, إضغط المشكلة المعنية أعلاة ثم إضعط [حفظ]. لإختار عدة مشاكل أبق زر [Ctrl] مضغوطا خلال الإختيار"
11729,,"To link this encounter/consult to an existing issue, click the desired issue above to highlight it and then click Save",
11730,126017,to login again,لإعادة الولوج
11731,,To move the groups from one column to another select one or more items from the column that you need to move them out of and press the relevant button with the double chevrons.,
11732,,"To proceed you need a USB security key, a secure HTTPS web connection and a browser that supports U2F",
11733,,"To recap, a Group called Serum Chemistry (Tier 1) was created, a direct descendant or child called Serum Uric Acid (Tier 2) was created beneath it as a Procedure Order which had a single direct descendant or child also called Serum Uric Acid (Tier 3) as a Discrete Result that will hold the result value",
11734,,To receive error notifications from the Direct Messaging service a valid Notification Email Address needs to be entered for the user named in Administration > Globals > Connectors > phiMail notification user,
11735,126018,"To record disclosures, please click",لتسجيل إفشاء المعلومات: اضغط هنا
11736,,To register you need an authenticator app installed on your Smartphone,
11737,,To Repository Location,
11738,,"To resend, delete the file from Communications and try again.",
11739,,"To resend, delete the file from Communications, reload this page and try again.",
11740,,To reveal the filters click on the eye icon,
11741,126019,to run,للتشغيل
11742,,"to search Location and Category current selections or refresh views. By selecting location and or category, all the tables in the form will reflect those selection.",
11743,,To see to all the ACOs that are available click on the eye icon.,
11744,,To select a particular code identify it in the returned results and click on it to select,
11745,,To select multiple groups hold down the 'Shift' or 'Ctrl' keys while clicking.,
11746,,"To send template or available profiles to patient(s), simply select the patient(s) from the Location select then select the templates to be sent from the repository send check box.",
11747,126020,"To setup https access with client certificate authentication, do the following","لتثبيت المدخل ل https مع التأكد من الشهادة التابعة للعميل, افعل التالي"
11748,126021,To Skin,للسلخ
11749,126022,to skin,للسلخ
11750,,To summarize,
11751,126023,to this visit?,لهذة الزيارة؟
11752,,To upload CCR document of already existing patient use Patient Summary Screen->Documents. For CCR document of a new patient use Miscellanous->New Documents screen,
11753,,To upload local text or html templates click the Upload button in Template Repository title to expose the file select button. Next select a Category from Scope bar if wanted then click files select button to show the file browser. You may select as many files to upload within reason,
11754,,"To use the help page as an instruction manual it is suggested that you reduce the size of the browser to cover half the viewport, resize the help pop-up by clicking and dragging the bottom right corner of the pop-up. Open another instance of the browser and resize it to cover the other half of the viewport, login to openEMR ",
11755,,"To use this help file as an instruction manual it is best to resize your browser to occupy half the screen, open another instance of the browser to fill the other half of the screen, login to openEMR and open the help file in this browser and resize it by clicking and dragging the bottom right corner so that it occupies the entire half screen",
11756,,"To use this help file as an instruction manual it is suggested that you reduce the size of the browser to cover half the viewport, resize the help pop-up by clicking and dragging the bottom right corner of the pop-up. Open another instance of the browser and resize it to cover the other half of the viewport, login to openEMR",
11757,126024,To:,إلي:
11758,126025,To: ,إلي:
11759,126026,TO_CITY,إلي_المدينة
11760,126027,TO_FAX,إلي_الفاكس
11761,126028,TO_FNAME,إلي_الأسم اﻷول
11762,126029,TO_LNAME,إلي_الأسم اﻷخير
11763,126030,TO_MNAME,إلي_الأسم اﻷوسط
11764,126031,TO_ORGANIZATION,إلي_المنظمة
11765,,TO_PHONE,
11766,,TO_PHONECELL,
11767,126032,TO_POSTAL,إلي_العنوان البريدي
11768,126033,TO_STATE,إلي_الولاية
11769,126034,TO_STREET,إلي_الشارع
11770,126035,TO_TITLE,إلي_العنوان
11771,126036,TO_VALEDICTORY,إلي_التوديعى
11772,126037,Tobacco,تبغ
11773,126038,Tobacco Cessation Intervention,تدّخل االتوقف عن التبغ
11774,126039,Tobacco Cessation Intervention (CQM),تدّخل االتوقف عن التبغ (CQM)
11775,126040,Tobacco use,إستعمال التبغ
11776,,Tobacco Use,
11777,126041,Tobacco Use Assessment,تقييم إستعمال التبغ
11778,126042,Tobacco Use Assessment (CQM),تقييم إستعمال التبغ (CQM)
11779,126043,Today,اليوم الحالي
11780,126044,TODAY,اليوم الحالي
11781,126045,today,اليوم الحالي
11782,126046,Today's Balance,خالص الحساب لليوم
11783,126047,Today's Charges,مديونّيات الدوم
11784,126048,Today's Date,تاريخ اليوم
11785,126049,Today's Events,أحداث اليوم
11786,,Toggle,
11787,,Toggle All,
11788,,Toggle navigation,
11789,,Toggle the Patient Panel,
11790,,Toggle the right-sided PMSFH panel,
11791,,Token,
11792,,Token DB Id,
11793,,Token details,
11794,,Token Expiration,
11795,,Token for connection to ASSE SOAP server,
11796,126050,"Token ID for the Medical Information Integration, LLC Lab Exchange Service.","رقم الهوية الرمزي لإدماج المعلومات الطبية, خدمة تبادل المعمل"
11797,126051,Token ID for the OpenEMR Support LLC Lab Exchange Service.,"رقم الهوية الرمزي لدعم البرنامج,, خدمة تبادل المعمل"
11798,,Token JTI(DB token value),
11799,,Token Status,
11800,,Token Tools,
11801,,Token Type,
11802,,Tonga (Tonga Islands),
11803,126052,Tonsillectomy,عملية إستئصال الوزتين
11804,,tonsillectomy,
11805,,Too many search results found. Displaying a limited set of patients. Narrow your search results through the filters above.,
11806,,Tooltips,
11807,126053,Top,الأعلى
11808,,Top Group,
11809,,Top Margin (mm),
11810,126054,Topic,الموضوع
11811,126055,Total,المجموع
11812,126056,total,المجموع
11813,126057,Total active actions,مجموع الأحداث النشطة
11814,126058,Total active reminders after update,مجموع التذكيرات النشطة بعد التحديث
11815,126059,Total active reminders before update,مجموع التذكيرات النشطة قبل التحديث
11816,,Total Adj,
11817,126060,Total amount due,مجموع المبلغ المستحق
11818,126061,Total Amount Paid,مجموع المبلغ المدفوع
11819,126062,Total Balance Due,إجمالي الرصيد المستحق
11820,126063,Total Charge,إجمالي التكلفة
11821,126064,Total Charges,إجمالي التكاليف
11822,,Total Charges This Visit,
11823,126065,Total Clients,مجموع العملاء
11824,,Total Co-Pay,
11825,126066,Total Cost,التكلفة الإجمالية
11826,126067,Total Distribution for following check number is not full,التوزيع الكامل لرقم الشيك التالي غير مكتمل
11827,126068,total entries,مجموع المدخلات
11828,126069,Total failed reminders sent via email,إجمالي التذكيرات فشل إرسالها عبر البريد الإلكتروني
11829,126070,Total failed reminders sent via phone,إجمالي التذكيرات فشل إرسالها عبر الهاتف
11830,126071,Total for,المجموع لل
11831,126072,Total for ,المجموع لل
11832,126073,Total for category,إجمالي التصنيف
11833,,Total GAD-7 score,
11834,126074,Total inactivated reminders,مجموع التذكيرات المعطلة
11835,,Total Minimum Amount of Statement to Allow Printing,
11836,,Total Minimum Dollar Amount of Statement to Allow Printing.(only applicable if Allow Statement Exclusions from Printing is enabled),
11837,126075,Total new reminders,مجموع التذكيرات الجديدة
11838,126076,Total number of appointments,إجمالي عدد المواعيد
11839,,Total number of Drug Screen entries,
11840,126077,Total Number of Immunizations,إجمالي عدد التطعيمات
11841,126078,Total Number of Issues,مجموع عدد المشاكل
11842,,Total number of Patient Flow Board entries,
11843,126079,Total Number of Patients,إجمالي عدد المرضى
11844,,Total of,
11845,,Total Pages,
11846,126080,Total Patient Balance,مجموع رصيد المريض
11847,,Total patients,
11848,126081,Total Patients,مجموع المرضى
11849,,Total Payments,
11850,,Total Payments This Visit,
11851,,Total pharmacies,
11852,,Total Records,
11853,,total records,
11854,126082,Total Records Found,مجموع السجلات الموجودة
11855,,Total size,
11856,126083,Total SRH & Family Planning,مجمل الصحة الجنسية و التناسلية و الخطيط العائلي
11857,126084,Total successful reminders sent via email,مجموع التذكيرات المرسلة بنجاح عبر البريد الإلكتروني
11858,126085,Total successful reminders sent via phone,مجموع التذكيرات المرسلة بنجاح عبر الهاتف
11859,,Total Time,
11860,,Total Transfers,
11861,126086,Total unchanged reminders,مجموع التذكيرات دون تغيير
11862,126087,Total unsent reminders after sending process,مجموع التذكيرات الغير مرسلة بعد عملية الإرسال
11863,126088,Total unsent reminders after update,مجموع التذكيرات الغير مرسلة بعد التحديث
11864,126089,Total unsent reminders before sending process,مجموع التذكيرات الغير مرسلة قبل عملية الإرسال
11865,126090,Total unsent reminders before update,مجموع التذكيرات الغير مرسلة قبل التحديث
11866,126091,Total updated reminders,مجموع التذكيرات المحدثة
11867,,Total Visit Charges,
11868,126092,Totals,المجاميع
11869,126093,Totals for,مجاميع لـ
11870,126094,Totals for ,مجاميع لـ
11871,,Totals Only,
11872,,TOTP,
11873,,TOTP - Cons,
11874,,TOTP - Pros,
11875,,TOTP - Time-Based One-Time Password,
11876,,TOTP Key,
11877,,TOTP Method already exists and is enabled. Try again.,
11878,,TOTP Registration,
11879,,TOTP Verification,
11880,,To{{Destination}},
11881,,to{{Destination}},
11882,,TO{{Destination}},
11883,,to{{Range}},
11884,,To{{Range}},
11885,126095,to{{range}},to{{range}}
11886,,To{{range}},
11887,,Tpn{{Tonopen abbreviation}},
11888,,TP{{tonopen}},
11889,,tr,
11890,,Track,
11891,,Track Report,
11892,,Tracks,
11893,,Tracks - if the Track Anything feature is enabled it will display a list of values that can be tracked and graphed,
11894,,Train,
11895,,Trainer,
11896,,Training,
11897,126096,Training Type,نوع التدريب
11898,,Tran,
11899,126097,Transact,أجر معاملة
11900,126098,Transaction,معاملة
11901,126099,transaction,معاملة
11902,,Transaction Cancelled,
11903,,Transaction date must not be in the future or before 2000,
11904,,Transaction Declined,
11905,,Transaction Error,
11906,,"Transaction failed, duplicate lot",
11907,126100,"Transaction failed, insufficient quantity in destination lot","فشل المعاملة, الكمية المطلوبة غير كافية لتنفيذ العملية"
11908,126101,"Transaction failed, quantity is less than zero","فشل المعاملة, الكمية المطلوبة اقل من صفر"
11909,,Transaction ID,
11910,,Transaction Id,
11911,,Transaction Not Successful,
11912,,Transaction Progress,
11913,126102,Transaction Type,نوع المعاملة
11914,126103,Transactions,معاملات
11915,126104,transactions,معاملات
11916,126105,Transactions (write optional),معاملات (الكتابة إختيارية)
11917,,Transactions (write optional) (trans),
11918,,"Transactions - lists various notes about happenings in a patient's chart with respect to billing, legal, patient request, physician request and also generates a patient referral or counter-referral",
11919,,Transactions are for events or information not necessarily tied to one specific visit or encounter,
11920,,Transactions provides a mechanism to link an activity to patient that is not encounter based,
11921,,"Transactions, e.g. referrals (write optional) (trans)",
11922,126106,Transactions/Referrals,المعاملات/الإحالات
11923,,Transdermal,
11924,126107,Transfer,تحويل
11925,126108,Transfer date,تاريخ التحويل
11926,126109,"Transfer failed, insufficient quantity in source lot","فشل التحويل,كمية غير كافية لتنفيذ العملية"
11927,126110,Transfer Summary,ملخص التحويل
11928,126111,Transfer to,تحويل الى
11929,,Transferred By,
11930,,Transferred Date,
11931,126112,Transfers,تحويلات
11932,,Transition Of Care,
11933,126113,Transition/Transfer of Care?,تحويل-تحويل الرعاية؟
11934,126114,Translate Access Control Groups,ترجم مجموعات التحكم
11935,126115,Translate Appointment Categories,ترجم تصنيفات المواعيد
11936,126116,Translate Document Categories,ترجم تصنيفات الوثيقة
11937,126117,Translate Layouts,ترجم الواجهات
11938,126118,Translate Lists,ترجم القوائم
11939,126119,Translate Patient Note Titles,ترجم عناوين ملاحظات المريض
11940,126120,translate this,ترجم هذا
11941,,Translated,
11942,126121,Translation,الترجمة
11943,126122,Translations,تراجم
11944,126123,Transmit,نقل
11945,,Transmit - securely transmit the CCD using phiMail Direct Messaging,
11946,,Transmit - securely transmit the CCR using phiMail Direct Messaging,
11947,126124,Transmit failed,فشل النقل
11948,,Transmit Order,
11949,126125,Transmit Selected Orders,نقل الطلبات المُختارة
11950,,Transmitter,
11951,,Trash,
11952,126126,Trauma,رَضّ
11953,126127,Treatment,معالجة
11954,,Treatment Completion Status,
11955,126128,Treatment Goals,اهداف المعالجة
11956,126129,Treatment Plan,خطة المعالجة
11957,126130,Treatment Planning,خُطَّةُ المُعَالَجَة‎
11958,126131,Treatment Received,تم تلقي المعالجة
11959,126132,Treatment:,المعالجة:
11960,126133,Treatment: ,المعالجة:
11961,,Tree,
11962,126134,Trend,موضة
11963,126135,"trftime($month_format, mktime(0, 0, 0, $i, 1, 2000)) );             $month_value","trftime($month_format, mktime(0, 0, 0, $i, 1, 2000)) ); $month_value"
11964,,Tribal 638 Free-standing Facility,
11965,,Tribal 638 Provider-based Facility,
11966,,Trifocal,
11967,,Trifocals,
11968,126136,Trigger point / compartment syndrome / DOMS / cramp,نقطة الزناد / مُتَلاَزِمَةُ الحَيِّزِ الأَمامِيّ / الم العضلة المتأخّر / تشنّج
11969,126137,Trimalleolar,كَسْرٌ كَعْبِيٌّ ثُلاَثِيّ‎
11970,,Tropic 2.5%,
11971,,Trouble relaxing,
11972,,True,
11973,126138,Trunk and abdomen,جِذْع‎ و بطن
11974,,Trusted Direct Email Address,
11975,,Trusted Email,
11976,,Trying,
11977,126139,Trying to create user with existing username!,إنك تحاول تكوين مستخدم بإسم موجود أصلا!
11978,,Tsonga,
11979,126140,tsp,ملعقة-وحدة قياس
11980,,Tswana,
11981,126141,TTS,جمعية نقل الأعضاء
11982,126142,Tuberculosis,مرض السل
11983,126143,Tue,الثلاثاء
11984,126144,Tues &amp; Thur,Tues &amp; Thur
11985,126145,Tuesday,الثلاثاء
11986,126146,Tumour,ورم خبيث
11987,126147,Turkish,تركي
11988,,Turkmen,
11989,,Turn off auto calculations of adjustments in EOB,
11990,,Turn Off birthday alert,
11991,,Turn on Enable Client SSL,
11992,,Turn on to show all payment history in Patient Ledger,
11993,,Turn the Tooltips on/off,
11994,,Tu{{Tuesday}},
11995,,Twi,
11996,126148,twice daily,مرتين باليوم
11997,,Two Years Ago,
11998,,Two Years Ahead,
11999,,Tx Date,
12000,126149,Tympanic Membrane,طبلة الاذن
12001,126150,Type,نوع
12002,,Type a brief message and hit Send Message ,
12003,,Type a name for the key in the text box,
12004,,"Type a name for your key, insert it into a USB port and click the Register button below",
12005,126151,Type Id or Name.3 characters minimum (including spaces).,نوع رقم الهوية او اﻷسم. 3 أحرف علي اﻷقل (بما فيها المسافة)
12006,,Type in Electrolyte Panel as the Name,
12007,,Type in the location of the directory or folder in which the created orders (HL7 messages) will be stored,
12008,,Type in the location of the directory or folder in which the returned results (HL7 messages) will be stored,
12009,,"Type in the URL of the external facility to which the order will be sent, this will be provided by the facility",
12010,,Type in the username and password provided by the facility,
12011,,Type Message...,
12012,126152,Type of columns displayed for patient search results,نوع اﻷعمدة المعروضة لكل نتائج بحث المريض
12013,126153,Type of Disclosure,نوع الإفشاء
12014,126154,Type of Events,نوع الحدث
12015,,Type of group,
12016,126155,Type of screen layout,نوعية تصميم الشاشة
12017,126156,Type or scan the patient identifier here,اكتب او امسح ضوئيا معرّف المريض هنا
12018,,Type Sodium under Name and Sodium result under description,
12019,,Type the message and click Send Message ,
12020,,Type the name of the drug in the Drug Search text-box,
12021,,Type to search and select revenue code,
12022,,Type to search.,
12023,126157,Type Your message here,اكتب رسالتك هنا
12024,126158,Types of Orders and Results,أنواع الأوامر و النتائج
12025,,T{{one letter abbreviation for Tension/Pressure}},
12026,,T{{Thursday}},
12027,,T{{Tuesday}},
12028,,U2F,
12029,,U2F - Cons,
12030,,U2F - Pros,
12031,,U2F devices are relatively costly,
12032,,U2F Key Authentication error,
12033,,U2F Key Verification,
12034,,U2F Registration,
12035,,U2F USB Device,
12036,,UAC Appl,
12037,,UAC Tot,
12038,,UB04 FORM,
12039,,UB04 FORM PDF,
12040,,UB04 left margin in points,
12041,,UB04 Margins,
12042,,UB04 Margins Left,
12043,,UB04 TEXT PDF,
12044,,UB04 top margin in points,
12045,126159,UCSMC codes provided by the University of Calgary Sports Medicine Centre,"رموز جامعة كالجري, مركز الطب الرياضي"
12046,,UDI (Unique Device Identifier),
12047,,UDI field is missing,
12048,,UDI search failed,
12049,,UDI{{Unique Device Identifier}},
12050,126160,Ukrainian,اوكراني
12051,126161,Ulcerations,تقرحات
12052,126162,Ulcerative Colitis,التهاب القولون المتقرح
12053,126163,Ulcers:,قرح:
12054,,Unable insert version information into database,
12055,,Unable to access directory,
12056,,Unable to access directory for lab npi:,
12057,,Unable to access URL,
12058,,Unable to complete transaction,
12059,126164,Unable to create,غير قادر علي الإنشاء
12060,,Unable to create patient document subdirectory,
12061,,Unable to decrypt these comments since decryption failed.,
12062,,Unable to decrypt these comments since the PHP mycrypt module is not installed.,
12063,,Unable to decrypt these comments since the PHP openssl module is not installed.,
12064,,Unable to either create credentials or send email.,
12065,,Unable to find window to build,
12066,,"Unable to find your records. Be sure to use your correct Dob, First and Last name and Email of record.",
12067,,"Unable to find your records. Be sure to use your correct Dob, First and Last name and Email of record. If you have opted out of email with none on file then leave blank.",
12068,,Unable to locate the data in this file.,
12069,126165,Unable to match this payment in ar_activity,غير قادر علي مطابقة هذةالدفعة في ar_activity
12070,,Unable to modify application config Please give write permission to,
12071,,Unable to Parse file! Verify File encoding,
12072,,Unable to save file: Use back button!,
12073,,Unable to save files. Use back button!,
12074,126166,Unapplied,غير مطبق
12075,126167,Unassigned,غير محدد
12076,126168,Unauthorized,غير مسموح له
12077,126169,Unauthorized access to ePrescription,غير مسموح له بالدخول علي الوصفة الإلكترونية
12078,126170,Unauthorized access.,غير مسموح له بالدخول
12079,126171,Unbilled,غير مفوتر
12080,126172,Unbilled Only,غير مفوتر فقط
12081,,Uncategorized,
12082,,Unchanged Entries verified,
12083,,Uncle,
12084,126173,under tongue,تحت اللسان
12085,,Underneath it will be some common drugs,
12086,,Underneath it will be some common problems,
12087,126174,Underweight,تحت مستوى الوزن الطبيعي
12088,126175,Undiagnosed,غير مشخص
12089,126176,Undistributed,غير موزع
12090,126177,UNDISTRIBUTED,غير موزع
12091,126178,Undistributed is,غير موزع
12092,,Undo,
12093,126179,Undo Checkout,الغاء التسريح
12094,,"Unexpected non-match, creating new patient for segment",
12095,126180,Unique Clients,عملاء مميزين
12096,126181,Unique human-readable identifier for this type,علامة مميزة لتقرأ بالعين لهذا النوع
12097,,Unique Installation ID,
12098,,Unique installation ID. Creates a random UUID if empty.,
12099,126182,Unique New Clients,عملاء مميزين جدد
12100,126183,Unique numeric identifier for this type,علامة رقمية مميزة لهذا النوع
12101,126184,Unique Seen Patients,مرضي مميزين تمت رؤيتهم
12102,126185,Unique Seen Patients Report,تقرير لمرضي مميزين تمت رؤيتهم
12103,126186,Unique SP,مريض وهمي مميز
12104,126187,Unit,وحدة
12105,,Unit Price in Checkout and Receipt,
12106,126188,Units,وحدات
12107,126189,units,وحدات
12108,126190,Units applicable to the result value,الوحدات قابلة للتطبيق علي وحدة الناتج
12109,126191,Units for Visit Forms,وحدات لطلبات الزيارة
12110,126192,Units must be a number,الوحدات يجب ان تكون ارقاماَ
12111,126193,Units not defined,الوحدات غير معرفة
12112,126194,Units/L,وحدات لكل ليتر
12113,126195,Unknown,غير معروف
12114,,unknown (see log),
12115,,Unknown Error,
12116,126196,Unknown if ever smoked,غير معروف اذا دخن من قبل
12117,126197,Unknown or N/A,غير معروف او غير قابل للتطبيق
12118,,Unknown Script Error: See Browser Console for Detail,
12119,,Unknown Selection,
12120,,Unknown Transaction Error Maybe Subscriber Effective or DOB Dates,
12121,126198,Unknown user id:,هوية مستخدم غير معروف:
12122,,Unknown version,
12123,,Unknown.,
12124,,Unlike a message sent in Messages the dated reminder is not a part of the medical record,
12125,,Unlike ordering a recognized panel as a single test and thus have all the component tests performed these three tests will be presented as three individual tests,
12126,,"Unlike the regular Groups that were created earlier, each Custom Favorite Group has an Identifying Code that has to be unique. As this is our custom group and not a lab recognized panel we will give it our arbitrary unique Identifying Code - CFGWWT001",
12127,,Unlike the regular Procedure Order a Diagnostic Codes box is present allowing you to enter one or more ICD10 Diagnosis Codes as default diagnoses for this order,
12128,,Unlike the regular Top Groups created thus far the Code column will have a value CFGWWT001,
12129,,Unlike TOTP where there is no communication between the application and the device having the authenticator app each time the USB key is plugged in the application communicates with the USB key via the browser,
12130,126199,unlink patient,مريض غير مرتبط
12131,126200,Unnamed insurance company,شركة تأمين غير مسماه
12132,126201,Unregistered,غير مسجل
12133,,Unregistered Modules,
12134,,Unrelated Friend,
12135,126202,Unselect All,عدم إختيار الكل
12136,,Unselect all,
12137,126203,Unselected,غير مختار
12138,126204,Unspecified,غير محدد
12139,126205,unstructured,غير مبني
12140,,Unstructured Documents - 2010,
12141,126206,UNSUPPORTED database load file,ملف تحميل غير مدعوم لقاعدة البيانات
12142,,Unsupported MDM OBX result type,
12143,126207,until,حتي
12144,,until date,
12145,,Until then you will continue to see payment details here.,
12146,126208,Untimely filing,مطالبة تأمينية متأخرة
12147,126209,Unused,غير مستخدم
12148,126210,UOR,متطلبات عماليتية طارئة
12149,126211,Up to,حتي الي
12150,,UPCOMING,
12151,126212,Upcoming Appointments,المواعيد المستقبلية
12152,126213,Upcoming Events,الأحداث المستقبلية
12153,126214,Update,تحديث
12154,126215,update,تحديث
12155,126216,Update Active,التحديث نشط
12156,,Update by,
12157,,Update Drug,
12158,126217,Update files,ملفات التحديث
12159,,Update From,
12160,126218,Update Info,معلومات التحديث
12161,,"Update information when the patient goes to another provider, to support safety, quality, and continuity of patient care",
12162,126219,Update List,قائمة التحديث
12163,,Update Lot,
12164,,Update policy number from ERA,
12165,126220,Update Provider Number,رقم مقدم التحديث
12166,126221,Update Selected Items,حدث البنود المختارة
12167,,Update Status,
12168,,Update the chart to activate the Builder.,
12169,,Update the chart to build this list,
12170,,Update the following settings in Administration->Globals->Security,
12171,126222,Update the following variables in file,حدث المتغيرات التالية بالملف
12172,126223,Update User Information,حدث معلومات المستخدم
12173,,Updated By,
12174,,Updated Definitions,
12175,,Updated Definitions List,
12176,,Updated fields will be purple.,
12177,,Updated!,
12178,,Updates Successful,
12179,,Updating Access Controls,
12180,126224,Updating demographics is not authorized.,جاري تحديث الديموجرافيا غير مصرح به
12181,126225,Updating global configuration defaults,جاري تحديث التهيئة الإفتراضية للكل
12182,126226,Updating version indicators,جاري تحديث مدلولات النسخة
12183,126227,UPGRADE,ترقية
12184,126228,Upgrade,ترقية
12185,,Upgrade ACL,
12186,126229,Upgrade Database,ترقية قاعدة البيانات
12187,,Upgrade SQL,
12188,126230,"Upgrades the OpenEMR database to include Procedures, Functions and tables needed for De-identification process",ترقية قاعدة البيانات لتشمل العمليات، الوظائف و الجداول اللازمة لعملية اخفاء الهوية
12189,126231,Upgrading will continue,الترقية ستستمر
12190,126232,UPIN,الرقم الفريد لتعريف الطبيب
12191,126233,Upload,ترفيع
12192,,Upload / Save,
12193,,Upload a Template,
12194,,Upload and Apply,
12195,,Upload and Install,
12196,126234,Upload configuration data,ترفيع ملف التهيئة
12197,126235,Upload Document,ترفيع الوثيقة
12198,126236,Upload failed!,فشل الترفيع!
12199,,Upload For,
12200,126237,Upload Image to,ترفيع الصورة الي
12201,126238,Upload import file:,ترفيع الملف المستورد:
12202,,Upload Item,
12203,,Upload Patient Education PDF to,
12204,126239,Upload processed successfully,تمت عملية الرفع بنجاح
12205,126240,Upload Report,ترفيع التقرير
12206,,Upload Template for,
12207,,Upload the xml file under the category CCR,
12208,126241,Upload this file:,ارفع هذا الملف:
12209,,Uploaded,
12210,,"Upon a successful search you are presented with a list of invoices. You may click on one of the invoice numbers to open a second window, which is the data entry page for manual posting. You may also click on a patient name if you want to enter a note that the front office staff will see when the patient checks in, and you may select invoices to appear on patient statements and print those statements.",
12211,126242,"Upon clicking an invoice number the ""manual posting window"" appears. Here you can change the due date and notes for the invoice, select the party for whom you are posting, and select the insurances for which all expected paymants have been received.  Most importantly, for each billing code for which an amount was charged, you can enter payment and adjustment information.","عند ضغط رقم الإيصال ""نافذة الإدخال اليدوي"" سوف تفتح. هنا يمكنك تغيير تاريخ الإستحقاق و الجةه المعنية. كما يمكنك تغيير الكمية المدفوعه لكل رمز"
12212,,"Upon clicking an invoice number the 'manual posting window' appears. Here you can change the due date and notes for the invoice, select the party for whom you are posting, and select the insurances for which all expected payments have been received. Most importantly, for each billing code for which an amount was charged, you can enter payment and adjustment information.",
12213,,Upon entering the page there are two buttons visible below the navigation bar,
12214,,Upon logging in to openEMR a small envelope icon is visible on the top right. It shows the number of pending messages and dated reminders,
12215,,"Upon reaching a predetermined point, either a date or value, the rule will trigger one or more events",
12216,126243,"Upon searching you are presented with a list of invoices.  You may click on one of the invoice numbers to open a second window, which is the data entry page for manual posting.  You may also click on a patient name if you want to enter a note that the front office staff will see when the patient checks in, and you may select invoices to appear on patient statements and print those statements.",عند البحث سوف تظهر لك قاءمة الإيصالات. يمكنك إختيار اي منها بالضغط عليها لتفتح نافذة الإدخال اليدوي
12217,,Upon selecting a list to edit the edit page with the list values will be displayed,
12218,,Upon successful registration you will be taken back to the Manage Multi Factor Authentication landing page,
12219,126244,Upper arm,اليد العليا
12220,,Upper Lids,
12221,,Urdu,
12222,126245,Urgency,طارئ
12223,,Urgent Care,
12224,,Urgent Care Facility,
12225,,URI,
12226,126246,Urine,بول
12227,126247,Urine Dribbling,التقاطر البولي
12228,126248,Urine Frequency,تواتر البول
12229,126249,Urine Hesitancy,التردد البولي
12230,126250,Urine Microalbumin,زلال البول
12231,126251,Urine Stream,تدفق البول
12232,126252,Urine Urgency,طارئ البول
12233,126253,URL,عنوان الانترنت
12234,,URL for NewCrop eRx Site Address.,
12235,126254,URL for OpenEMR support.,عنوان الانترنت لدعم البرنامج
12236,,URL for Phone Gateway.,
12237,126255,URL for Phone Gateway. Automated VOIP service provided by Maviq. Please visit http://signup.maviq.com for more information.,عنوان الانترنت لبوابة الهاتف. http://signup.maviq.com
12238,,URL for the WordPress site that supports the portal,
12239,,"URL of ASSE SOAP server. Must be blank if not a Uruguay site. Enter ""test"" for dummy data.",
12240,,URL to a support page.,
12241,,"URLs for NewCrop eRx Service Address, separated by a semi-colon.",
12242,,Uruguay ASSE Token,
12243,,Uruguay ASSE URL,
12244,,Uruguay SINADI statistical report.,
12245,,USA,
12246,126256,Usage,الإستخدام
12247,,Usage - is only required if you are submitting an electronic order to an external facility,
12248,126257,Usage Indicator (ISA15),مؤشر الإستخدام (ISA15)
12249,,Usage Tips,
12250,,USB based tokens are used for Universal 2nd Factor - U2F authentication and as they are connected to a computer do not need batteries,
12251,126258,Use % alone in a field to just sort on that column,إستخدم رمز % بمفرها داخل الحقل لترتيب هذا العمود فقط
12252,126259,Use 24 hour time format?,إستخدام هيئة ال 24 ساعة؟
12253,,Use a pdf template from zend module,
12254,,"Use a unique word to identify this group, it has to be a single word, if using two words link them together with an underscore or hyphen.",
12255,,Use Active Directory,
12256,,Use an html template from zend module,
12257,,Use Avery Labels,
12258,,Use Blood or Serum as Specimen Type,
12259,,Use certified EHR technology to identify patient-specific education resources and provide those resources to the patient if appropriate(New).,
12260,126260,Use certified EHR technology to identify patient-specific education resources and provide those resources to the patient if appropriate.,إستخدم تكنولوجيا معتمدة لبرامج ادارة المستشفيات للتعرف علي مصادر التثقيف الخاصة بالمريض
12261,126261,Use Charges Panel,إستخدم لائحة النفقات
12262,126262,"Use CPOE for medication orders directly entered by any licensed healthcare professional who can enter orders into the medical record per state, local and professional guidelines.",إستخدم CPOE لإدخال الأوامر الطبيه بواسطة الطبيب المرخص له من الهيئات و النقابات
12263,,Use CPOE for medication orders.,
12264,,Use CPOE for medication orders.(Alternative),
12265,,Use CPOE for procedure orders.,
12266,,Use CPOE for radiology orders.,
12267,,Use Custom Dunning Messages,
12268,,Use Custom End of Day Report,
12269,126263,Use Custom Immunization List,إستخدم قائمة تطعيم مفصلة
12270,,Use Custom Statement,
12271,126264,Use Date Range,إستخدم مجال الأيام
12272,,Use Default,
12273,126265,Use Defaults,إستخدم الإفتراضي
12274,126266,Use Delete Option to Remove.,إستخدم إختيار الإلغاء للمسح
12275,126267,Use international date style?,إستخدم تصميم الأيام العالمي؟
12276,,Use LDAP for Authentication,
12277,,Use Portal Dashboard to confirm with patient.,
12278,,Use RxCUI,
12279,,Use RxNorm,
12280,,Use servers protocol and host in urls (portal internal only).,
12281,126268,Use source filename,إستخدم إسم الملف الأصلي
12282,,Use SSL (encrypted) connection to CouchDB,
12283,,Use the fee sheet to charge for services or products. ,
12284,126269,Use the fields below for a purchase or transfer.,إستخدم الحقول ادناه للشراء او للنقل
12285,,Use the help file on that page for further help,
12286,,"Use the latest versions of the following modern browsers - Chrome, Firefox, Safari, Edge and Opera",
12287,,Use the Select User dropdown box to select the user(s) to whom the message will be sent,
12288,126270,"Use this feature only with newly installed sites, ",إستخدم هذه الميزة مع المواقع الجديدة فقط
12289,,Use this image,
12290,,Use this section to delete existing groups or Access Request Objects (AROs),
12291,126271,Use topics?,إستخدم المواضيع؟
12292,,Use Username,
12293,,Used on the login and about pages,
12294,,Used to enter information that pertains to this particular claim in order to facilitate processing and submitting this claim,
12295,126272,User,مستخدم
12296,,user,
12297,,User ,
12298,126273,User / Groups,مستخدم / مجموعة
12299,126274,User Administration,إدارة المستخدمين
12300,126275,User and Facility Administration,إدارة المستخدمين و المنشأت
12301,126276,User and Group Administration,إدارة المستخدمين و المجموعات
12302,,User Cannot be Deleted,
12303,126277,User Certificate Authentication is disabled,التأكد من توثيق شهادة المستخد معطل
12304,,User Debug Error Catch,
12305,,User Debugging Mode.,
12306,,User Debugging Options,
12307,126278,User Defined,محدد من قبل المستخدم
12308,126279,User Defined Area 11,المنطقة 11 المحددة من قبل المستخدم
12309,126280,User Defined Area 12,المنطقة 12 المحددة من قبل المستخدم
12310,126281,User Defined Field,حقل محدد من قبل المستخدم
12311,126282,User Defined List 1,قائمة 1 محددة من قبل المستخدم
12312,126283,User Defined List 2,قائمة 2 محددة من قبل المستخدم
12313,126284,User Defined List 3,قائمة 3 محددة من قبل المستخدم
12314,126285,User Defined List 4,قائمة 4 محددة من قبل المستخدم
12315,126286,User Defined List 5,قائمة 5 محددة من قبل المستخدم
12316,126287,User Defined List 6,قائمة 6 محددة من قبل المستخدم
12317,126288,User Defined List 7,قائمة 7 محددة من قبل المستخدم
12318,126289,User Defined Text 1,نص 1 محدد من قبل المستخدم
12319,126290,User Defined Text 2,نص 2 محدد من قبل المستخدم
12320,126291,User Defined Text 3,نص 3 محدد من قبل المستخدم
12321,126292,User Defined Text 4,نص 4 محدد من قبل المستخدم
12322,126293,User Defined Text 5,نص 5 محدد من قبل المستخدم
12323,126294,User Defined Text 6,نص 6 محدد من قبل المستخدم
12324,126295,User Defined Text 7,نص 7 محدد من قبل المستخدم
12325,126296,User Defined Text 8,نص 8 محدد من قبل المستخدم
12326,126297,User First name,إسم المستخدم الأول
12327,,User Id,
12328,,User ID,
12329,,User is required to have this access control for Active Alerts and Passive Alerts,
12330,126298,"User Logon (If 03 above, else leave spaces) (ISA02)","ولوج المستخدم (لو اكثر من 03, او اترك مسافات) (ISA02)"
12331,126299,User logon Required Indicator (ISA01~ use 00 or 03),مؤشر مطلوب لولوج المستخدم ( إستخدم 00 او 03 ~ISA01)
12332,126300,User Manual,دليل المستخدم
12333,,User Manual Link Override,
12334,126301,User Memberships,عضويات المستخدم
12335,126302,User Name,إسم المستخدم
12336,,User Name must be at least 12 characters!,
12337,126303,User name or Host name cannot be empty,إسم المستخدم او اسم المضيف لا يمكن ان يترك فارغاَ
12338,126304,User or Host name,إسم المستخدم او اسم المضيف
12339,,User Password,
12340,126305,"User Password (ISA04~ if 01 above, else leave spaces)","كلمة سر المستخدم (لو 01 أعلي, او اترك مسافات ~ ISA04)"
12341,126306,User password required Indicator (ISA03~ use 00 or 01),مؤشر مطلوب لكلمة سر المستخدم ( إستخدم 00 او 01 ~ISA03)
12342,126307,User Settings,ضبط خيارات المستخدم
12343,,User Signature,
12344,126308,User Specific Setting,خيارات المستخدم المحددة
12345,,User UUID,
12346,126309,User's New Password,كلمة سر المستخدمين الجديدة
12347,,user_notes,
12348,,Userlist1,
12349,,Userlist2,
12350,,Userlist3,
12351,,Userlist4,
12352,,Userlist5,
12353,,Userlist6,
12354,,Userlist7,
12355,,username,
12356,126310,Username,إسم المستخدم
12357,,Username for Phone Gateway.,
12358,126311,Username for Phone Gateway. Automated VOIP service provided by Maviq. Please visit http://signup.maviq.com for more information.,إسم المستخدم لبوابة الهاتف. http://signup.maviq.com
12359,126312,Username for SMS Gateway,إسم المستخدم للرسائل النصية القصيرة
12360,126313,Username for SMS Gateway.,إسم المستخدم للرسائل النصية القصيرة.
12361,126314,Username to connect to CouchDB,إسم المستخدم للإتصال ب CouchDB
12362,126315,Username:,إسم المستخدم:
12363,126316,Users,المستخدمين
12364,,"Users is the standard windows CN, replace the DC stuff with your domain.",
12365,,Users may leave it plugged in at all times thus negating its function in 2FA,
12366,,Users with appropriate privileges can edit these items by clicking on the Edit button,
12367,126317,Users/Groups/Logs Administration,المستخدمين/المجموعات/تسجيلات الإدارة
12368,,Users/Groups/Logs Administration (users),
12369,,Usertext1,
12370,,Usertext2,
12371,,Usertext3,
12372,,Usertext4,
12373,,Usertext5,
12374,,Usertext6,
12375,,Usertext7,
12376,,Usertext8,
12377,126318,"uses php <a href=""http://php.net/strftime"">strftime</a> format","uses php <a href=""http://php.net/strftime"">strftime</a> format"
12378,,Using 2FA,
12379,,"Using a fruit tree as an easier to visualize analogy will explain the concept of this hierarchy better, the trunk of the tree is the Group (Serum Chemistry), the fruit bearing branch is the actual order, Procedure Order (Serum Uric acid) and the fruit is the result, Discrete Result, also called (Serum Uric Acid) that will hold the value of the returned result. Just as the fruit is not borne on the main trunk you should not place a Discrete Result as a direct descendant or child of a Top Group. Similarly the fruit bearing branch (Procedure Order) cannot be placed as a direct descendant or child of a fruit (Discrete Result)",
12380,,Using technology to improve productivity,
12381,,"Using the details entered into the system openEMR will generate valid HL7 v2.3 messages in 3 formats, a text file that is automatically downloaded to the downloads folder of your browser, a HL7 message that is written to a folder or directory on the server running openEMR or use SFTP - Secure File Transfer Protocol, which is a network protocol that provides file access, file transfer, and file management over a secure connection and transfer this message to a lab",
12382,,Using the Feesheet,
12383,,"Using the main headings on the lab slip will help start this process - Organ/Disease Panels, Hematology, Individual Tests, Microbiology, Other",
12384,,Using this fruit tree analogy we can get a better understanding of the steps needed to create an order for a panel of tests,
12385,,Utilize at your own risk. Always verify data received,
12386,126319,UTIs,التهابات المجري البولي
12387,,UUID,
12388,,"Uyghur, Uighur",
12389,,Uzbek,
12390,,VABiNoc{{Binocular visual acuity}},
12391,,VABiNoc{{Binocular Visual Acuity}},
12392,126320,VACATION,إجازة
12393,126321,Vacation,إجازة
12394,126322,Vaccine,تطعيم
12395,,Vaccine funding program eligibility category,
12396,,Vaccine Type,
12397,126323,Vaginal Ring,حلقة مهبلية
12398,126324,Valedictory,وداعي
12399,,Validate,
12400,126325,validate,تأكد من صحة
12401,,Validate and Clear,
12402,,"Validate and Clear validates then sets claims status only, to billed, leaving billing process unaltered and claim submission resets to unsubmitted.",
12403,,Validate Log,
12404,,Validate Only,
12405,,Validate Only does a claim validation dry run for errors leaving claim status unaltered.,
12406,,Validating,
12407,,Validating Claim,
12408,,Validation error: Fix and resubmit.,
12409,,Validation error: Fix and resubmit. Payment values are preserved!,
12410,,Validation error: Fix and resubmit. This popup info is preserved!,
12411,,Validation mechanism for when modifying patient demographics.,
12412,,Validation rule,
12413,126326,Value,قيمة
12414,126327,Value 1,قيمة 1
12415,126328,Value 2,قيمة 2
12416,,Value if comparing,
12417,126329,Value Should be Numeric,القيمة يجب أن تكون عددية
12418,126330,Var1,المتغّير 1
12419,126331,Var2,المتغّير 2
12420,126332,variable to one to run de-identification upgrade script,متغّير الي واحد لتشغيل كود برمجة الترقية لمحو الهوية
12421,,"Variation in red color discrimination between the eyes (eg. OD=100, OS=75)",
12422,,"Variation in white (muscle) light brightness discrimination between the eyes (eg. OD=$1.00, OS=$0.75)",
12423,126333,Varicella 1,جدري الماء 1
12424,126334,Varicella 2,جدري الماء 2
12425,126335,Varicose Veins,توسع الأوردة / الدوالي الوريدية
12426,,Various text fields and drop-down boxes will be displayed,
12427,126336,Vascular condition,حالة الأوعية الدموية
12428,126337,Vascular injury,إصابة الأوعية الدموية
12429,126338,Vascular Surgery,جراحة الأوعية الدموية
12430,,Va{{Visual Acuities}},
12431,,VB{{abbreviation for Vertical Prism Base}},
12432,,VD{{abbreviation for Vertex Distance}},
12433,,Venda,
12434,126339,Vendor,مزود
12435,,Verification Status,
12436,,Verified On,
12437,,Verify,
12438,,Verify Contents to apply to,
12439,,Verify Email,
12440,,Verify your email for patient portal registration,
12441,126340,Version,إصدار
12442,,Version 1 Onsite Patient Portal Site Address,
12443,,Version 2 Onsite Patient Portal Site Address,
12444,,Version 2.x is widely used in the healthcare industry and openEMR uses HL7 version 2.3 ,
12445,,Version Number,
12446,,Version/Model Number,
12447,,Vert Base{{abbreviation for Vertical Prism Base}},
12448,,Vert Distance{{abbreviation for Vertex Distance}},
12449,,Vert Fissure{{vertical fissure height}},
12450,,Vert Fissure{{vertical fissure}},
12451,,Vert Fusional Amps,
12452,,Vert Prism{{abbreviation for Vertical Prism Power}},
12453,,Vertex Distance,
12454,,Vertical Fissure: central height between lid margins,
12455,,Vertical Fusional,
12456,,Vertical Menu Style,
12457,,Vertical Menu Style for frame based layouts,
12458,,Vertical Menu Style for Frames,
12459,,Vertical Prism Base,
12460,,Vertical Prism Power,
12461,126341,Vertigo,دوار
12462,,Very difficult,
12463,,Very secure,
12464,,Vessels,
12465,126342,Veteran`s Administration,ادارة المحاربين القدامى
12466,126343,Veterans Administration Plan,خطة ادارة المحاربين القدامى
12467,126344,VFC,لقاحات للأطفال
12468,,Vfc,
12469,,VFC eligible- American Indian/Alaskan Native,
12470,,VFC eligible- Uninsured,
12471,,VFC eligible-Federally Qualified Health Center Patient (under-insured),
12472,,VFC eligible-Medicaid/Medicaid Managed Care,
12473,,VF{{vertical fissure}},
12474,,via,
12475,,via{{shipped by/supplier}},
12476,126345,Vietnamese,فيتنامي
12477,126346,View,عرض
12478,126347,view,عرض
12479,,view - can only read but not add or modify,
12480,126348,View Allergies,عرض أمراض الحساسية
12481,126349,View an x12-835 ERA file,عرض ملف x12-835 ERA
12482,126350,View Batch Claim x12 text,عرض جملة المطالبات x12 النصي
12483,,View Blank Referral Form,
12484,,View CCD,
12485,,View CCDA,
12486,126351,View Comprehensive Patient Report,عرض تقرير المريض الشامل
12487,126352,View CSV tables,عرض جداول CSV
12488,,View details,
12489,126353,View document,عرض المستند
12490,,View EDI x12 file,
12491,126354,View encounter,عرض المراجعة
12492,126355,View ERA x12 text,عرض نص ERA x12
12493,126356,View events in a popup window?,عرض الأحداث في نافذة منبثقة؟
12494,126357,View Facility Specific User Information,اعرض معلومات مستخدم منشأة مخصوص
12495,,View Four Panel,
12496,126358,View local x12 file,عرض ملف X12 الداخلي
12497,126359,View Log,عرض السجل
12498,,View Messages,
12499,,View mode - only administrator can edit another administrator user,
12500,126360,View Page 1,عرض الصفحة ١
12501,126361,View Page 2,عرض الصفحة ٢
12502,126362,View Past and Future Reminders,عرض رسائل التذكير الماضية والمستقبلية
12503,,View Past Encounter,
12504,,View Past Encounters,
12505,126363,View Patient,عرض المريض
12506,,View Plan Rules,
12507,,View Printable,
12508,,View Printable Report,
12509,,View Printable Version,
12510,126364,View related encounters,عرض المراجعات ذات العلاقة
12511,126365,View Report,عرض التقرير
12512,126366,View the README file,عرض الملف التمهيدي
12513,,View the Summary Report sent to,
12514,,View the Summary Report sent to Fax Server.,
12515,,View the Summary Report sent via Fax Server on,
12516,,"View, Download, Transmit (VDT)  (Measure B)",
12517,,"View, Download, Transmit (VDT) (Measure A)",
12518,,View/Add/Update groups,
12519,,View/Add/Update groups (gadd),
12520,,View/Create/Update groups appointment in calendar,
12521,,View/Create/Update groups appointment in calendar (gcalendar),
12522,,View/Edit,
12523,126367,View/Edit Allergies,عرض / تعديل أمراض الحساسية
12524,126368,View/edit issue,عرض / تعديل المشكلة
12525,126369,View/Print,عرض / طباعة
12526,,View/Print Blank Referral Form,
12527,,View/Print Blank Referral Form - that can be filled by hand,
12528,126370,View:,عرض:
12529,126371,VISA,بطاقة فيزا التأمينية
12530,126372,VISA/MC/AMEX/Dis,البطاقات التأمينية: فيزا/ماستر كارد/اميركان اكسبرس/ديسكفري
12531,,VISA/MC/Discovery/HSA,
12532,126373,Visceral damage/trauma/surgery,الأحشاء: ضرر/إِصَابَة/جراحة
12533,,VisForm,
12534,,Vision,
12535,,Visit,
12536,,Visit Attributes,
12537,,Visit Categories,
12538,,Visit Category,
12539,126374,Visit Category:,تصنيف الزيارة
12540,126375,Visit Date,تاريخ الزيارة
12541,126376,Visit date,تاريخ الزيارة
12542,,Visit Details,
12543,,Visit Form Attributes,
12544,,Visit form ID must start with LBF. Transaction form ID must start with LBT.,
12545,126377,Visit Forms,استمارات الزيارة
12546,,Visit Forum,
12547,126378,Visit History,تاريخ الزيارة
12548,,Visit Patient Home Page,
12549,,Visit Provider Home Page,
12550,,Visit Reason,
12551,,Visit Status,
12552,,Visit Summary,
12553,,Visit Test Server,
12554,,Visit Type,
12555,,Visited Patients,
12556,126379,Visits,الزيارات
12557,,Visits by Item Report,
12558,126380,Visits From,استمارة الزيارة
12559,,Visual Acuities,
12560,,Visual Acuity,
12561,,Visual Fields,
12562,,Visualize this as not making a fruit hang off another fruit. Instead it should hang off the fruit bearing branch,
12563,126381,Vital Signs,العلامات الحيوية
12564,126382,Vitals,العلامات الحيوية
12565,126383,Vitals (Metric),العلامات الحيوية (النظام المتري)
12566,126384,Vitals Form Options,خيارات استمارة العلامات الحيوية
12567,,Vitreous,
12568,126385,Voice,الصوت
12569,,Voice Messages,
12570,126386,Voice Sent,تم إرسال الصوت
12571,,Voice your opinion,
12572,,Void,
12573,,Void All Checkouts,
12574,,Void All Checkouts and Re-Open,
12575,,Void Charge,
12576,,Void Checkout and Re-Open,
12577,,Void Dialog,
12578,,Void Last Checkout,
12579,,Void Notes,
12580,,Void Reason,
12581,,Void/Credit,
12582,,Volapuk,
12583,,Volapük,
12584,126387,Vomiting,التقيؤ
12585,,Voucher Number,
12586,,VP{{abbreviation for Vertical Prism Power}},
12587,,V{{One letter abbrevation for Vision}},
12588,126388,W,و
12589,,W Rx{{Acuity with correction}},
12590,,W2W{{white-to-white}},
12591,126389,Waist Circ,محيط الخصر
12592,126390,Waist Circumference,محيط الخصر
12593,126391,Waiting,في الانتظار
12594,126392,Walk-In,مراجع بدون موعد
12595,,Walk-in Retail Health Clinic,
12596,,Walloon,
12597,126393,Walt Pennington,والت بنينجتون
12598,,Ward of court,
12599,126394,Warehouse,المستودعات
12600,,Warehouse changed,
12601,,Warehouse Details,
12602,126395,"Warehouse maximum, 0 if not applicable","المستودع الحد الأعلى, ٠ إذا كان غير قابل للتطبيق"
12603,126396,"Warehouse minimum, 0 if not applicable","المستودع الحد الأدنى, ٠ إذا كان غير قابل للتطبيق"
12604,126397,Warehouses,المستودعات
12605,126398,Warm,دافئ
12606,,Warn and prevent web browser refresh,
12607,,"Warn, but do not prevent web browser refresh",
12608,126399,Warning,التحذير
12609,126400,WARNING,التحذير
12610,,WARNING - FOLLOWING ACTIVE MEDICATIONS ARE ALLERGIES,
12611,126401,"Warning, Check Number already exist in the database",تحذير: الرقم موجود سابقاً
12612,126402,"Warning, patient has ambiguous codes in the problems list!",تحذير: المريض لديه رموز غامضة في قائمة المشاكل!
12613,126403,Warning: A visit was already created for this patient today!,تحذير: تم انشاء زيارة لهذا المريض اليوم!
12614,,Warning: Contraception for a patient under 10 or over 50.,
12615,,Warning: Contraception for a patient under 10 or over 65.,
12616,,Warning: Contraceptive method is not compatible with a male patient.,
12617,126404,"WARNING: If you are using the 2012-10-31 Spanish version, then note you need to unzip it once before placing it in the contrib/snomed (this is because the released file was ""double-zipped"").","تحذير: إذا كنت تستخدم 2012-10-31 النسخة الاسبانية، لاحظ أنك تحتاج إلى فك الضغط لمرة واحدة قبل وضعه في contrib / SNOMED (هذا لأن الملف المصدر كان  "" مضغوط مرتين "")."
12618,,Warning: Most lots should have an expiration date. Continue anyway?,
12619,,Warning: Navigation error. Please refresh this page.,
12620,126405,Warning: Patient ID is not unique!,تحذير: هوية المريض غير مخصصة
12621,,Warning: Source and target facilities differ. Continue anyway?,
12622,,Warning: There is no product matching the contraceptive service.,
12623,,Warning: There is no service matching the contraceptive product.,
12624,126406,WARNING: This will overwrite configuration information with data from the uploaded file!,تحذير
12625,,WARNINGS,
12626,126407,Warnings,تحذيرات
12627,,WARNINGS and Alerts/Reminders,
12628,126408,was already uploaded,تم التحميل تلقائيا
12629,126409,was not found,لا يوجد
12630,126410,We appreciate prompt payment of balances due,نُقدر لكم الدفع الفوري للديون المستحقة
12631,,We appreciate prompt payment of balances due.,
12632,,We are going to create the test that can be ordered called Serum Uric Acid,
12633,,We are sorry you are having troubles with your account.,
12634,126411,we have seen your above patient for evaluation and treatment at our outpatient psychiatry clinic. Thank you for this referral.,رأينا مريضكم المذكور أعلاه لتلقي الكشف والعلاج في عيادة الطب النفسي عياداتنا الخارجية. شكرا لكم على هذه الإحالة.
12635,,We ran into some problems connecting your EHR to the MedEx servers,
12636,,We received a credentials reset request. The link to reset your credentials is below.,
12637,,We received a patient registration email verification request from this email address at,
12638,,We received a patient registration email verification request. The link to verify your email is below.,
12639,,We were unable to create an account.,
12640,,We will be basing the Electrolyte panel off the main trunk or Group (Serum Chemistry),
12641,,"We will be creating an order for three tests Blood Glucose, TSH and Vitamin D and group it in a custom group called Well Woman Tests and create a place to manually enter the returned results",
12642,,We will go through the process of setting up the order for a single blood test - Serum Uric Acid,
12643,,"We will now create the order, or Procedure Order, called Electrolyte Panel that can be visualized as the fruit bearing branch in our hypothetical fruit tree",
12644,,"We will set up the order for the Electrolyte panel that consists of Serum Sodium, Potassium, Chloride and Carbon Dioxide",
12645,,"We will start with the most basic unit of the Procedure Orders module, to set up a single lab test order and the ability to manually record the returned result",
12646,,We will use a Discrete Result for each test to hold the returned result values,
12647,,"We will use this branch to hold all the 9 panels, here we will be just creating the order representing one panel, the Electrolyte Panel",
12648,126412,Weakness,الضعف
12649,,Wear RX,
12650,,Web based methods,
12651,,Web based methods use Authentication-as-a-service and deliver OTP without need for tokens,
12652,,Web Reference,
12653,126413,Web Search,بحث عن طريق الويب
12654,,Web Service,
12655,126414,Website,موقع
12656,126415,Website link for the Onsite Patient Portal.,وصلة الأنترنت لبوابة المريض على الموقع
12657,,Website link for the Patient Portal.,
12658,,Website link for the Version 1 Onsite Patient Portal.,
12659,,Website link for the Version 2 Onsite Patient Portal.,
12660,126416,Wed,الأربعاء
12661,126417,Wednesday,الأربعاء
12662,126418,Week,أسبوع
12663,126419,week,أسبوع
12664,126420,Week View,حسب الإسبوع
12665,126421,Week(s),الإسبوع
12666,126422,Weekly Exposures,التعرض الإسبوعي
12667,126423,weeks,أسابيع
12668,126424,Weeks,أسابيع
12669,126425,Weight,الوزن
12670,126426,Weight Assessment and Counseling for Children and Adolescents,تقييم الوزن لدى الأطفال و المراهقين
12671,126427,Weight Assessment and Counseling for Children and Adolescents (CQM),تقييم الوزن لدى الأطفال و المراهقين
12672,126428,Weight Change,تغير الوزن
12673,126429,Weight Loss,خسارة الوزن
12674,126430,Weight loss clinic,عيادة خسارة الوزن
12675,126431,Welcome,أهلاً وسهلاً
12676,,Welcome to OpenEMR,
12677,,Welsh,
12678,,Weno Account Clinic ID information missing,
12679,,Weno Account ID information missing,
12680,,Weno Admin,
12681,,Weno Encryption Key,
12682,,Weno eRx,
12683,,Weno eRx Account Id,
12684,,Weno eRx Account Pass,
12685,,Weno eRx Clinic ID,
12686,,Weno ID,
12687,,Weno Provider Account Password,
12688,,Weno Provider ID,
12689,,Weno Sample Code,
12690,,Weno Service is Enabled,
12691,,Western Frisian,
12692,,We{{Wednesday}},
12693,,"What constitutes the order and what is its electronic format, how is it sent, how is the result received, if the system will only receive results or send orders and receive results, what labs you will be connecting to and what needs to happen at the other end, whether or not a third party will be involved in this transaction",
12694,126432,What is to be counted?,ما هو الشيئ الذى تريد عده؟
12695,,What kind of sorting will be in the drop lists.,
12696,126433,Wheezes:,الوزيز:
12697,126434,Wheezing,الوزيز
12698,126435,Wheezing:,الوزيز:
12699,,"When a new user is created, access control is granted by the administrator or by a user with similar privileges by selecting which groups (AROs) a user can belong to.",
12700,,When and how often?,
12701,,"When Checked, Demographics Will Open in New Window from Patient Flow Board.",
12702,,"When Checked, Last Staff to Update Board Will Show in Patient Flow Board.",
12703,,"When checked, messages are processed for patients with Patient Demographic Choice: ""Hipaa Notice Received"" set to ""Unassigned"" or ""Yes"". When unchecked, this choice must = ""YES"" to process the patient reminder. For patients with Choice =""No"", Reminders will need to be processed manually.",
12704,,"When Checked, Patient Encounter Number Will Show in Patient Flow Board.",
12705,,"When Checked, Patient ID Will Show in Patient Flow Board.",
12706,,"When Checked, Visit Reason Will Show in Patient Flow Board.",
12707,,When dealing with protected health information (PHI) and personally identifying information (PII) it is important to allow only authorized users access to the data,
12708,,"When done, click Submit (below) to apply your choices.",
12709,,"When such an order is placed the returned results will contains the values for all components of CBC, Comprehensive Metabolic Panel and TSH",
12710,,When the generated report is displayed in a separate tab there is an option that lets you view a Printable Version that can be printed,
12711,,"When the key is first registered it generates a random number, which is called a nonce",
12712,,When the user initially visits this page the following message will be visible,
12713,,When to follow up,
12714,,When you are ready to run phiMail in production mode. Turn on this flag.,
12715,,"When you place an order you can search for Well Woman Tests under favorites and select it to automatically order Blood Glucose, TSH and Vitamin D with a single click",
12716,126436,Where may related scanned or paper documents be found?,أين يمكن إيجاد الأوراق المنسوخة؟
12717,,Where on your body does it occur?,
12718,126437,Whether Insured,هل من تأمين؟
12719,,which days are your weekend days?,
12720,,Which notes are to be displayed in the Billing Screen,
12721,,"While forwarding a dated reminder the old message is displayed, it can be overwritten",
12722,,While it is intuitive to think of this module as the place where lab tests and imaging studies can be ordered and reviewed this module can also be used to track other procedures performed in office,
12723,,While lab tests and radiological tests can be performed in the practice facility they are generally done at an external facility and the provider details for that entity will have to be entered in openEMR before the Procedure module setup can begin,
12724,126438,Whiplash,أذية العنق
12725,126439,White,أبيض
12726,,White list,
12727,,White-to-white,
12728,126440,Who,من
12729,126441,Who replied?,من قام بالرد؟
12730,,Whose Online,
12731,126442,Widowed,أرملة
12732,126443,Width,العرض
12733,,Width in pixels of the left navigation frame in frame based layout.,
12734,126444,Width in pixels of the left navigation frame.,العرض بالبكسل لإطار الإبحار الأيسر.
12735,,Will add another dropdown menu in the CPT line to let you select a provider for that line item,
12736,,will be hidden if,
12737,,will have the following validation rules,
12738,,With checked items plot,
12739,,with import,
12740,,with preferred language,
12741,,With selected,
12742,126445,With selected:,مع المختار:
12743,126446,with the old name,مع الاسم القديم
12744,,"With the U2F key you will need to plug it in to the USB port and then access OpenEMR using the latest versions of the following modern browsers - Chrome, Firefox, Safari, Edge and Opera and pressing the button on the device",
12745,,with value,
12746,126447,With whom may we leave a message?,مع أي شخص تريد ترك رسالة ؟
12747,126448,Withheld,مُعلق!
12748,126449,within hours,خلال ساعات
12749,126450,within hours:,خلال ساعات
12750,126451,within minutes,خلال دقائق
12751,126452,within minutes:,خلال دقائق
12752,126453,Without Facility,بدون منشأة
12753,126454,Without Provider,بدون مزود
12754,126455,Without Update,من غير تحديث
12755,126456,Witness,شاهد
12756,126457,wk,إسبوع
12757,126458,WNL,ضمن الحدود الطبيعية
12758,,Wolof,
12759,126459,Women,نساء
12760,126460,Women Only,نساء فقط
12761,,WordPress Portal,
12762,126461,Work,عمل
12763,126462,WORK NOTE,ملاحظة عمل
12764,126463,Work Phone,رقم العمل
12765,126464,Work Phone Number,رقم العمل
12766,126465,Work related?,متعلق بالعمل؟
12767,126466,Work/ Education/ Hobbies,العمل/التعليم /الهوايات
12768,126467,Work/School Note,إشْعار للعمل/المدرسة
12769,126468,workday,يوم عمل
12770,126469,Worker`s Compensation,تعويض العامل
12771,126470,Workers Compensation Health Plan,خطة صحية لعويض العمال
12772,,Working,
12773,126471,Working Aged Beneficiary or Spouse with Employer Group Health Plan,مستفيد في سن العمل او زوجة لموظف بخطة صحية جماعية
12774,,Working on request.,
12775,,Working!,
12776,126472,Working... this may take a minute.,جاري العمل...قد يأخذ هذا وقتا
12777,,Worrying,
12778,,Worrying too much about different things,
12779,126473,Worse,أسوأ
12780,126474,Would you like the balance amount to apply to Global Account?,هل تريد ان تطبق متبقى المبلغ للحساب العالمي؟
12781,126475,Would You Like them to be Marked as Cleared.,هل تريد ان تصنفهم كخالص؟
12782,126476,Would you like to Allocate?,هل تريد التخصيص ؟
12783,126477,Would you like to Cancel Distribution for this Patient?,هل تريد مسح التوزيع لهذا المريض ؟
12784,126478,Would you like to Delete Payment Distribution?,هل تريد مسح توزيع الدفع ؟
12785,126479,Would you like to Delete Payments?,هل تريد مسح الدفع ؟
12786,126480,Would you like to Modify and Finish Payments?,هل تريد ارسال وإنهاء الدفع؟
12787,126481,Would you like to Modify Payments?,هل تريد تعديل الدفع؟
12788,126482,Would you like to Post and Finish Payments?,هل تريد ارسال وإنهاء الدفع؟
12789,126483,Would you like to Post Payments?,هل تريد ارسال دفعة ؟
12790,126484,Would you like to save?,هل تريد الحفظ؟
12791,126485,Wrist,الرسغ
12792,126486,Wrist and hand,الرسغ و اليد
12793,126487,Wrist Problems,مشاكل الرسغ
12794,126488,write,اكتب
12795,,write - can read and fully modify,
12796,126489,write off,امسح
12797,,Write Once,
12798,,wsome,
12799,,wsome - can read and partially modify,
12800,,WSXGA+,
12801,126490,WT,وزن
12802,,W{{Current Rx - wearing}},
12803,,W{{Wednesday}},
12804,126491,x Canceled,x ملغي
12805,126492,x Cancelled,x ملغي
12806,,X(T){{intermittent exophoria}},
12807,,X-12 Generated Successfully,
12808,,X-12 Partner,
12809,126493,X-ray,الاشعة السينية
12810,126494,X-RAY Interpretation:,تفسير الاشعة السينية:
12811,126495,X-Ray Interpretation:,تفسير الاشعة السينية:
12812,,X12 only ICN resubmission No.,
12813,,X12 only replacement claim:,
12814,,X12 only: Replacement Claim,
12815,126496,X12 only: Replacement Claim ,X12 فقط: مطالبة بديلة
12816,,"X12 only: Replacement Claim, X12 only ICN resubmission No is used for electronic resubmission of claims. Requirement varies by insurer",
12817,,X12 OPTIONS,
12818,126497,X12 Partner,X12 شريك
12819,126498,X12 Partners,X12 شركاء
12820,,x12 Segments,
12821,126499,x12 Text,X12 إمتحان
12822,,Xhosa,
12823,,XHR Failed:,
12824,,XML,
12825,,XT{{exotropia}},
12826,,X{{exophoria}},
12827,126500,Y,ي
12828,126501,year,سنة
12829,126502,Year,سنة
12830,126503,Year View,مشاهدة السنة
12831,126504,Year(s),سنوات
12832,126505,Years,سنوات
12833,,years ago,
12834,126506,Years or months,سنوات أو شهور
12835,126507,"Years, months and days",سنوات . شهور و أيام
12836,126508,Yes,نعم
12837,126509,YES,نعم
12838,126510,yes,نعم
12839,126511,YES!,نعم!
12840,126512,"Yes, Delete and Log",نعم، إحذف وسجّل
12841,,"Yes, Delete this form",
12842,126513,Yes/No,نعم / لا
12843,126514,Yes:,نعم:
12844,126515,Yiddish,اليديشية
12845,,Yoruba,
12846,,You are about to delete a template,
12847,,You are about to delete template,
12848,,You are about to delete the following form from this encounter,
12849,126516,You are about to permanently replace the existing template. Are you sure you wish to continue?,أنت على وشك استبدال قالب موجود نهائيا. هل أنت متأكد أنك تريد المتابعة؟
12850,,You are currently logged in as,
12851,,You are currently not signed in.,
12852,126517,You are in Grace Login period. Change your password before,أنت الآن في فترة دخول مسموحة. قم بتغيير كلمة السر قبل
12853,126518,You are not allowed to delete this event,غير مسموح لك بالمسح
12854,126519,You are not allowed to edit this event,غير مسموح لك بالتعديل
12855,126520,You are not authorized for this.,لا يحق لك هذا.
12856,,You are not authorized to access this squad,
12857,126521,You are not authorized to access this squad.,غير مصرح لك بالوصول إلى هذه المجموعة.
12858,126522,You are not authorized to add/edit issues,غير مصرح لك لإضافة / تحرير المشاكل
12859,126523,You are not authorized to schedule appointments.,غير مصرح لك بجدولة المواعيد.
12860,126524,You are not authorized to see this encounter.,لا يحق لك أن تطلع على هذه المراجعة.
12861,,You are not authorized!,
12862,126525,You are posting against an old encounter?,أنت تقوم بالإضافة ضد مراجعة قديمة؟
12863,,You are sending to yourself!,
12864,,You are using patient validation module,
12865,,You can add multiple patients to the list,
12866,,You can add multiple users by selecting them one at a time,
12867,,You can also add an Issue from this page by clicking on the Add Issue button to bring up the Add issue pop-up page,
12868,,You can change the type or leave it as it is,
12869,,You can click on the envelope icon to access the messaging center,
12870,,You can click on the patient name to quickly access the patient's chart,
12871,,You can click on the Select All button to choose all authorized users,
12872,,You can close the edit box by clicking on the 'slashed eye' icon next to the group's name.,
12873,,You can delete the recall by clicking on the X button on the top right corner of the cell,
12874,,You can download the Loinc Universal LabOrders ValueSet.csv file from here,
12875,,You can edit the title if you so choose,
12876,,You can enter data into all 5 categories from this page,
12877,,You can link the allergy to one or more encounters if appropriate,
12878,,You can link the medication to one or more encounters if appropriate,
12879,126526,You can not access this function directly.,لا يمكن الوصول لهذه الخدمة مباشرة
12880,,You can not change status to 'Arrive' before the appointment's time,
12881,,You can only add to the existing message and cannot edit previously entered data,
12882,,You can only place an order for Electrolyte Panel and have the entire panel tested and have their results returned,
12883,,You can only select,
12884,,You can search for and select the codes by clicking once on each line containing the code,
12885,,You can sort the pending messages in ascending or descending order by clicking on the arrowhead in each cell of the table header,
12886,,You can then proceed to link the newly added issue to encounters,
12887,,You can upload content and label them by ICD10 code enable you to search and download the selected material,
12888,,You can use LOINC codes for the Standard Codes,
12889,,"You can use the above method to create orders for the rest of the Organ/Disease Panels except for the General Health Panel that consists of CBC, Comprehensive Metabolic Panel and TSH and the Obstetric Panel that has CBC as one of its components",
12890,,You can use the codes given on the paper lab slip of a local lab of major lab as the Identifying codes,
12891,126527,You cannot access this page directly.,لا يمكن الوصول لهذه الصفحة مباشرة
12892,126528,You cannot add a blank value for a category!,لا يمكنك إضافة قيمة فارغة لفئة!
12893,126529,You cannot add a blank value for a subcategory!,لا يمكنك إضافة قيمة فارغة لفئة فرعية!
12894,126530,You cannot add a blank value for an item!,لا يمكنك إضافة قيمة فارغة لعنصر!
12895,,"You cannot edit the already chosen lab, if sending to different lab delete entry and create a new one",
12896,126531,You cannot enter a future date with a completed value of YES.,لا يمكنك إدخال تاريخ في المستقبل ذا قيمة منجزة من نعم.
12897,,You could manually edit this date should you choose to or an entirely different date,
12898,126532,You did not choose any actions.,لم تختر أي إجراءات
12899,126533,You do not have access to view/edit this note,ليس لديك إمكانية الوصول إلى عرض / تعديل هذه المذكرة
12900,,You have,
12901,,"You have an invoice due for payment in your Patient Documents. There you may pay, download or print the invoice. Thank you.",
12902,126534,"You have attempted to alter content which is locked. Remove the lock if you want to do this. To unlock, remove the line, '/*lock::*/'",لقد حاولت تغيير المحتوى المغلق.  قم بإزالة القفل إذا كنت ترغب في القيام بهذا.  للفتح، قم بإزالة السطر، '/*lock::*/'
12903,,You have been signed out. Thank you.,
12904,126535,You have been successfully logged out.,تم الدخول بنجاح
12905,,You have chosen to be self insured or currently do not have insurance. Click next to continue registration.,
12906,,You have finished the assessment.,
12907,,You have not entered any clinical services or products. Click Cancel to add them. Or click OK if you want to save as-is.,
12908,,You have now successfully completed an order for a single lab test,
12909,,You have selected to delete,
12910,,You have to have an understanding how the program is structured and the ability and willingness to modify the underlying code.,
12911,,You have unsaved changes.,
12912,,You have unsaved changes. Abandon them?,
12913,,You have unsaved changes. Do you really want to close this form?,
12914,,You may be required to change your password during first login.,
12915,126536,You may only upload .txt files,تستطيع تحميل ملفات من نوع .txt فقط
12916,126537,You may optionally upload HL7 results from a file,تستطيع تحميل بشكل اختياري نتائج HL7 من ملف
12917,126538,You may put text here as the default complaint in the New Patient Encounter form.,يمكنك وضع نص هنا كشكوى افتراضية في نموذج مراجعة مريض جديد.
12918,,You may send Message with Image or Video,
12919,,"You may still use formatting if template is also used in Nation Notes however, pure text will still render here.",
12920,,You may type in a name of the person referring or leave blank,
12921,,You may want to try returning to the the previous page and verifying that all fields have been filled out correctly.,
12922,,"You must activate Weno first! Go to Administration, Globals, Connectors",
12923,,You must add a patient to the list before hitting ok,
12924,,You must agree to the HIPAA Business Associate Agreement,
12925,,You must agree to the Terms & Conditions before signing up,
12926,,You must confirm this Username.,
12927,,You must enter a new or reenter current password to keep it. Even for Username change.,
12928,126539,You must enter a pass phrase to encrypt the document,يجب عليك إدخال عبارة مرور لتشفير المستند
12929,,You must enter a reason to cancel this appointment?,
12930,126540,You must enter your own password to change user passwords. Leave blank to keep password unchanged.,يجب عليك إدخال كلمة المرور الخاصة بك لتغيير كلمات السر للمستخدم. اتركه فارغا لإبقاء كلمة السر بدون تغيير.
12931,,You must first select an item in the section whose radio button is checked.,
12932,,You must first select or add a patient or therapy group.,
12933,126541,You must first select or add a patient.,يجب عليك أولا اختيار أو إضافة مريض.
12934,126542,You must first select or create an encounter.,يجب عليك أولا اختيار أو إنشاء مراجعة.
12935,,You must provide a patient name or id to add to the list,
12936,126543,You must select a visit category,يجب عليك اختيار فئة الزيارة.
12937,126544,You must select a visit category.,يجب عليك اختيار فئة الزيارة
12938,126545,You must select some fields to continue.,يجب عليك اختيار بعض الحقول للاستمرار
12939,,You need administrator privileges to add more options,
12940,,You need administrator privileges to disable the default Recall Board,
12941,,You need administrator privileges to enable the MedEx Communication Service,
12942,,You need administrator privileges to give access to other groups,
12943,,You need administrator privileges to increase the number of reminders to show,
12944,,You need administrator privileges to perform the changes to the values in the drop-down boxes.,
12945,,You need administrator privileges to perform the setup,
12946,,You need administrator privileges to perform this action,
12947,,You need to go back and and create a provider,
12948,126546,"You should be running this test if this claim appeared to generate successfully but the actual claim file does not contain any data or only an unfinished portion of the amount of data it is supposed to contain. It is obvious with HCFA claims because they are human readable, with X12 claims it is a more difficult process to determine if the claim is properly complete.",عليك أن تجري هذا الاختبار إذا ظهر أن هذه المطالبة أنشأت بنجاح ولكن لا يحتوي ملف المطالبة الفعلية على أية بيانات أو مجرد جزء غير مكتمل من كمية البيانات التي من المفترض أن تحتوي عليها. فإنه من الواضح مع مطالبات HCFA لأنها قابل للقراءة البشرية، مع مطالبات X12 ستكون العملية أكثر صعوبة لتحديد ما إذا كانت المطالبة كاملة بشكل صحيح.
12949,,"You should not make Discrete Result for Potassium be a descendant of a preceding Discrete Result i.e Sodium , i.e have a Tier value of 5",
12950,126547,You should select at least one context,يجب عليك تحديد سياق واحد على الأقل
12951,126548,You should select at least one Provider,يجب عليك اختيار موزع واحد على الاقل
12952,,You will be automatically redirected to Demographics. You may make the necessary corrections and navigate to NewCrop again.,
12953,,You will be notified when the payment transaction is confirmed.,
12954,,You will be notified when your payment is applied for this invoice.,
12955,,You will need Administrator privileges to edit this form,
12956,,You will need Administrator privileges to enable the patient portal,
12957,,You will need Administrator Privileges to install the ICD10 code set,
12958,,You will need Administrator privileges to setup phiMail Direct Messaging,
12959,,You will need Administrator privileges to setup the NewCrop service and has to be setup in conjunction with technical support from the NewCrop eRx service,
12960,,"Your account has been successfully created however, we were unable to send the account information.",
12961,,Your browser does not support HTML5 audio,
12962,126549,Your Clinical Report,تقريرك الطبّي
12963,,Your credentials are provided by your provider,
12964,,Your current log on session will expire in 30 seconds.,
12965,,Your current TOTP key QR code is displayed below.,
12966,,Your Document History,
12967,,your email address,
12968,,Your email has been verified. Click Next.,
12969,,Your email verification link has expired. Reset and try again.,
12970,126550,Your end date is invalid,تاريخ اخر يوم غير صحيح
12971,126551,Your event has been deleted.,تم مسح الحدث
12972,126552,Your event has been modified.,تم تعديل الحدث
12973,126553,Your event has been submitted.,تم ادخال الحدث
12974,,Your file doesn't have an extension,
12975,126554,Your file is too large,الملف كبير جدا
12976,,Your first day of the week.,
12977,,Your Id is missing. Cancel and try again.,
12978,,Your installation of OpenEMR has been registered,
12979,,Your JWKS is invalid,
12980,,Your Lab Results,
12981,126555,Your list name has been changed to meet naming requirements.,تم تغيير اسم القائمة الخاصة بك لتلبية متطلبات التسمية.
12982,126556,Your message was submitted for delivery to,قدمت رسالتك لتسليمها إلى
12983,126557,"Your name for this category, procedure or result",اسمك لهذه الفئة إجراءات أو نتيجة
12984,,Your new credentials have been sent. Check your email inbox and also possibly your spam folder. Once you log into your patient portal feel free to make an appointment or send us a secure message. We look forward to seeing you soon.,
12985,,your next appointment at,
12986,,Your on file email address,
12987,,Your one time credential reset link has expired. Reset and try again.,
12988,126558,Your Password,كلمة السر الخاصة بك
12989,126559,Your Password Expired. Please change your password.,انتهاء مدة صلاحية كلمة السر الخاصة بك. الرجاء تغيير كلمة السر.
12990,126560,Your Password Expires on,كلمة السر الخاصة بك تنتهي في
12991,,Your password expires today. Please change your password now.,
12992,126561,Your Password Expires today. Please change your password.,انتهاء مدة صلاحية كلمة السر الخاصة بك اليوم. الرجاء تغيير كلمة السر.
12993,,Your password is your signature,
12994,,Your Portal Login Web Address. Bookmark for future logins.,
12995,126562,Your PostCalendar configuration has been reset to use defaults.,وقد تم إعادة ضبط اعدادات PostCalendar الخاصة بك لاستخدام الإعدادات الافتراضية.
12996,126563,Your PostCalendar configuration has been updated.,تم تحديث اعدادات PostCalendar الخاص بك.
12997,126564,Your repeating frequency must be an integer.,عدد مرات التكرار يجب ان تكون عدد صحيح
12998,126565,Your repeating frequency must be at least 1.,عدد مرات التكرار يجب ان تكون ١ على الاقل
12999,,Your safe key is,
13000,126566,Your start date is greater than your end date,تاريخ اول يوم أكبر من تاريخ أخر يوم
13001,126567,Your start date is invalid,تاريخ اول يوم غير صحيح
13002,126568,Your submission failed.,فشل الإدخال
13003,,Your weekend days,
13004,,Yubikey also sells more expensive U2F keys designed to work with mobile devices,
13005,126569,yyyy-mm-dd,سنة/شهر/يوم
13006,126570,YYYY-MM-DD,سنة/شهر/يوم
13007,126571,yyyy-mm-dd date associated with this document,نظام الأيام لهذة الوثيقة سنة/شهر/يوم
13008,126572,yyyy-mm-dd date destroyed,تم اتلاف نظام الأيام سنة/شهر/يوم
13009,126573,yyyy-mm-dd date of birth,تاريخ الوﻻدة سنة/شهر/يوم
13010,126574,yyyy-mm-dd Date of Birth,تاريخ الوﻻدة سنة/شهر/يوم
13011,126575,yyyy-mm-dd date of expiration,تاريخ الوفاة سنة/شهر/يوم
13012,126576,yyyy-mm-dd Date of onset or hospitalization,تاريخ البدء او إدخال المستشفي سنة/شهر/يوم
13013,126577,"yyyy-mm-dd date of onset, surgery or start of medication","تاريخ البدء, الجراحة او بدء المعالجة سنة/شهر/يوم"
13014,126578,yyyy-mm-dd date of purchase or transfer,تاريخ الشراء او التحويل سنة/شهر/يوم
13015,126579,yyyy-mm-dd date of recovery or end of medication,تاريخ التعافي او نهاية المعالجة سنة/شهر/يوم
13016,126580,yyyy-mm-dd Date of return to play,تاريخ الرجوع ل اللعب سنة/شهر/يوم
13017,126581,yyyy-mm-dd Date of service,تاريخ الخدمة سنة/شهر/يوم
13018,126582,yyyy-mm-dd date of this letter,تاريخ هذة الرسالة سنة/شهر/يوم
13019,126583,yyyy-mm-dd date returned to play,تاريخ الرجوع ل اللعب سنة/شهر/يوم
13020,126584,yyyy-mm-dd document date,تاريخ هذة الوثيقة سنة/شهر/يوم
13021,,yyyy-mm-dd End Date,
13022,126585,yyyy-mm-dd event date or starting date,تاريخ هذا الحدث او البدء سنة/شهر/يوم
13023,126586,yyyy-mm-dd H:m End Date,تاريخ النهاية سنة/شهر/يوم ساعه/دقيقة
13024,126587,yyyy-mm-dd H:m End date,تاريخ النهاية سنة/شهر/يوم ساعه/دقيقة
13025,126588,yyyy-mm-dd H:m Start Date,تاريخ البداية سنة/شهر/يوم ساعه/دقيقة
13026,126589,yyyy-mm-dd H:m Start date,تاريخ البداية سنة/شهر/يوم ساعه/دقيقة
13027,126590,yyyy-mm-dd hh:mm:ss,سنة/شهر/يوم ساعه/دقيقة/ثانية
13028,126591,yyyy-mm-dd Hours(24):minutes,سنة/شهر/يوم ساعه(24):دقيقة
13029,126592,yyyy-mm-dd last date of this event,آخر موعد لهذا الحدث سنة/شهر/يوم
13030,,yyyy-mm-dd Start Date,
13031,,yyyy-mm-dd starting date for search,
13032,,ZEF segment internal error,
13033,,Zend Module,
13034,,Zend Module check in addition to standard check,
13035,126593,Zero,صفر
13036,,Zero length attachment,
13037,,Zero Stock Days,
13038,,"Zhuang, Chuang",
13039,126594,Zip,البريد
13040,126595,Zip Code,الرمز البريدي
13041,,ZIP Code,
13042,,Zip Code Missing,
13043,126596,Zip/Country:,الرمز البريدي/الدولة
13044,,Zoom,
13045,,Zoom in,
13046,,Zoom out,
13047,,"Zoom: click-drag, Pan: shift-click-drag, Restore: double-click",
13048,126597,Zulu,زولو
13049,126598, but was ,لكن كان
13050,126599, could not be accessed.,لا يمكن الوصول
13051,126600, Do you really want to delete,هل تريد المسح
13052,126601, Drug,الدواء
13053,126602, emails not sent,لم يتم ارسال البريد الالكتروني
13054,126603, from,من
13055,126604, has been created. ,قد تم الانشاء
13056,126605, has been re-opened.,قد تم اعادة فتح
13057,126606, History,تاريخ
13058,126607, is not a number,ليس رقم
13059,126608, is ready for re-billing.,جاهز لاعادة الفوترة
13060,126609, LLL:,LLL:
13061,126610, Lot,كثير
13062,126611, Medicaid Original Reference No. ,رقم مرجع النسخة الأ صلية للميديكيد (Medicaid)
13063,126612, min,الأدنى
13064,126613, not found!,لا يوجد
13065,126614," Pecularities in many browsers may mean that the output below enters your screen in sudden jerks and that there are long pauses of several seconds where it  appears as though things may have crashed. That is not the case, you will eventually see output coming out line by line. There may be sequential numbers appearing  below, this is to indicate that even though nothing else may be displaying there is activity going on. These numbers will be interspersed with the content of the  billing and that is normal.","النتائج الغير متوقعة في العديد من المتصفحات قد تعني أن المخرجات قد تظهر على الشاشة بشكل مفاجئة وأن هناك فترات توقف طويلة من عدة ثوان حيث يبدو وكأن الأمور قد تعطلت.لكن ليس هذا هو الحال، سوف ترى في نهاية المطاف خرج البيانات سطرا سطرا. قد يكون هناك أرقام متسلسلة تظهر أدناه، وهذه إشارة إلى أنه على الرغم من عدم ظهور أي شيء, يوجد نشاط قائم حاليا. وستتخلل هذه الأرقام مع محتوى الفواتير وهذا أمر طبيعي."
13066,126615, prescription has reached its limit of,الوصف قد وصلت لحدود ال
13067,126616, until ,حتى
13068,126617," update failed, not in database?","فشل التحديث, غير موجود في قاعدة البيانات؟"
13069,126618, was marked as billed only.,تم تحديدها كرسوم
13070,126619, was queued successfully.,تم الوضع في قائمة الانتظار بنجاح.
13071,126620,! Left w/o visit,تُرك بدون زيارة!
13072,126621,""" for code ",""" للترميز"
13073,126622,""" is CHECKED in PostCalendar Settings!","""محددا في إعدادات PostCalendar!"
13074,126623,# Ins/fin issue,# مسألة تأمينية/مالية
13075,126624,# of tablets:,# من الحبوب:
13076,126625,$,$
13077,126626,$ Coding done,$ تم الترميز
13078,126627,$label (yyyy-mm-dd): ,$ تسمية سنة/شهر/يوم:
13079,126628,%,%
13080,126629,% Canceled < 24h,٪ ملغاة < 24 ساعة
13081,126630,% Cancelled <  24h ,٪ ملغاة < 24 ساعة
13082,126631,' should exist but does not.,كان يجب أن تكون موجودة ولكنها ليست كذلك.
13083,126632,"(% matches any string, _ matches any character)",(% تطابق أي سلسلة، _ تطابق أي حرف)
13084,126633,([ctrl] + click to select multiple recipients),([ctrl] + انقر لتحديد عدة مستلمين)
13085,126634,(Back),(رجوع)
13086,126635,(Click to edit),(انقر للتعديل)
13087,126636,"(Email delivery is immediate, while automated VOIP is sent to the service provider for further processing.)","(ارسال بريد إلكتروني عاجل, في حين يتم ارسال VOIP آلي إلى مزود الخدمة لمزيد من المعالجة)"
13088,126637,(More),(أكثر)
13089,126638,(New Patient),(مريض جديد)
13090,126639,(Notes and Authorizations),(الملاحظات والصلاحيات)
13091,126640,(Patient Notes),(ملاحظات المريض)
13092,126641,"(Select one of these, or type your own title)","(اختر واحده من هذه, أو اكتب عنوان خاص بك)"
13093,126642,(Shift-)Click or drag to change value,(مفتاح Shift) انقر أو اسحب لتغيير القيمة
13094,126643,* Reminder done,*تم التذكير
13095,126644,** Please move surgeries to Issues!,** يرجى نقل الجراحات إلى المشاكل!
13096,126645,*Required,*مطلوب
13097,126646,+ Chart pulled,الرسم البياني انسحب +
13098,,+1,
13099,,+2,
13100,,+3,
13101,126647,- None,- لا شيء
13102,,- Not Reported,
13103,126648,-- All --,-- الكل --
13104,126649,--Select Role--,--تحديد المهمة--
13105,126650,.,.
13106,126651,0,0
13107,126652,0-10,0-10
13108,126653,0-24,0-24
13109,,02/12{{CMS 1500 format date revision setting in globals}},
13110,,08/05{{CMS 1500 format date revision setting in globals}},
13111,126654,1,1
13112,126655,1 = North America. See http://www.wtng.info/ for a list of other country codes.,1=امريكا الشمالية. انظر http://www.wtng.info/ لقائمة رموز باقي الدول
13113,126656,1 Day From Now,يوم واحد من الان
13114,126657,1 Month From Now,شهر واحد من الان
13115,126658,1 Week From Now,اسبوع واحد من الان
13116,126659,1 Year From Now,سنة واحدة من الان
13117,126660,"1.Rest 2. Ice for two days 3. Compression, leave the dressing in place unless the foot develops numbness or pale color 4. Elevate the foot and leg",1.راحة 2.ثلج لمدة يومين 3. ضغط، وترك خلع الملابس ما لم تتخدر القدم أو لون شاحب 4.رفع القدم والساق
13118,126661,11-14,11-14
13119,126662,12 hr,12 ساعة
13120,126663,15-19,15-19
13121,,1mm,
13122,,1st,
13123,,1st{{nth}},
13124,126664,2,2
13125,126665,2 Days From Now,يومين من الان
13126,126666,2 Months From Now,شهرين من الان
13127,126667,2 Weeks From Now,أسبوعين من الان
13128,126668,2 Years From Now,سنتين من الان
13129,126669,2-20 years,2-20 سنه
13130,126670,20-24,20-24
13131,,2011 Automated Measure Calculations (AMC),
13132,,2011 Clinical Quality Measures (CQM),
13133,,2011 Official Clinical Quality Measures (CQM) Measure Groups,
13134,,2014 Automated Measure Calculations (AMC),
13135,,2014 Automated Measure Calculations (AMC) - Stage I,
13136,,2014 Automated Measure Calculations (AMC) - Stage II,
13137,,2014 Clinical Quality Measures (CQM),
13138,,2014 Official Clinical Quality Measures (CQM) Measure Groups,
13139,126671,2111-13,2111-13
13140,126672,24 hr,24 ساعة
13141,126673,25+,25+
13142,126674,25-29,25-29
13143,,271 Returned,
13144,,2mm,
13145,126675,2nd,الثاني
13146,,2nd{{every}},
13147,,2nd{{nth}},
13148,126676,3 Days From Now,٣ أيام من الان
13149,126677,3 months,٣ أشهر
13150,126678,3 Months From Now,٣ أشهر من الان
13151,126679,3 times daily,٣ مرات يوميا
13152,126680,3 Weeks From Now,٣ أسابيع من الان
13153,126681,30-34,30-34
13154,126682,35-39,35-39
13155,,3mm,
13156,126683,3rd,الثالث
13157,,3rd{{every}},
13158,,3rd{{nth}},
13159,126684,4 Days From Now,٤ أيام من الان
13160,126685,4 months,٤ أشهر
13161,126686,4 Months From Now,٤ أشهر من الان
13162,126687,4 times daily,٤ مرات يوميا
13163,126688,4 Weeks From Now,٤ أسابيع من الان
13164,126689,40-44,40-44
13165,126690,45+,45+
13166,126691,"465.9, URI","465.9,عدوى الجهاز التنفسى العلوي"
13167,126692,"466.0, Bronchitis, Acute NOS","466.0, التهاب الشعب الهوائية الحاد"
13168,126693,"486.0, Pneumonia, Acute","486.0, إلتهاب رئوي حاد"
13169,126694,"491.21, COPD Exacerbation","491.21, الدَّاءُ الرِّئَوِيُّ المُسِدُّ المُزْمِن - تفاقم"
13170,126695,"491.8, Bronchitis, Chronic","491.8, إلتهاب رئوي مزمن"
13171,126696,"493.92, Asthma, Acute Exac.","493.92, ربو - تفاقم حاد"
13172,126697,"496.0, COPD","496.0, الدَّاءُ الرِّئَوِيُّ المُسِدُّ المُزْمِن"
13173,,4K UHD,
13174,,4mm,
13175,126698,4th,الرابع
13176,,4th{{every}},
13177,,4th{{nth}},
13178,126699,5 Days From Now,5 أيام من الان
13179,126700,5 Months From Now,5 أشهر من الان
13180,126701,5 Weeks From Now,5 أسابيع من الان
13181,126702,"519.7, Bronchospasm","519.7, تَشَنُّجٌ قَصَبِيّ"
13182,,5mm,
13183,126703,5th,الخامس
13184,,5th{{every}},
13185,126704,6 Days From Now,6 أيام من الان
13186,126705,6 months,6 أشهر
13187,126706,6 Months From Now,6 أشهر من الان
13188,126707,6 Weeks From Now,6 أسابيع من الان
13189,126708,6th,السادس
13190,,6th{{every}},
13191,126709,7 Months From Now,7 أشهر من الان
13192,126710,8 Months From Now,8 أشهر من الان
13193,,"8-12 characters long, including at least one upper case letter, one lower case letter, one number, one special character and no common strings",
13194,126711,"824.0 Fracture, medial malleolus, closed","824.0, كسر, الكَعْبُ الإِنْسِيّ, مغلق"
13195,126712,"824.2 Fracture, lateral malleolus, closed","824.2, كسر, الكَعْبُ الوَحْشِيّ , مغلق"
13196,126713,"824.6 Fracture, Trimalleolar, closed","824.6, كسر,كَعْبِيٌّ ثُلاَثِيّ , مغلق"
13197,126714,"825.32 Fracture, of Navicular (ankle)","825.32, كسر, زورقي كعبي"
13198,126715,"825.35 Fracture, Base of fifth (5th) Metatarsal","825.35, كسر, قاعدة عظمة مشط القدم الخامسة"
13199,126716,845.00 ankle sprain NOS,"845.00, التواء الكاحل"
13200,126717,845.01 Sprain Medial (Deltoid) Lig.,"845.01, التواء رباط الدَّالِيَّة"
13201,126718,"845.02 Sprain, Calcaneal fibular","845.02, التواء العَقِبِيّ الشَظَوِيّ"
13202,126719,9 Months From Now,9 أشهر من الان
13203,126720,99212 Established - Uncomplicated,99212 أنشأت - بدون صعوبات
13204,126721,99213 Established - Low Complexity,99213 أنشأت - بقليل من الصعوبة
13205,126722,< In exam room,< في غرفة الاختبارات
13206,,< Not Reported,
13207,,= Took Place,
13208,,> 3 HPI elements,
13209,126723,> Checked out,> خروج
13210,,> Did Not Take Place,
13211,126724,?,؟
13212,,? Did Not Attend,
13213,126725,? No show,؟ عدم حضور
13214,126726,@ Arrived,@ وصل
13215,,@ Attended,
13216,126727,[Change View],[تغيير طريقة العرض]
13217,126728,[Date of Last Encounter],[تاريخ أخر مراجعة]
13218,126729,[Days Since Last Encounter],[يوم منذ أخر مراجعة]
13219,126730,[EOBs],[EOBs]
13220,126731,[Export OFX],[تصدير OFX]
13221,126732,[not recommended],[غير موصى به]
13222,126733,[Number Of Encounters],[عدد المراجعات]
13223,126734,[Reports],[التقارير]
13224,126735,[Select All],[تحديد الكل]
13225,126736,[SQL-Ledger],[SQL-Ledger]
13226,126737,[Start Batch Processing],[بدء معالجة الحزمة]
13227,126738,[View Log],[عرض السجل]
13228,126739,[View Printable Report],[عرض تقرير قابل للطباعة]
13229,,^ Pending,
13230,126740,_PC_DUR_HOURS,_مدة تشغيل_الكمبيوتر_بالساعات
13231,126741,_PC_DUR_MINUTES,_مدة تشغيل_الكمبيوتر_بالدقائق
13232,126742,_PC_LOCALE,_منطقة_الكمبيوتر
13233,126743,~ Arrived late,~ وصول متأخر
13234,,~ Late Arrival,
